path	behavior family	same-relative-path peers	same-name candidates	exact-byte peers
app/f/drawing-set/[...missing]/page.tsx	route:[...missing]	app/f/minimal/[...missing]/page.tsx; app/f/press/[...missing]/page.tsx; app/f/surface/[...missing]/page.tsx; app/f/survey/[...missing]/page.tsx; app/f/timetable/[...missing]/page.tsx	app/f/drawing-set/about/page.tsx; app/f/drawing-set/ask/[slug]/page.tsx; app/f/drawing-set/ask/page.tsx; app/f/drawing-set/ask/page/[page]/page.tsx; app/f/drawing-set/changelog/page.tsx; app/f/drawing-set/lab/[slug]/page.tsx; app/f/drawing-set/lab/page.tsx; app/f/drawing-set/now/page.tsx; app/f/drawing-set/owner/page.tsx; app/f/drawing-set/page.tsx; app/f/drawing-set/projects/[slug]/page.tsx; app/f/drawing-set/projects/page.tsx; app/f/drawing-set/resume/page.tsx; app/f/drawing-set/work/page.tsx; app/f/minimal/[...missing]/page.tsx; app/f/minimal/about/page.tsx; app/f/minimal/ask/[slug]/page.tsx; app/f/minimal/ask/page.tsx; app/f/minimal/ask/page/[page]/page.tsx; app/f/minimal/changelog/page.tsx; app/f/minimal/lab/[slug]/page.tsx; app/f/minimal/lab/page.tsx; app/f/minimal/now/page.tsx; app/f/minimal/owner/page.tsx; app/f/minimal/page.tsx; app/f/minimal/projects/[slug]/page.tsx; app/f/minimal/projects/page.tsx; app/f/minimal/resume/page.tsx; app/f/minimal/work/page.tsx; app/f/press/[...missing]/page.tsx; app/f/press/about/page.tsx; app/f/press/ask/[slug]/page.tsx; app/f/press/ask/page.tsx; app/f/press/ask/page/[page]/page.tsx; app/f/press/changelog/page.tsx; app/f/press/lab/[slug]/page.tsx; app/f/press/lab/page.tsx; app/f/press/now/page.tsx; app/f/press/owner/page.tsx; app/f/press/page.tsx; app/f/press/projects/[slug]/page.tsx; app/f/press/projects/page.tsx; app/f/press/resume/page.tsx; app/f/press/work/page.tsx; app/f/surface/[...missing]/page.tsx; app/f/surface/about/page.tsx; app/f/surface/ask/[slug]/page.tsx; app/f/surface/ask/page.tsx; app/f/surface/ask/page/[page]/page.tsx; app/f/surface/changelog/page.tsx; app/f/surface/lab/[slug]/page.tsx; app/f/surface/lab/page.tsx; app/f/surface/now/page.tsx; app/f/surface/owner/page.tsx; app/f/surface/page.tsx; app/f/surface/projects/[slug]/page.tsx; app/f/surface/projects/page.tsx; app/f/surface/resume/page.tsx; app/f/surface/work/page.tsx; app/f/survey/[...missing]/page.tsx; app/f/survey/about/page.tsx; app/f/survey/ask/[slug]/page.tsx; app/f/survey/ask/page.tsx; app/f/survey/ask/page/[page]/page.tsx; app/f/survey/changelog/page.tsx; app/f/survey/lab/[slug]/page.tsx; app/f/survey/lab/page.tsx; app/f/survey/now/page.tsx; app/f/survey/owner/page.tsx; app/f/survey/page.tsx; app/f/survey/projects/[slug]/page.tsx; app/f/survey/projects/page.tsx; app/f/survey/resume/page.tsx; app/f/survey/work/page.tsx; app/f/timetable/[...missing]/page.tsx; app/f/timetable/about/page.tsx; app/f/timetable/ask/[slug]/page.tsx; app/f/timetable/ask/page.tsx; app/f/timetable/ask/page/[page]/page.tsx; app/f/timetable/changelog/page.tsx; app/f/timetable/lab/[slug]/page.tsx; app/f/timetable/lab/page.tsx; app/f/timetable/now/page.tsx; app/f/timetable/owner/page.tsx; app/f/timetable/page.tsx; app/f/timetable/projects/[slug]/page.tsx; app/f/timetable/projects/page.tsx; app/f/timetable/resume/page.tsx; app/f/timetable/work/page.tsx; flavors/drawing-set/components/site/page.tsx; flavors/press/components/site/page.tsx; flavors/surface/components/site/page.tsx; flavors/survey/components/site/page.tsx; flavors/timetable/components/site/page.tsx	app/f/minimal/[...missing]/page.tsx; app/f/press/[...missing]/page.tsx; app/f/surface/[...missing]/page.tsx; app/f/survey/[...missing]/page.tsx; app/f/timetable/[...missing]/page.tsx
app/f/drawing-set/about/page.tsx	route:about	app/f/minimal/about/page.tsx; app/f/press/about/page.tsx; app/f/surface/about/page.tsx; app/f/survey/about/page.tsx; app/f/timetable/about/page.tsx	app/f/drawing-set/[...missing]/page.tsx; app/f/drawing-set/ask/[slug]/page.tsx; app/f/drawing-set/ask/page.tsx; app/f/drawing-set/ask/page/[page]/page.tsx; app/f/drawing-set/changelog/page.tsx; app/f/drawing-set/lab/[slug]/page.tsx; app/f/drawing-set/lab/page.tsx; app/f/drawing-set/now/page.tsx; app/f/drawing-set/owner/page.tsx; app/f/drawing-set/page.tsx; app/f/drawing-set/projects/[slug]/page.tsx; app/f/drawing-set/projects/page.tsx; app/f/drawing-set/resume/page.tsx; app/f/drawing-set/work/page.tsx; app/f/minimal/[...missing]/page.tsx; app/f/minimal/about/page.tsx; app/f/minimal/ask/[slug]/page.tsx; app/f/minimal/ask/page.tsx; app/f/minimal/ask/page/[page]/page.tsx; app/f/minimal/changelog/page.tsx; app/f/minimal/lab/[slug]/page.tsx; app/f/minimal/lab/page.tsx; app/f/minimal/now/page.tsx; app/f/minimal/owner/page.tsx; app/f/minimal/page.tsx; app/f/minimal/projects/[slug]/page.tsx; app/f/minimal/projects/page.tsx; app/f/minimal/resume/page.tsx; app/f/minimal/work/page.tsx; app/f/press/[...missing]/page.tsx; app/f/press/about/page.tsx; app/f/press/ask/[slug]/page.tsx; app/f/press/ask/page.tsx; app/f/press/ask/page/[page]/page.tsx; app/f/press/changelog/page.tsx; app/f/press/lab/[slug]/page.tsx; app/f/press/lab/page.tsx; app/f/press/now/page.tsx; app/f/press/owner/page.tsx; app/f/press/page.tsx; app/f/press/projects/[slug]/page.tsx; app/f/press/projects/page.tsx; app/f/press/resume/page.tsx; app/f/press/work/page.tsx; app/f/surface/[...missing]/page.tsx; app/f/surface/about/page.tsx; app/f/surface/ask/[slug]/page.tsx; app/f/surface/ask/page.tsx; app/f/surface/ask/page/[page]/page.tsx; app/f/surface/changelog/page.tsx; app/f/surface/lab/[slug]/page.tsx; app/f/surface/lab/page.tsx; app/f/surface/now/page.tsx; app/f/surface/owner/page.tsx; app/f/surface/page.tsx; app/f/surface/projects/[slug]/page.tsx; app/f/surface/projects/page.tsx; app/f/surface/resume/page.tsx; app/f/surface/work/page.tsx; app/f/survey/[...missing]/page.tsx; app/f/survey/about/page.tsx; app/f/survey/ask/[slug]/page.tsx; app/f/survey/ask/page.tsx; app/f/survey/ask/page/[page]/page.tsx; app/f/survey/changelog/page.tsx; app/f/survey/lab/[slug]/page.tsx; app/f/survey/lab/page.tsx; app/f/survey/now/page.tsx; app/f/survey/owner/page.tsx; app/f/survey/page.tsx; app/f/survey/projects/[slug]/page.tsx; app/f/survey/projects/page.tsx; app/f/survey/resume/page.tsx; app/f/survey/work/page.tsx; app/f/timetable/[...missing]/page.tsx; app/f/timetable/about/page.tsx; app/f/timetable/ask/[slug]/page.tsx; app/f/timetable/ask/page.tsx; app/f/timetable/ask/page/[page]/page.tsx; app/f/timetable/changelog/page.tsx; app/f/timetable/lab/[slug]/page.tsx; app/f/timetable/lab/page.tsx; app/f/timetable/now/page.tsx; app/f/timetable/owner/page.tsx; app/f/timetable/page.tsx; app/f/timetable/projects/[slug]/page.tsx; app/f/timetable/projects/page.tsx; app/f/timetable/resume/page.tsx; app/f/timetable/work/page.tsx; flavors/drawing-set/components/site/page.tsx; flavors/press/components/site/page.tsx; flavors/surface/components/site/page.tsx; flavors/survey/components/site/page.tsx; flavors/timetable/components/site/page.tsx	
app/f/drawing-set/ask/[slug]/opengraph-image.tsx	route:ask/[slug]/opengraph-image	app/f/minimal/ask/[slug]/opengraph-image.tsx; app/f/press/ask/[slug]/opengraph-image.tsx; app/f/surface/ask/[slug]/opengraph-image.tsx; app/f/survey/ask/[slug]/opengraph-image.tsx; app/f/timetable/ask/[slug]/opengraph-image.tsx	app/f/drawing-set/ask/opengraph-image.tsx; app/f/minimal/ask/[slug]/opengraph-image.tsx; app/f/minimal/ask/opengraph-image.tsx; app/f/press/ask/[slug]/opengraph-image.tsx; app/f/press/ask/opengraph-image.tsx; app/f/surface/ask/[slug]/opengraph-image.tsx; app/f/surface/ask/opengraph-image.tsx; app/f/survey/ask/[slug]/opengraph-image.tsx; app/f/survey/ask/opengraph-image.tsx; app/f/timetable/ask/[slug]/opengraph-image.tsx; app/f/timetable/ask/opengraph-image.tsx	app/f/minimal/ask/[slug]/opengraph-image.tsx; app/f/press/ask/[slug]/opengraph-image.tsx; app/f/surface/ask/[slug]/opengraph-image.tsx; app/f/survey/ask/[slug]/opengraph-image.tsx; app/f/timetable/ask/[slug]/opengraph-image.tsx
app/f/drawing-set/ask/[slug]/page.tsx	route:ask/[slug]	app/f/minimal/ask/[slug]/page.tsx; app/f/press/ask/[slug]/page.tsx; app/f/surface/ask/[slug]/page.tsx; app/f/survey/ask/[slug]/page.tsx; app/f/timetable/ask/[slug]/page.tsx	app/f/drawing-set/[...missing]/page.tsx; app/f/drawing-set/about/page.tsx; app/f/drawing-set/ask/page.tsx; app/f/drawing-set/ask/page/[page]/page.tsx; app/f/drawing-set/changelog/page.tsx; app/f/drawing-set/lab/[slug]/page.tsx; app/f/drawing-set/lab/page.tsx; app/f/drawing-set/now/page.tsx; app/f/drawing-set/owner/page.tsx; app/f/drawing-set/page.tsx; app/f/drawing-set/projects/[slug]/page.tsx; app/f/drawing-set/projects/page.tsx; app/f/drawing-set/resume/page.tsx; app/f/drawing-set/work/page.tsx; app/f/minimal/[...missing]/page.tsx; app/f/minimal/about/page.tsx; app/f/minimal/ask/[slug]/page.tsx; app/f/minimal/ask/page.tsx; app/f/minimal/ask/page/[page]/page.tsx; app/f/minimal/changelog/page.tsx; app/f/minimal/lab/[slug]/page.tsx; app/f/minimal/lab/page.tsx; app/f/minimal/now/page.tsx; app/f/minimal/owner/page.tsx; app/f/minimal/page.tsx; app/f/minimal/projects/[slug]/page.tsx; app/f/minimal/projects/page.tsx; app/f/minimal/resume/page.tsx; app/f/minimal/work/page.tsx; app/f/press/[...missing]/page.tsx; app/f/press/about/page.tsx; app/f/press/ask/[slug]/page.tsx; app/f/press/ask/page.tsx; app/f/press/ask/page/[page]/page.tsx; app/f/press/changelog/page.tsx; app/f/press/lab/[slug]/page.tsx; app/f/press/lab/page.tsx; app/f/press/now/page.tsx; app/f/press/owner/page.tsx; app/f/press/page.tsx; app/f/press/projects/[slug]/page.tsx; app/f/press/projects/page.tsx; app/f/press/resume/page.tsx; app/f/press/work/page.tsx; app/f/surface/[...missing]/page.tsx; app/f/surface/about/page.tsx; app/f/surface/ask/[slug]/page.tsx; app/f/surface/ask/page.tsx; app/f/surface/ask/page/[page]/page.tsx; app/f/surface/changelog/page.tsx; app/f/surface/lab/[slug]/page.tsx; app/f/surface/lab/page.tsx; app/f/surface/now/page.tsx; app/f/surface/owner/page.tsx; app/f/surface/page.tsx; app/f/surface/projects/[slug]/page.tsx; app/f/surface/projects/page.tsx; app/f/surface/resume/page.tsx; app/f/surface/work/page.tsx; app/f/survey/[...missing]/page.tsx; app/f/survey/about/page.tsx; app/f/survey/ask/[slug]/page.tsx; app/f/survey/ask/page.tsx; app/f/survey/ask/page/[page]/page.tsx; app/f/survey/changelog/page.tsx; app/f/survey/lab/[slug]/page.tsx; app/f/survey/lab/page.tsx; app/f/survey/now/page.tsx; app/f/survey/owner/page.tsx; app/f/survey/page.tsx; app/f/survey/projects/[slug]/page.tsx; app/f/survey/projects/page.tsx; app/f/survey/resume/page.tsx; app/f/survey/work/page.tsx; app/f/timetable/[...missing]/page.tsx; app/f/timetable/about/page.tsx; app/f/timetable/ask/[slug]/page.tsx; app/f/timetable/ask/page.tsx; app/f/timetable/ask/page/[page]/page.tsx; app/f/timetable/changelog/page.tsx; app/f/timetable/lab/[slug]/page.tsx; app/f/timetable/lab/page.tsx; app/f/timetable/now/page.tsx; app/f/timetable/owner/page.tsx; app/f/timetable/page.tsx; app/f/timetable/projects/[slug]/page.tsx; app/f/timetable/projects/page.tsx; app/f/timetable/resume/page.tsx; app/f/timetable/work/page.tsx; flavors/drawing-set/components/site/page.tsx; flavors/press/components/site/page.tsx; flavors/surface/components/site/page.tsx; flavors/survey/components/site/page.tsx; flavors/timetable/components/site/page.tsx	
app/f/drawing-set/ask/opengraph-image.tsx	route:ask/opengraph-image	app/f/minimal/ask/opengraph-image.tsx; app/f/press/ask/opengraph-image.tsx; app/f/surface/ask/opengraph-image.tsx; app/f/survey/ask/opengraph-image.tsx; app/f/timetable/ask/opengraph-image.tsx	app/f/drawing-set/ask/[slug]/opengraph-image.tsx; app/f/minimal/ask/[slug]/opengraph-image.tsx; app/f/minimal/ask/opengraph-image.tsx; app/f/press/ask/[slug]/opengraph-image.tsx; app/f/press/ask/opengraph-image.tsx; app/f/surface/ask/[slug]/opengraph-image.tsx; app/f/surface/ask/opengraph-image.tsx; app/f/survey/ask/[slug]/opengraph-image.tsx; app/f/survey/ask/opengraph-image.tsx; app/f/timetable/ask/[slug]/opengraph-image.tsx; app/f/timetable/ask/opengraph-image.tsx	app/f/minimal/ask/opengraph-image.tsx; app/f/press/ask/opengraph-image.tsx; app/f/surface/ask/opengraph-image.tsx; app/f/survey/ask/opengraph-image.tsx; app/f/timetable/ask/opengraph-image.tsx
app/f/drawing-set/ask/page.tsx	route:ask	app/f/minimal/ask/page.tsx; app/f/press/ask/page.tsx; app/f/surface/ask/page.tsx; app/f/survey/ask/page.tsx; app/f/timetable/ask/page.tsx	app/f/drawing-set/[...missing]/page.tsx; app/f/drawing-set/about/page.tsx; app/f/drawing-set/ask/[slug]/page.tsx; app/f/drawing-set/ask/page/[page]/page.tsx; app/f/drawing-set/changelog/page.tsx; app/f/drawing-set/lab/[slug]/page.tsx; app/f/drawing-set/lab/page.tsx; app/f/drawing-set/now/page.tsx; app/f/drawing-set/owner/page.tsx; app/f/drawing-set/page.tsx; app/f/drawing-set/projects/[slug]/page.tsx; app/f/drawing-set/projects/page.tsx; app/f/drawing-set/resume/page.tsx; app/f/drawing-set/work/page.tsx; app/f/minimal/[...missing]/page.tsx; app/f/minimal/about/page.tsx; app/f/minimal/ask/[slug]/page.tsx; app/f/minimal/ask/page.tsx; app/f/minimal/ask/page/[page]/page.tsx; app/f/minimal/changelog/page.tsx; app/f/minimal/lab/[slug]/page.tsx; app/f/minimal/lab/page.tsx; app/f/minimal/now/page.tsx; app/f/minimal/owner/page.tsx; app/f/minimal/page.tsx; app/f/minimal/projects/[slug]/page.tsx; app/f/minimal/projects/page.tsx; app/f/minimal/resume/page.tsx; app/f/minimal/work/page.tsx; app/f/press/[...missing]/page.tsx; app/f/press/about/page.tsx; app/f/press/ask/[slug]/page.tsx; app/f/press/ask/page.tsx; app/f/press/ask/page/[page]/page.tsx; app/f/press/changelog/page.tsx; app/f/press/lab/[slug]/page.tsx; app/f/press/lab/page.tsx; app/f/press/now/page.tsx; app/f/press/owner/page.tsx; app/f/press/page.tsx; app/f/press/projects/[slug]/page.tsx; app/f/press/projects/page.tsx; app/f/press/resume/page.tsx; app/f/press/work/page.tsx; app/f/surface/[...missing]/page.tsx; app/f/surface/about/page.tsx; app/f/surface/ask/[slug]/page.tsx; app/f/surface/ask/page.tsx; app/f/surface/ask/page/[page]/page.tsx; app/f/surface/changelog/page.tsx; app/f/surface/lab/[slug]/page.tsx; app/f/surface/lab/page.tsx; app/f/surface/now/page.tsx; app/f/surface/owner/page.tsx; app/f/surface/page.tsx; app/f/surface/projects/[slug]/page.tsx; app/f/surface/projects/page.tsx; app/f/surface/resume/page.tsx; app/f/surface/work/page.tsx; app/f/survey/[...missing]/page.tsx; app/f/survey/about/page.tsx; app/f/survey/ask/[slug]/page.tsx; app/f/survey/ask/page.tsx; app/f/survey/ask/page/[page]/page.tsx; app/f/survey/changelog/page.tsx; app/f/survey/lab/[slug]/page.tsx; app/f/survey/lab/page.tsx; app/f/survey/now/page.tsx; app/f/survey/owner/page.tsx; app/f/survey/page.tsx; app/f/survey/projects/[slug]/page.tsx; app/f/survey/projects/page.tsx; app/f/survey/resume/page.tsx; app/f/survey/work/page.tsx; app/f/timetable/[...missing]/page.tsx; app/f/timetable/about/page.tsx; app/f/timetable/ask/[slug]/page.tsx; app/f/timetable/ask/page.tsx; app/f/timetable/ask/page/[page]/page.tsx; app/f/timetable/changelog/page.tsx; app/f/timetable/lab/[slug]/page.tsx; app/f/timetable/lab/page.tsx; app/f/timetable/now/page.tsx; app/f/timetable/owner/page.tsx; app/f/timetable/page.tsx; app/f/timetable/projects/[slug]/page.tsx; app/f/timetable/projects/page.tsx; app/f/timetable/resume/page.tsx; app/f/timetable/work/page.tsx; flavors/drawing-set/components/site/page.tsx; flavors/press/components/site/page.tsx; flavors/surface/components/site/page.tsx; flavors/survey/components/site/page.tsx; flavors/timetable/components/site/page.tsx	
app/f/drawing-set/ask/page/[page]/page.tsx	route:ask/page/[page]	app/f/minimal/ask/page/[page]/page.tsx; app/f/press/ask/page/[page]/page.tsx; app/f/surface/ask/page/[page]/page.tsx; app/f/survey/ask/page/[page]/page.tsx; app/f/timetable/ask/page/[page]/page.tsx	app/f/drawing-set/[...missing]/page.tsx; app/f/drawing-set/about/page.tsx; app/f/drawing-set/ask/[slug]/page.tsx; app/f/drawing-set/ask/page.tsx; app/f/drawing-set/changelog/page.tsx; app/f/drawing-set/lab/[slug]/page.tsx; app/f/drawing-set/lab/page.tsx; app/f/drawing-set/now/page.tsx; app/f/drawing-set/owner/page.tsx; app/f/drawing-set/page.tsx; app/f/drawing-set/projects/[slug]/page.tsx; app/f/drawing-set/projects/page.tsx; app/f/drawing-set/resume/page.tsx; app/f/drawing-set/work/page.tsx; app/f/minimal/[...missing]/page.tsx; app/f/minimal/about/page.tsx; app/f/minimal/ask/[slug]/page.tsx; app/f/minimal/ask/page.tsx; app/f/minimal/ask/page/[page]/page.tsx; app/f/minimal/changelog/page.tsx; app/f/minimal/lab/[slug]/page.tsx; app/f/minimal/lab/page.tsx; app/f/minimal/now/page.tsx; app/f/minimal/owner/page.tsx; app/f/minimal/page.tsx; app/f/minimal/projects/[slug]/page.tsx; app/f/minimal/projects/page.tsx; app/f/minimal/resume/page.tsx; app/f/minimal/work/page.tsx; app/f/press/[...missing]/page.tsx; app/f/press/about/page.tsx; app/f/press/ask/[slug]/page.tsx; app/f/press/ask/page.tsx; app/f/press/ask/page/[page]/page.tsx; app/f/press/changelog/page.tsx; app/f/press/lab/[slug]/page.tsx; app/f/press/lab/page.tsx; app/f/press/now/page.tsx; app/f/press/owner/page.tsx; app/f/press/page.tsx; app/f/press/projects/[slug]/page.tsx; app/f/press/projects/page.tsx; app/f/press/resume/page.tsx; app/f/press/work/page.tsx; app/f/surface/[...missing]/page.tsx; app/f/surface/about/page.tsx; app/f/surface/ask/[slug]/page.tsx; app/f/surface/ask/page.tsx; app/f/surface/ask/page/[page]/page.tsx; app/f/surface/changelog/page.tsx; app/f/surface/lab/[slug]/page.tsx; app/f/surface/lab/page.tsx; app/f/surface/now/page.tsx; app/f/surface/owner/page.tsx; app/f/surface/page.tsx; app/f/surface/projects/[slug]/page.tsx; app/f/surface/projects/page.tsx; app/f/surface/resume/page.tsx; app/f/surface/work/page.tsx; app/f/survey/[...missing]/page.tsx; app/f/survey/about/page.tsx; app/f/survey/ask/[slug]/page.tsx; app/f/survey/ask/page.tsx; app/f/survey/ask/page/[page]/page.tsx; app/f/survey/changelog/page.tsx; app/f/survey/lab/[slug]/page.tsx; app/f/survey/lab/page.tsx; app/f/survey/now/page.tsx; app/f/survey/owner/page.tsx; app/f/survey/page.tsx; app/f/survey/projects/[slug]/page.tsx; app/f/survey/projects/page.tsx; app/f/survey/resume/page.tsx; app/f/survey/work/page.tsx; app/f/timetable/[...missing]/page.tsx; app/f/timetable/about/page.tsx; app/f/timetable/ask/[slug]/page.tsx; app/f/timetable/ask/page.tsx; app/f/timetable/ask/page/[page]/page.tsx; app/f/timetable/changelog/page.tsx; app/f/timetable/lab/[slug]/page.tsx; app/f/timetable/lab/page.tsx; app/f/timetable/now/page.tsx; app/f/timetable/owner/page.tsx; app/f/timetable/page.tsx; app/f/timetable/projects/[slug]/page.tsx; app/f/timetable/projects/page.tsx; app/f/timetable/resume/page.tsx; app/f/timetable/work/page.tsx; flavors/drawing-set/components/site/page.tsx; flavors/press/components/site/page.tsx; flavors/surface/components/site/page.tsx; flavors/survey/components/site/page.tsx; flavors/timetable/components/site/page.tsx	
app/f/drawing-set/changelog/page.tsx	route:changelog	app/f/minimal/changelog/page.tsx; app/f/press/changelog/page.tsx; app/f/surface/changelog/page.tsx; app/f/survey/changelog/page.tsx; app/f/timetable/changelog/page.tsx	app/f/drawing-set/[...missing]/page.tsx; app/f/drawing-set/about/page.tsx; app/f/drawing-set/ask/[slug]/page.tsx; app/f/drawing-set/ask/page.tsx; app/f/drawing-set/ask/page/[page]/page.tsx; app/f/drawing-set/lab/[slug]/page.tsx; app/f/drawing-set/lab/page.tsx; app/f/drawing-set/now/page.tsx; app/f/drawing-set/owner/page.tsx; app/f/drawing-set/page.tsx; app/f/drawing-set/projects/[slug]/page.tsx; app/f/drawing-set/projects/page.tsx; app/f/drawing-set/resume/page.tsx; app/f/drawing-set/work/page.tsx; app/f/minimal/[...missing]/page.tsx; app/f/minimal/about/page.tsx; app/f/minimal/ask/[slug]/page.tsx; app/f/minimal/ask/page.tsx; app/f/minimal/ask/page/[page]/page.tsx; app/f/minimal/changelog/page.tsx; app/f/minimal/lab/[slug]/page.tsx; app/f/minimal/lab/page.tsx; app/f/minimal/now/page.tsx; app/f/minimal/owner/page.tsx; app/f/minimal/page.tsx; app/f/minimal/projects/[slug]/page.tsx; app/f/minimal/projects/page.tsx; app/f/minimal/resume/page.tsx; app/f/minimal/work/page.tsx; app/f/press/[...missing]/page.tsx; app/f/press/about/page.tsx; app/f/press/ask/[slug]/page.tsx; app/f/press/ask/page.tsx; app/f/press/ask/page/[page]/page.tsx; app/f/press/changelog/page.tsx; app/f/press/lab/[slug]/page.tsx; app/f/press/lab/page.tsx; app/f/press/now/page.tsx; app/f/press/owner/page.tsx; app/f/press/page.tsx; app/f/press/projects/[slug]/page.tsx; app/f/press/projects/page.tsx; app/f/press/resume/page.tsx; app/f/press/work/page.tsx; app/f/surface/[...missing]/page.tsx; app/f/surface/about/page.tsx; app/f/surface/ask/[slug]/page.tsx; app/f/surface/ask/page.tsx; app/f/surface/ask/page/[page]/page.tsx; app/f/surface/changelog/page.tsx; app/f/surface/lab/[slug]/page.tsx; app/f/surface/lab/page.tsx; app/f/surface/now/page.tsx; app/f/surface/owner/page.tsx; app/f/surface/page.tsx; app/f/surface/projects/[slug]/page.tsx; app/f/surface/projects/page.tsx; app/f/surface/resume/page.tsx; app/f/surface/work/page.tsx; app/f/survey/[...missing]/page.tsx; app/f/survey/about/page.tsx; app/f/survey/ask/[slug]/page.tsx; app/f/survey/ask/page.tsx; app/f/survey/ask/page/[page]/page.tsx; app/f/survey/changelog/page.tsx; app/f/survey/lab/[slug]/page.tsx; app/f/survey/lab/page.tsx; app/f/survey/now/page.tsx; app/f/survey/owner/page.tsx; app/f/survey/page.tsx; app/f/survey/projects/[slug]/page.tsx; app/f/survey/projects/page.tsx; app/f/survey/resume/page.tsx; app/f/survey/work/page.tsx; app/f/timetable/[...missing]/page.tsx; app/f/timetable/about/page.tsx; app/f/timetable/ask/[slug]/page.tsx; app/f/timetable/ask/page.tsx; app/f/timetable/ask/page/[page]/page.tsx; app/f/timetable/changelog/page.tsx; app/f/timetable/lab/[slug]/page.tsx; app/f/timetable/lab/page.tsx; app/f/timetable/now/page.tsx; app/f/timetable/owner/page.tsx; app/f/timetable/page.tsx; app/f/timetable/projects/[slug]/page.tsx; app/f/timetable/projects/page.tsx; app/f/timetable/resume/page.tsx; app/f/timetable/work/page.tsx; flavors/drawing-set/components/site/page.tsx; flavors/press/components/site/page.tsx; flavors/surface/components/site/page.tsx; flavors/survey/components/site/page.tsx; flavors/timetable/components/site/page.tsx	
app/f/drawing-set/lab/[slug]/page.tsx	route:lab/[slug]	app/f/minimal/lab/[slug]/page.tsx; app/f/press/lab/[slug]/page.tsx; app/f/surface/lab/[slug]/page.tsx; app/f/survey/lab/[slug]/page.tsx; app/f/timetable/lab/[slug]/page.tsx	app/f/drawing-set/[...missing]/page.tsx; app/f/drawing-set/about/page.tsx; app/f/drawing-set/ask/[slug]/page.tsx; app/f/drawing-set/ask/page.tsx; app/f/drawing-set/ask/page/[page]/page.tsx; app/f/drawing-set/changelog/page.tsx; app/f/drawing-set/lab/page.tsx; app/f/drawing-set/now/page.tsx; app/f/drawing-set/owner/page.tsx; app/f/drawing-set/page.tsx; app/f/drawing-set/projects/[slug]/page.tsx; app/f/drawing-set/projects/page.tsx; app/f/drawing-set/resume/page.tsx; app/f/drawing-set/work/page.tsx; app/f/minimal/[...missing]/page.tsx; app/f/minimal/about/page.tsx; app/f/minimal/ask/[slug]/page.tsx; app/f/minimal/ask/page.tsx; app/f/minimal/ask/page/[page]/page.tsx; app/f/minimal/changelog/page.tsx; app/f/minimal/lab/[slug]/page.tsx; app/f/minimal/lab/page.tsx; app/f/minimal/now/page.tsx; app/f/minimal/owner/page.tsx; app/f/minimal/page.tsx; app/f/minimal/projects/[slug]/page.tsx; app/f/minimal/projects/page.tsx; app/f/minimal/resume/page.tsx; app/f/minimal/work/page.tsx; app/f/press/[...missing]/page.tsx; app/f/press/about/page.tsx; app/f/press/ask/[slug]/page.tsx; app/f/press/ask/page.tsx; app/f/press/ask/page/[page]/page.tsx; app/f/press/changelog/page.tsx; app/f/press/lab/[slug]/page.tsx; app/f/press/lab/page.tsx; app/f/press/now/page.tsx; app/f/press/owner/page.tsx; app/f/press/page.tsx; app/f/press/projects/[slug]/page.tsx; app/f/press/projects/page.tsx; app/f/press/resume/page.tsx; app/f/press/work/page.tsx; app/f/surface/[...missing]/page.tsx; app/f/surface/about/page.tsx; app/f/surface/ask/[slug]/page.tsx; app/f/surface/ask/page.tsx; app/f/surface/ask/page/[page]/page.tsx; app/f/surface/changelog/page.tsx; app/f/surface/lab/[slug]/page.tsx; app/f/surface/lab/page.tsx; app/f/surface/now/page.tsx; app/f/surface/owner/page.tsx; app/f/surface/page.tsx; app/f/surface/projects/[slug]/page.tsx; app/f/surface/projects/page.tsx; app/f/surface/resume/page.tsx; app/f/surface/work/page.tsx; app/f/survey/[...missing]/page.tsx; app/f/survey/about/page.tsx; app/f/survey/ask/[slug]/page.tsx; app/f/survey/ask/page.tsx; app/f/survey/ask/page/[page]/page.tsx; app/f/survey/changelog/page.tsx; app/f/survey/lab/[slug]/page.tsx; app/f/survey/lab/page.tsx; app/f/survey/now/page.tsx; app/f/survey/owner/page.tsx; app/f/survey/page.tsx; app/f/survey/projects/[slug]/page.tsx; app/f/survey/projects/page.tsx; app/f/survey/resume/page.tsx; app/f/survey/work/page.tsx; app/f/timetable/[...missing]/page.tsx; app/f/timetable/about/page.tsx; app/f/timetable/ask/[slug]/page.tsx; app/f/timetable/ask/page.tsx; app/f/timetable/ask/page/[page]/page.tsx; app/f/timetable/changelog/page.tsx; app/f/timetable/lab/[slug]/page.tsx; app/f/timetable/lab/page.tsx; app/f/timetable/now/page.tsx; app/f/timetable/owner/page.tsx; app/f/timetable/page.tsx; app/f/timetable/projects/[slug]/page.tsx; app/f/timetable/projects/page.tsx; app/f/timetable/resume/page.tsx; app/f/timetable/work/page.tsx; flavors/drawing-set/components/site/page.tsx; flavors/press/components/site/page.tsx; flavors/surface/components/site/page.tsx; flavors/survey/components/site/page.tsx; flavors/timetable/components/site/page.tsx	
app/f/drawing-set/lab/page.tsx	route:lab	app/f/minimal/lab/page.tsx; app/f/press/lab/page.tsx; app/f/surface/lab/page.tsx; app/f/survey/lab/page.tsx; app/f/timetable/lab/page.tsx	app/f/drawing-set/[...missing]/page.tsx; app/f/drawing-set/about/page.tsx; app/f/drawing-set/ask/[slug]/page.tsx; app/f/drawing-set/ask/page.tsx; app/f/drawing-set/ask/page/[page]/page.tsx; app/f/drawing-set/changelog/page.tsx; app/f/drawing-set/lab/[slug]/page.tsx; app/f/drawing-set/now/page.tsx; app/f/drawing-set/owner/page.tsx; app/f/drawing-set/page.tsx; app/f/drawing-set/projects/[slug]/page.tsx; app/f/drawing-set/projects/page.tsx; app/f/drawing-set/resume/page.tsx; app/f/drawing-set/work/page.tsx; app/f/minimal/[...missing]/page.tsx; app/f/minimal/about/page.tsx; app/f/minimal/ask/[slug]/page.tsx; app/f/minimal/ask/page.tsx; app/f/minimal/ask/page/[page]/page.tsx; app/f/minimal/changelog/page.tsx; app/f/minimal/lab/[slug]/page.tsx; app/f/minimal/lab/page.tsx; app/f/minimal/now/page.tsx; app/f/minimal/owner/page.tsx; app/f/minimal/page.tsx; app/f/minimal/projects/[slug]/page.tsx; app/f/minimal/projects/page.tsx; app/f/minimal/resume/page.tsx; app/f/minimal/work/page.tsx; app/f/press/[...missing]/page.tsx; app/f/press/about/page.tsx; app/f/press/ask/[slug]/page.tsx; app/f/press/ask/page.tsx; app/f/press/ask/page/[page]/page.tsx; app/f/press/changelog/page.tsx; app/f/press/lab/[slug]/page.tsx; app/f/press/lab/page.tsx; app/f/press/now/page.tsx; app/f/press/owner/page.tsx; app/f/press/page.tsx; app/f/press/projects/[slug]/page.tsx; app/f/press/projects/page.tsx; app/f/press/resume/page.tsx; app/f/press/work/page.tsx; app/f/surface/[...missing]/page.tsx; app/f/surface/about/page.tsx; app/f/surface/ask/[slug]/page.tsx; app/f/surface/ask/page.tsx; app/f/surface/ask/page/[page]/page.tsx; app/f/surface/changelog/page.tsx; app/f/surface/lab/[slug]/page.tsx; app/f/surface/lab/page.tsx; app/f/surface/now/page.tsx; app/f/surface/owner/page.tsx; app/f/surface/page.tsx; app/f/surface/projects/[slug]/page.tsx; app/f/surface/projects/page.tsx; app/f/surface/resume/page.tsx; app/f/surface/work/page.tsx; app/f/survey/[...missing]/page.tsx; app/f/survey/about/page.tsx; app/f/survey/ask/[slug]/page.tsx; app/f/survey/ask/page.tsx; app/f/survey/ask/page/[page]/page.tsx; app/f/survey/changelog/page.tsx; app/f/survey/lab/[slug]/page.tsx; app/f/survey/lab/page.tsx; app/f/survey/now/page.tsx; app/f/survey/owner/page.tsx; app/f/survey/page.tsx; app/f/survey/projects/[slug]/page.tsx; app/f/survey/projects/page.tsx; app/f/survey/resume/page.tsx; app/f/survey/work/page.tsx; app/f/timetable/[...missing]/page.tsx; app/f/timetable/about/page.tsx; app/f/timetable/ask/[slug]/page.tsx; app/f/timetable/ask/page.tsx; app/f/timetable/ask/page/[page]/page.tsx; app/f/timetable/changelog/page.tsx; app/f/timetable/lab/[slug]/page.tsx; app/f/timetable/lab/page.tsx; app/f/timetable/now/page.tsx; app/f/timetable/owner/page.tsx; app/f/timetable/page.tsx; app/f/timetable/projects/[slug]/page.tsx; app/f/timetable/projects/page.tsx; app/f/timetable/resume/page.tsx; app/f/timetable/work/page.tsx; flavors/drawing-set/components/site/page.tsx; flavors/press/components/site/page.tsx; flavors/surface/components/site/page.tsx; flavors/survey/components/site/page.tsx; flavors/timetable/components/site/page.tsx	
app/f/drawing-set/layout.tsx	route:home	app/f/minimal/layout.tsx; app/f/press/layout.tsx; app/f/surface/layout.tsx; app/f/survey/layout.tsx; app/f/timetable/layout.tsx	app/f/minimal/layout.tsx; app/f/press/layout.tsx; app/f/surface/layout.tsx; app/f/survey/layout.tsx; app/f/timetable/layout.tsx	
app/f/drawing-set/not-found.tsx	route:home	app/f/minimal/not-found.tsx; app/f/press/not-found.tsx; app/f/surface/not-found.tsx; app/f/survey/not-found.tsx; app/f/timetable/not-found.tsx	app/f/minimal/not-found.tsx; app/f/press/not-found.tsx; app/f/surface/not-found.tsx; app/f/survey/not-found.tsx; app/f/timetable/not-found.tsx	
app/f/drawing-set/now/page.tsx	route:now	app/f/minimal/now/page.tsx; app/f/press/now/page.tsx; app/f/surface/now/page.tsx; app/f/survey/now/page.tsx; app/f/timetable/now/page.tsx	app/f/drawing-set/[...missing]/page.tsx; app/f/drawing-set/about/page.tsx; app/f/drawing-set/ask/[slug]/page.tsx; app/f/drawing-set/ask/page.tsx; app/f/drawing-set/ask/page/[page]/page.tsx; app/f/drawing-set/changelog/page.tsx; app/f/drawing-set/lab/[slug]/page.tsx; app/f/drawing-set/lab/page.tsx; app/f/drawing-set/owner/page.tsx; app/f/drawing-set/page.tsx; app/f/drawing-set/projects/[slug]/page.tsx; app/f/drawing-set/projects/page.tsx; app/f/drawing-set/resume/page.tsx; app/f/drawing-set/work/page.tsx; app/f/minimal/[...missing]/page.tsx; app/f/minimal/about/page.tsx; app/f/minimal/ask/[slug]/page.tsx; app/f/minimal/ask/page.tsx; app/f/minimal/ask/page/[page]/page.tsx; app/f/minimal/changelog/page.tsx; app/f/minimal/lab/[slug]/page.tsx; app/f/minimal/lab/page.tsx; app/f/minimal/now/page.tsx; app/f/minimal/owner/page.tsx; app/f/minimal/page.tsx; app/f/minimal/projects/[slug]/page.tsx; app/f/minimal/projects/page.tsx; app/f/minimal/resume/page.tsx; app/f/minimal/work/page.tsx; app/f/press/[...missing]/page.tsx; app/f/press/about/page.tsx; app/f/press/ask/[slug]/page.tsx; app/f/press/ask/page.tsx; app/f/press/ask/page/[page]/page.tsx; app/f/press/changelog/page.tsx; app/f/press/lab/[slug]/page.tsx; app/f/press/lab/page.tsx; app/f/press/now/page.tsx; app/f/press/owner/page.tsx; app/f/press/page.tsx; app/f/press/projects/[slug]/page.tsx; app/f/press/projects/page.tsx; app/f/press/resume/page.tsx; app/f/press/work/page.tsx; app/f/surface/[...missing]/page.tsx; app/f/surface/about/page.tsx; app/f/surface/ask/[slug]/page.tsx; app/f/surface/ask/page.tsx; app/f/surface/ask/page/[page]/page.tsx; app/f/surface/changelog/page.tsx; app/f/surface/lab/[slug]/page.tsx; app/f/surface/lab/page.tsx; app/f/surface/now/page.tsx; app/f/surface/owner/page.tsx; app/f/surface/page.tsx; app/f/surface/projects/[slug]/page.tsx; app/f/surface/projects/page.tsx; app/f/surface/resume/page.tsx; app/f/surface/work/page.tsx; app/f/survey/[...missing]/page.tsx; app/f/survey/about/page.tsx; app/f/survey/ask/[slug]/page.tsx; app/f/survey/ask/page.tsx; app/f/survey/ask/page/[page]/page.tsx; app/f/survey/changelog/page.tsx; app/f/survey/lab/[slug]/page.tsx; app/f/survey/lab/page.tsx; app/f/survey/now/page.tsx; app/f/survey/owner/page.tsx; app/f/survey/page.tsx; app/f/survey/projects/[slug]/page.tsx; app/f/survey/projects/page.tsx; app/f/survey/resume/page.tsx; app/f/survey/work/page.tsx; app/f/timetable/[...missing]/page.tsx; app/f/timetable/about/page.tsx; app/f/timetable/ask/[slug]/page.tsx; app/f/timetable/ask/page.tsx; app/f/timetable/ask/page/[page]/page.tsx; app/f/timetable/changelog/page.tsx; app/f/timetable/lab/[slug]/page.tsx; app/f/timetable/lab/page.tsx; app/f/timetable/now/page.tsx; app/f/timetable/owner/page.tsx; app/f/timetable/page.tsx; app/f/timetable/projects/[slug]/page.tsx; app/f/timetable/projects/page.tsx; app/f/timetable/resume/page.tsx; app/f/timetable/work/page.tsx; flavors/drawing-set/components/site/page.tsx; flavors/press/components/site/page.tsx; flavors/surface/components/site/page.tsx; flavors/survey/components/site/page.tsx; flavors/timetable/components/site/page.tsx	
app/f/drawing-set/owner/page.tsx	route:owner	app/f/minimal/owner/page.tsx; app/f/press/owner/page.tsx; app/f/surface/owner/page.tsx; app/f/survey/owner/page.tsx; app/f/timetable/owner/page.tsx	app/f/drawing-set/[...missing]/page.tsx; app/f/drawing-set/about/page.tsx; app/f/drawing-set/ask/[slug]/page.tsx; app/f/drawing-set/ask/page.tsx; app/f/drawing-set/ask/page/[page]/page.tsx; app/f/drawing-set/changelog/page.tsx; app/f/drawing-set/lab/[slug]/page.tsx; app/f/drawing-set/lab/page.tsx; app/f/drawing-set/now/page.tsx; app/f/drawing-set/page.tsx; app/f/drawing-set/projects/[slug]/page.tsx; app/f/drawing-set/projects/page.tsx; app/f/drawing-set/resume/page.tsx; app/f/drawing-set/work/page.tsx; app/f/minimal/[...missing]/page.tsx; app/f/minimal/about/page.tsx; app/f/minimal/ask/[slug]/page.tsx; app/f/minimal/ask/page.tsx; app/f/minimal/ask/page/[page]/page.tsx; app/f/minimal/changelog/page.tsx; app/f/minimal/lab/[slug]/page.tsx; app/f/minimal/lab/page.tsx; app/f/minimal/now/page.tsx; app/f/minimal/owner/page.tsx; app/f/minimal/page.tsx; app/f/minimal/projects/[slug]/page.tsx; app/f/minimal/projects/page.tsx; app/f/minimal/resume/page.tsx; app/f/minimal/work/page.tsx; app/f/press/[...missing]/page.tsx; app/f/press/about/page.tsx; app/f/press/ask/[slug]/page.tsx; app/f/press/ask/page.tsx; app/f/press/ask/page/[page]/page.tsx; app/f/press/changelog/page.tsx; app/f/press/lab/[slug]/page.tsx; app/f/press/lab/page.tsx; app/f/press/now/page.tsx; app/f/press/owner/page.tsx; app/f/press/page.tsx; app/f/press/projects/[slug]/page.tsx; app/f/press/projects/page.tsx; app/f/press/resume/page.tsx; app/f/press/work/page.tsx; app/f/surface/[...missing]/page.tsx; app/f/surface/about/page.tsx; app/f/surface/ask/[slug]/page.tsx; app/f/surface/ask/page.tsx; app/f/surface/ask/page/[page]/page.tsx; app/f/surface/changelog/page.tsx; app/f/surface/lab/[slug]/page.tsx; app/f/surface/lab/page.tsx; app/f/surface/now/page.tsx; app/f/surface/owner/page.tsx; app/f/surface/page.tsx; app/f/surface/projects/[slug]/page.tsx; app/f/surface/projects/page.tsx; app/f/surface/resume/page.tsx; app/f/surface/work/page.tsx; app/f/survey/[...missing]/page.tsx; app/f/survey/about/page.tsx; app/f/survey/ask/[slug]/page.tsx; app/f/survey/ask/page.tsx; app/f/survey/ask/page/[page]/page.tsx; app/f/survey/changelog/page.tsx; app/f/survey/lab/[slug]/page.tsx; app/f/survey/lab/page.tsx; app/f/survey/now/page.tsx; app/f/survey/owner/page.tsx; app/f/survey/page.tsx; app/f/survey/projects/[slug]/page.tsx; app/f/survey/projects/page.tsx; app/f/survey/resume/page.tsx; app/f/survey/work/page.tsx; app/f/timetable/[...missing]/page.tsx; app/f/timetable/about/page.tsx; app/f/timetable/ask/[slug]/page.tsx; app/f/timetable/ask/page.tsx; app/f/timetable/ask/page/[page]/page.tsx; app/f/timetable/changelog/page.tsx; app/f/timetable/lab/[slug]/page.tsx; app/f/timetable/lab/page.tsx; app/f/timetable/now/page.tsx; app/f/timetable/owner/page.tsx; app/f/timetable/page.tsx; app/f/timetable/projects/[slug]/page.tsx; app/f/timetable/projects/page.tsx; app/f/timetable/resume/page.tsx; app/f/timetable/work/page.tsx; flavors/drawing-set/components/site/page.tsx; flavors/press/components/site/page.tsx; flavors/surface/components/site/page.tsx; flavors/survey/components/site/page.tsx; flavors/timetable/components/site/page.tsx	
app/f/drawing-set/page.tsx	route:home	app/f/minimal/page.tsx; app/f/press/page.tsx; app/f/surface/page.tsx; app/f/survey/page.tsx; app/f/timetable/page.tsx	app/f/drawing-set/[...missing]/page.tsx; app/f/drawing-set/about/page.tsx; app/f/drawing-set/ask/[slug]/page.tsx; app/f/drawing-set/ask/page.tsx; app/f/drawing-set/ask/page/[page]/page.tsx; app/f/drawing-set/changelog/page.tsx; app/f/drawing-set/lab/[slug]/page.tsx; app/f/drawing-set/lab/page.tsx; app/f/drawing-set/now/page.tsx; app/f/drawing-set/owner/page.tsx; app/f/drawing-set/projects/[slug]/page.tsx; app/f/drawing-set/projects/page.tsx; app/f/drawing-set/resume/page.tsx; app/f/drawing-set/work/page.tsx; app/f/minimal/[...missing]/page.tsx; app/f/minimal/about/page.tsx; app/f/minimal/ask/[slug]/page.tsx; app/f/minimal/ask/page.tsx; app/f/minimal/ask/page/[page]/page.tsx; app/f/minimal/changelog/page.tsx; app/f/minimal/lab/[slug]/page.tsx; app/f/minimal/lab/page.tsx; app/f/minimal/now/page.tsx; app/f/minimal/owner/page.tsx; app/f/minimal/page.tsx; app/f/minimal/projects/[slug]/page.tsx; app/f/minimal/projects/page.tsx; app/f/minimal/resume/page.tsx; app/f/minimal/work/page.tsx; app/f/press/[...missing]/page.tsx; app/f/press/about/page.tsx; app/f/press/ask/[slug]/page.tsx; app/f/press/ask/page.tsx; app/f/press/ask/page/[page]/page.tsx; app/f/press/changelog/page.tsx; app/f/press/lab/[slug]/page.tsx; app/f/press/lab/page.tsx; app/f/press/now/page.tsx; app/f/press/owner/page.tsx; app/f/press/page.tsx; app/f/press/projects/[slug]/page.tsx; app/f/press/projects/page.tsx; app/f/press/resume/page.tsx; app/f/press/work/page.tsx; app/f/surface/[...missing]/page.tsx; app/f/surface/about/page.tsx; app/f/surface/ask/[slug]/page.tsx; app/f/surface/ask/page.tsx; app/f/surface/ask/page/[page]/page.tsx; app/f/surface/changelog/page.tsx; app/f/surface/lab/[slug]/page.tsx; app/f/surface/lab/page.tsx; app/f/surface/now/page.tsx; app/f/surface/owner/page.tsx; app/f/surface/page.tsx; app/f/surface/projects/[slug]/page.tsx; app/f/surface/projects/page.tsx; app/f/surface/resume/page.tsx; app/f/surface/work/page.tsx; app/f/survey/[...missing]/page.tsx; app/f/survey/about/page.tsx; app/f/survey/ask/[slug]/page.tsx; app/f/survey/ask/page.tsx; app/f/survey/ask/page/[page]/page.tsx; app/f/survey/changelog/page.tsx; app/f/survey/lab/[slug]/page.tsx; app/f/survey/lab/page.tsx; app/f/survey/now/page.tsx; app/f/survey/owner/page.tsx; app/f/survey/page.tsx; app/f/survey/projects/[slug]/page.tsx; app/f/survey/projects/page.tsx; app/f/survey/resume/page.tsx; app/f/survey/work/page.tsx; app/f/timetable/[...missing]/page.tsx; app/f/timetable/about/page.tsx; app/f/timetable/ask/[slug]/page.tsx; app/f/timetable/ask/page.tsx; app/f/timetable/ask/page/[page]/page.tsx; app/f/timetable/changelog/page.tsx; app/f/timetable/lab/[slug]/page.tsx; app/f/timetable/lab/page.tsx; app/f/timetable/now/page.tsx; app/f/timetable/owner/page.tsx; app/f/timetable/page.tsx; app/f/timetable/projects/[slug]/page.tsx; app/f/timetable/projects/page.tsx; app/f/timetable/resume/page.tsx; app/f/timetable/work/page.tsx; flavors/drawing-set/components/site/page.tsx; flavors/press/components/site/page.tsx; flavors/surface/components/site/page.tsx; flavors/survey/components/site/page.tsx; flavors/timetable/components/site/page.tsx	
app/f/drawing-set/projects/[slug]/page.tsx	route:projects/[slug]	app/f/minimal/projects/[slug]/page.tsx; app/f/press/projects/[slug]/page.tsx; app/f/surface/projects/[slug]/page.tsx; app/f/survey/projects/[slug]/page.tsx; app/f/timetable/projects/[slug]/page.tsx	app/f/drawing-set/[...missing]/page.tsx; app/f/drawing-set/about/page.tsx; app/f/drawing-set/ask/[slug]/page.tsx; app/f/drawing-set/ask/page.tsx; app/f/drawing-set/ask/page/[page]/page.tsx; app/f/drawing-set/changelog/page.tsx; app/f/drawing-set/lab/[slug]/page.tsx; app/f/drawing-set/lab/page.tsx; app/f/drawing-set/now/page.tsx; app/f/drawing-set/owner/page.tsx; app/f/drawing-set/page.tsx; app/f/drawing-set/projects/page.tsx; app/f/drawing-set/resume/page.tsx; app/f/drawing-set/work/page.tsx; app/f/minimal/[...missing]/page.tsx; app/f/minimal/about/page.tsx; app/f/minimal/ask/[slug]/page.tsx; app/f/minimal/ask/page.tsx; app/f/minimal/ask/page/[page]/page.tsx; app/f/minimal/changelog/page.tsx; app/f/minimal/lab/[slug]/page.tsx; app/f/minimal/lab/page.tsx; app/f/minimal/now/page.tsx; app/f/minimal/owner/page.tsx; app/f/minimal/page.tsx; app/f/minimal/projects/[slug]/page.tsx; app/f/minimal/projects/page.tsx; app/f/minimal/resume/page.tsx; app/f/minimal/work/page.tsx; app/f/press/[...missing]/page.tsx; app/f/press/about/page.tsx; app/f/press/ask/[slug]/page.tsx; app/f/press/ask/page.tsx; app/f/press/ask/page/[page]/page.tsx; app/f/press/changelog/page.tsx; app/f/press/lab/[slug]/page.tsx; app/f/press/lab/page.tsx; app/f/press/now/page.tsx; app/f/press/owner/page.tsx; app/f/press/page.tsx; app/f/press/projects/[slug]/page.tsx; app/f/press/projects/page.tsx; app/f/press/resume/page.tsx; app/f/press/work/page.tsx; app/f/surface/[...missing]/page.tsx; app/f/surface/about/page.tsx; app/f/surface/ask/[slug]/page.tsx; app/f/surface/ask/page.tsx; app/f/surface/ask/page/[page]/page.tsx; app/f/surface/changelog/page.tsx; app/f/surface/lab/[slug]/page.tsx; app/f/surface/lab/page.tsx; app/f/surface/now/page.tsx; app/f/surface/owner/page.tsx; app/f/surface/page.tsx; app/f/surface/projects/[slug]/page.tsx; app/f/surface/projects/page.tsx; app/f/surface/resume/page.tsx; app/f/surface/work/page.tsx; app/f/survey/[...missing]/page.tsx; app/f/survey/about/page.tsx; app/f/survey/ask/[slug]/page.tsx; app/f/survey/ask/page.tsx; app/f/survey/ask/page/[page]/page.tsx; app/f/survey/changelog/page.tsx; app/f/survey/lab/[slug]/page.tsx; app/f/survey/lab/page.tsx; app/f/survey/now/page.tsx; app/f/survey/owner/page.tsx; app/f/survey/page.tsx; app/f/survey/projects/[slug]/page.tsx; app/f/survey/projects/page.tsx; app/f/survey/resume/page.tsx; app/f/survey/work/page.tsx; app/f/timetable/[...missing]/page.tsx; app/f/timetable/about/page.tsx; app/f/timetable/ask/[slug]/page.tsx; app/f/timetable/ask/page.tsx; app/f/timetable/ask/page/[page]/page.tsx; app/f/timetable/changelog/page.tsx; app/f/timetable/lab/[slug]/page.tsx; app/f/timetable/lab/page.tsx; app/f/timetable/now/page.tsx; app/f/timetable/owner/page.tsx; app/f/timetable/page.tsx; app/f/timetable/projects/[slug]/page.tsx; app/f/timetable/projects/page.tsx; app/f/timetable/resume/page.tsx; app/f/timetable/work/page.tsx; flavors/drawing-set/components/site/page.tsx; flavors/press/components/site/page.tsx; flavors/surface/components/site/page.tsx; flavors/survey/components/site/page.tsx; flavors/timetable/components/site/page.tsx	
app/f/drawing-set/projects/page.tsx	route:projects	app/f/minimal/projects/page.tsx; app/f/press/projects/page.tsx; app/f/surface/projects/page.tsx; app/f/survey/projects/page.tsx; app/f/timetable/projects/page.tsx	app/f/drawing-set/[...missing]/page.tsx; app/f/drawing-set/about/page.tsx; app/f/drawing-set/ask/[slug]/page.tsx; app/f/drawing-set/ask/page.tsx; app/f/drawing-set/ask/page/[page]/page.tsx; app/f/drawing-set/changelog/page.tsx; app/f/drawing-set/lab/[slug]/page.tsx; app/f/drawing-set/lab/page.tsx; app/f/drawing-set/now/page.tsx; app/f/drawing-set/owner/page.tsx; app/f/drawing-set/page.tsx; app/f/drawing-set/projects/[slug]/page.tsx; app/f/drawing-set/resume/page.tsx; app/f/drawing-set/work/page.tsx; app/f/minimal/[...missing]/page.tsx; app/f/minimal/about/page.tsx; app/f/minimal/ask/[slug]/page.tsx; app/f/minimal/ask/page.tsx; app/f/minimal/ask/page/[page]/page.tsx; app/f/minimal/changelog/page.tsx; app/f/minimal/lab/[slug]/page.tsx; app/f/minimal/lab/page.tsx; app/f/minimal/now/page.tsx; app/f/minimal/owner/page.tsx; app/f/minimal/page.tsx; app/f/minimal/projects/[slug]/page.tsx; app/f/minimal/projects/page.tsx; app/f/minimal/resume/page.tsx; app/f/minimal/work/page.tsx; app/f/press/[...missing]/page.tsx; app/f/press/about/page.tsx; app/f/press/ask/[slug]/page.tsx; app/f/press/ask/page.tsx; app/f/press/ask/page/[page]/page.tsx; app/f/press/changelog/page.tsx; app/f/press/lab/[slug]/page.tsx; app/f/press/lab/page.tsx; app/f/press/now/page.tsx; app/f/press/owner/page.tsx; app/f/press/page.tsx; app/f/press/projects/[slug]/page.tsx; app/f/press/projects/page.tsx; app/f/press/resume/page.tsx; app/f/press/work/page.tsx; app/f/surface/[...missing]/page.tsx; app/f/surface/about/page.tsx; app/f/surface/ask/[slug]/page.tsx; app/f/surface/ask/page.tsx; app/f/surface/ask/page/[page]/page.tsx; app/f/surface/changelog/page.tsx; app/f/surface/lab/[slug]/page.tsx; app/f/surface/lab/page.tsx; app/f/surface/now/page.tsx; app/f/surface/owner/page.tsx; app/f/surface/page.tsx; app/f/surface/projects/[slug]/page.tsx; app/f/surface/projects/page.tsx; app/f/surface/resume/page.tsx; app/f/surface/work/page.tsx; app/f/survey/[...missing]/page.tsx; app/f/survey/about/page.tsx; app/f/survey/ask/[slug]/page.tsx; app/f/survey/ask/page.tsx; app/f/survey/ask/page/[page]/page.tsx; app/f/survey/changelog/page.tsx; app/f/survey/lab/[slug]/page.tsx; app/f/survey/lab/page.tsx; app/f/survey/now/page.tsx; app/f/survey/owner/page.tsx; app/f/survey/page.tsx; app/f/survey/projects/[slug]/page.tsx; app/f/survey/projects/page.tsx; app/f/survey/resume/page.tsx; app/f/survey/work/page.tsx; app/f/timetable/[...missing]/page.tsx; app/f/timetable/about/page.tsx; app/f/timetable/ask/[slug]/page.tsx; app/f/timetable/ask/page.tsx; app/f/timetable/ask/page/[page]/page.tsx; app/f/timetable/changelog/page.tsx; app/f/timetable/lab/[slug]/page.tsx; app/f/timetable/lab/page.tsx; app/f/timetable/now/page.tsx; app/f/timetable/owner/page.tsx; app/f/timetable/page.tsx; app/f/timetable/projects/[slug]/page.tsx; app/f/timetable/projects/page.tsx; app/f/timetable/resume/page.tsx; app/f/timetable/work/page.tsx; flavors/drawing-set/components/site/page.tsx; flavors/press/components/site/page.tsx; flavors/surface/components/site/page.tsx; flavors/survey/components/site/page.tsx; flavors/timetable/components/site/page.tsx	
app/f/drawing-set/resume/page.tsx	route:resume	app/f/minimal/resume/page.tsx; app/f/press/resume/page.tsx; app/f/surface/resume/page.tsx; app/f/survey/resume/page.tsx; app/f/timetable/resume/page.tsx	app/f/drawing-set/[...missing]/page.tsx; app/f/drawing-set/about/page.tsx; app/f/drawing-set/ask/[slug]/page.tsx; app/f/drawing-set/ask/page.tsx; app/f/drawing-set/ask/page/[page]/page.tsx; app/f/drawing-set/changelog/page.tsx; app/f/drawing-set/lab/[slug]/page.tsx; app/f/drawing-set/lab/page.tsx; app/f/drawing-set/now/page.tsx; app/f/drawing-set/owner/page.tsx; app/f/drawing-set/page.tsx; app/f/drawing-set/projects/[slug]/page.tsx; app/f/drawing-set/projects/page.tsx; app/f/drawing-set/work/page.tsx; app/f/minimal/[...missing]/page.tsx; app/f/minimal/about/page.tsx; app/f/minimal/ask/[slug]/page.tsx; app/f/minimal/ask/page.tsx; app/f/minimal/ask/page/[page]/page.tsx; app/f/minimal/changelog/page.tsx; app/f/minimal/lab/[slug]/page.tsx; app/f/minimal/lab/page.tsx; app/f/minimal/now/page.tsx; app/f/minimal/owner/page.tsx; app/f/minimal/page.tsx; app/f/minimal/projects/[slug]/page.tsx; app/f/minimal/projects/page.tsx; app/f/minimal/resume/page.tsx; app/f/minimal/work/page.tsx; app/f/press/[...missing]/page.tsx; app/f/press/about/page.tsx; app/f/press/ask/[slug]/page.tsx; app/f/press/ask/page.tsx; app/f/press/ask/page/[page]/page.tsx; app/f/press/changelog/page.tsx; app/f/press/lab/[slug]/page.tsx; app/f/press/lab/page.tsx; app/f/press/now/page.tsx; app/f/press/owner/page.tsx; app/f/press/page.tsx; app/f/press/projects/[slug]/page.tsx; app/f/press/projects/page.tsx; app/f/press/resume/page.tsx; app/f/press/work/page.tsx; app/f/surface/[...missing]/page.tsx; app/f/surface/about/page.tsx; app/f/surface/ask/[slug]/page.tsx; app/f/surface/ask/page.tsx; app/f/surface/ask/page/[page]/page.tsx; app/f/surface/changelog/page.tsx; app/f/surface/lab/[slug]/page.tsx; app/f/surface/lab/page.tsx; app/f/surface/now/page.tsx; app/f/surface/owner/page.tsx; app/f/surface/page.tsx; app/f/surface/projects/[slug]/page.tsx; app/f/surface/projects/page.tsx; app/f/surface/resume/page.tsx; app/f/surface/work/page.tsx; app/f/survey/[...missing]/page.tsx; app/f/survey/about/page.tsx; app/f/survey/ask/[slug]/page.tsx; app/f/survey/ask/page.tsx; app/f/survey/ask/page/[page]/page.tsx; app/f/survey/changelog/page.tsx; app/f/survey/lab/[slug]/page.tsx; app/f/survey/lab/page.tsx; app/f/survey/now/page.tsx; app/f/survey/owner/page.tsx; app/f/survey/page.tsx; app/f/survey/projects/[slug]/page.tsx; app/f/survey/projects/page.tsx; app/f/survey/resume/page.tsx; app/f/survey/work/page.tsx; app/f/timetable/[...missing]/page.tsx; app/f/timetable/about/page.tsx; app/f/timetable/ask/[slug]/page.tsx; app/f/timetable/ask/page.tsx; app/f/timetable/ask/page/[page]/page.tsx; app/f/timetable/changelog/page.tsx; app/f/timetable/lab/[slug]/page.tsx; app/f/timetable/lab/page.tsx; app/f/timetable/now/page.tsx; app/f/timetable/owner/page.tsx; app/f/timetable/page.tsx; app/f/timetable/projects/[slug]/page.tsx; app/f/timetable/projects/page.tsx; app/f/timetable/resume/page.tsx; app/f/timetable/work/page.tsx; flavors/drawing-set/components/site/page.tsx; flavors/press/components/site/page.tsx; flavors/surface/components/site/page.tsx; flavors/survey/components/site/page.tsx; flavors/timetable/components/site/page.tsx	
app/f/drawing-set/work/page.tsx	route:work	app/f/minimal/work/page.tsx; app/f/press/work/page.tsx; app/f/surface/work/page.tsx; app/f/survey/work/page.tsx; app/f/timetable/work/page.tsx	app/f/drawing-set/[...missing]/page.tsx; app/f/drawing-set/about/page.tsx; app/f/drawing-set/ask/[slug]/page.tsx; app/f/drawing-set/ask/page.tsx; app/f/drawing-set/ask/page/[page]/page.tsx; app/f/drawing-set/changelog/page.tsx; app/f/drawing-set/lab/[slug]/page.tsx; app/f/drawing-set/lab/page.tsx; app/f/drawing-set/now/page.tsx; app/f/drawing-set/owner/page.tsx; app/f/drawing-set/page.tsx; app/f/drawing-set/projects/[slug]/page.tsx; app/f/drawing-set/projects/page.tsx; app/f/drawing-set/resume/page.tsx; app/f/minimal/[...missing]/page.tsx; app/f/minimal/about/page.tsx; app/f/minimal/ask/[slug]/page.tsx; app/f/minimal/ask/page.tsx; app/f/minimal/ask/page/[page]/page.tsx; app/f/minimal/changelog/page.tsx; app/f/minimal/lab/[slug]/page.tsx; app/f/minimal/lab/page.tsx; app/f/minimal/now/page.tsx; app/f/minimal/owner/page.tsx; app/f/minimal/page.tsx; app/f/minimal/projects/[slug]/page.tsx; app/f/minimal/projects/page.tsx; app/f/minimal/resume/page.tsx; app/f/minimal/work/page.tsx; app/f/press/[...missing]/page.tsx; app/f/press/about/page.tsx; app/f/press/ask/[slug]/page.tsx; app/f/press/ask/page.tsx; app/f/press/ask/page/[page]/page.tsx; app/f/press/changelog/page.tsx; app/f/press/lab/[slug]/page.tsx; app/f/press/lab/page.tsx; app/f/press/now/page.tsx; app/f/press/owner/page.tsx; app/f/press/page.tsx; app/f/press/projects/[slug]/page.tsx; app/f/press/projects/page.tsx; app/f/press/resume/page.tsx; app/f/press/work/page.tsx; app/f/surface/[...missing]/page.tsx; app/f/surface/about/page.tsx; app/f/surface/ask/[slug]/page.tsx; app/f/surface/ask/page.tsx; app/f/surface/ask/page/[page]/page.tsx; app/f/surface/changelog/page.tsx; app/f/surface/lab/[slug]/page.tsx; app/f/surface/lab/page.tsx; app/f/surface/now/page.tsx; app/f/surface/owner/page.tsx; app/f/surface/page.tsx; app/f/surface/projects/[slug]/page.tsx; app/f/surface/projects/page.tsx; app/f/surface/resume/page.tsx; app/f/surface/work/page.tsx; app/f/survey/[...missing]/page.tsx; app/f/survey/about/page.tsx; app/f/survey/ask/[slug]/page.tsx; app/f/survey/ask/page.tsx; app/f/survey/ask/page/[page]/page.tsx; app/f/survey/changelog/page.tsx; app/f/survey/lab/[slug]/page.tsx; app/f/survey/lab/page.tsx; app/f/survey/now/page.tsx; app/f/survey/owner/page.tsx; app/f/survey/page.tsx; app/f/survey/projects/[slug]/page.tsx; app/f/survey/projects/page.tsx; app/f/survey/resume/page.tsx; app/f/survey/work/page.tsx; app/f/timetable/[...missing]/page.tsx; app/f/timetable/about/page.tsx; app/f/timetable/ask/[slug]/page.tsx; app/f/timetable/ask/page.tsx; app/f/timetable/ask/page/[page]/page.tsx; app/f/timetable/changelog/page.tsx; app/f/timetable/lab/[slug]/page.tsx; app/f/timetable/lab/page.tsx; app/f/timetable/now/page.tsx; app/f/timetable/owner/page.tsx; app/f/timetable/page.tsx; app/f/timetable/projects/[slug]/page.tsx; app/f/timetable/projects/page.tsx; app/f/timetable/resume/page.tsx; app/f/timetable/work/page.tsx; flavors/drawing-set/components/site/page.tsx; flavors/press/components/site/page.tsx; flavors/surface/components/site/page.tsx; flavors/survey/components/site/page.tsx; flavors/timetable/components/site/page.tsx	
app/f/minimal/[...missing]/page.tsx	route:[...missing]	app/f/drawing-set/[...missing]/page.tsx; app/f/press/[...missing]/page.tsx; app/f/surface/[...missing]/page.tsx; app/f/survey/[...missing]/page.tsx; app/f/timetable/[...missing]/page.tsx	app/f/drawing-set/[...missing]/page.tsx; app/f/drawing-set/about/page.tsx; app/f/drawing-set/ask/[slug]/page.tsx; app/f/drawing-set/ask/page.tsx; app/f/drawing-set/ask/page/[page]/page.tsx; app/f/drawing-set/changelog/page.tsx; app/f/drawing-set/lab/[slug]/page.tsx; app/f/drawing-set/lab/page.tsx; app/f/drawing-set/now/page.tsx; app/f/drawing-set/owner/page.tsx; app/f/drawing-set/page.tsx; app/f/drawing-set/projects/[slug]/page.tsx; app/f/drawing-set/projects/page.tsx; app/f/drawing-set/resume/page.tsx; app/f/drawing-set/work/page.tsx; app/f/minimal/about/page.tsx; app/f/minimal/ask/[slug]/page.tsx; app/f/minimal/ask/page.tsx; app/f/minimal/ask/page/[page]/page.tsx; app/f/minimal/changelog/page.tsx; app/f/minimal/lab/[slug]/page.tsx; app/f/minimal/lab/page.tsx; app/f/minimal/now/page.tsx; app/f/minimal/owner/page.tsx; app/f/minimal/page.tsx; app/f/minimal/projects/[slug]/page.tsx; app/f/minimal/projects/page.tsx; app/f/minimal/resume/page.tsx; app/f/minimal/work/page.tsx; app/f/press/[...missing]/page.tsx; app/f/press/about/page.tsx; app/f/press/ask/[slug]/page.tsx; app/f/press/ask/page.tsx; app/f/press/ask/page/[page]/page.tsx; app/f/press/changelog/page.tsx; app/f/press/lab/[slug]/page.tsx; app/f/press/lab/page.tsx; app/f/press/now/page.tsx; app/f/press/owner/page.tsx; app/f/press/page.tsx; app/f/press/projects/[slug]/page.tsx; app/f/press/projects/page.tsx; app/f/press/resume/page.tsx; app/f/press/work/page.tsx; app/f/surface/[...missing]/page.tsx; app/f/surface/about/page.tsx; app/f/surface/ask/[slug]/page.tsx; app/f/surface/ask/page.tsx; app/f/surface/ask/page/[page]/page.tsx; app/f/surface/changelog/page.tsx; app/f/surface/lab/[slug]/page.tsx; app/f/surface/lab/page.tsx; app/f/surface/now/page.tsx; app/f/surface/owner/page.tsx; app/f/surface/page.tsx; app/f/surface/projects/[slug]/page.tsx; app/f/surface/projects/page.tsx; app/f/surface/resume/page.tsx; app/f/surface/work/page.tsx; app/f/survey/[...missing]/page.tsx; app/f/survey/about/page.tsx; app/f/survey/ask/[slug]/page.tsx; app/f/survey/ask/page.tsx; app/f/survey/ask/page/[page]/page.tsx; app/f/survey/changelog/page.tsx; app/f/survey/lab/[slug]/page.tsx; app/f/survey/lab/page.tsx; app/f/survey/now/page.tsx; app/f/survey/owner/page.tsx; app/f/survey/page.tsx; app/f/survey/projects/[slug]/page.tsx; app/f/survey/projects/page.tsx; app/f/survey/resume/page.tsx; app/f/survey/work/page.tsx; app/f/timetable/[...missing]/page.tsx; app/f/timetable/about/page.tsx; app/f/timetable/ask/[slug]/page.tsx; app/f/timetable/ask/page.tsx; app/f/timetable/ask/page/[page]/page.tsx; app/f/timetable/changelog/page.tsx; app/f/timetable/lab/[slug]/page.tsx; app/f/timetable/lab/page.tsx; app/f/timetable/now/page.tsx; app/f/timetable/owner/page.tsx; app/f/timetable/page.tsx; app/f/timetable/projects/[slug]/page.tsx; app/f/timetable/projects/page.tsx; app/f/timetable/resume/page.tsx; app/f/timetable/work/page.tsx; flavors/drawing-set/components/site/page.tsx; flavors/press/components/site/page.tsx; flavors/surface/components/site/page.tsx; flavors/survey/components/site/page.tsx; flavors/timetable/components/site/page.tsx	app/f/drawing-set/[...missing]/page.tsx; app/f/press/[...missing]/page.tsx; app/f/surface/[...missing]/page.tsx; app/f/survey/[...missing]/page.tsx; app/f/timetable/[...missing]/page.tsx
app/f/minimal/about/page.tsx	route:about	app/f/drawing-set/about/page.tsx; app/f/press/about/page.tsx; app/f/surface/about/page.tsx; app/f/survey/about/page.tsx; app/f/timetable/about/page.tsx	app/f/drawing-set/[...missing]/page.tsx; app/f/drawing-set/about/page.tsx; app/f/drawing-set/ask/[slug]/page.tsx; app/f/drawing-set/ask/page.tsx; app/f/drawing-set/ask/page/[page]/page.tsx; app/f/drawing-set/changelog/page.tsx; app/f/drawing-set/lab/[slug]/page.tsx; app/f/drawing-set/lab/page.tsx; app/f/drawing-set/now/page.tsx; app/f/drawing-set/owner/page.tsx; app/f/drawing-set/page.tsx; app/f/drawing-set/projects/[slug]/page.tsx; app/f/drawing-set/projects/page.tsx; app/f/drawing-set/resume/page.tsx; app/f/drawing-set/work/page.tsx; app/f/minimal/[...missing]/page.tsx; app/f/minimal/ask/[slug]/page.tsx; app/f/minimal/ask/page.tsx; app/f/minimal/ask/page/[page]/page.tsx; app/f/minimal/changelog/page.tsx; app/f/minimal/lab/[slug]/page.tsx; app/f/minimal/lab/page.tsx; app/f/minimal/now/page.tsx; app/f/minimal/owner/page.tsx; app/f/minimal/page.tsx; app/f/minimal/projects/[slug]/page.tsx; app/f/minimal/projects/page.tsx; app/f/minimal/resume/page.tsx; app/f/minimal/work/page.tsx; app/f/press/[...missing]/page.tsx; app/f/press/about/page.tsx; app/f/press/ask/[slug]/page.tsx; app/f/press/ask/page.tsx; app/f/press/ask/page/[page]/page.tsx; app/f/press/changelog/page.tsx; app/f/press/lab/[slug]/page.tsx; app/f/press/lab/page.tsx; app/f/press/now/page.tsx; app/f/press/owner/page.tsx; app/f/press/page.tsx; app/f/press/projects/[slug]/page.tsx; app/f/press/projects/page.tsx; app/f/press/resume/page.tsx; app/f/press/work/page.tsx; app/f/surface/[...missing]/page.tsx; app/f/surface/about/page.tsx; app/f/surface/ask/[slug]/page.tsx; app/f/surface/ask/page.tsx; app/f/surface/ask/page/[page]/page.tsx; app/f/surface/changelog/page.tsx; app/f/surface/lab/[slug]/page.tsx; app/f/surface/lab/page.tsx; app/f/surface/now/page.tsx; app/f/surface/owner/page.tsx; app/f/surface/page.tsx; app/f/surface/projects/[slug]/page.tsx; app/f/surface/projects/page.tsx; app/f/surface/resume/page.tsx; app/f/surface/work/page.tsx; app/f/survey/[...missing]/page.tsx; app/f/survey/about/page.tsx; app/f/survey/ask/[slug]/page.tsx; app/f/survey/ask/page.tsx; app/f/survey/ask/page/[page]/page.tsx; app/f/survey/changelog/page.tsx; app/f/survey/lab/[slug]/page.tsx; app/f/survey/lab/page.tsx; app/f/survey/now/page.tsx; app/f/survey/owner/page.tsx; app/f/survey/page.tsx; app/f/survey/projects/[slug]/page.tsx; app/f/survey/projects/page.tsx; app/f/survey/resume/page.tsx; app/f/survey/work/page.tsx; app/f/timetable/[...missing]/page.tsx; app/f/timetable/about/page.tsx; app/f/timetable/ask/[slug]/page.tsx; app/f/timetable/ask/page.tsx; app/f/timetable/ask/page/[page]/page.tsx; app/f/timetable/changelog/page.tsx; app/f/timetable/lab/[slug]/page.tsx; app/f/timetable/lab/page.tsx; app/f/timetable/now/page.tsx; app/f/timetable/owner/page.tsx; app/f/timetable/page.tsx; app/f/timetable/projects/[slug]/page.tsx; app/f/timetable/projects/page.tsx; app/f/timetable/resume/page.tsx; app/f/timetable/work/page.tsx; flavors/drawing-set/components/site/page.tsx; flavors/press/components/site/page.tsx; flavors/surface/components/site/page.tsx; flavors/survey/components/site/page.tsx; flavors/timetable/components/site/page.tsx	
app/f/minimal/ask/[slug]/opengraph-image.tsx	route:ask/[slug]/opengraph-image	app/f/drawing-set/ask/[slug]/opengraph-image.tsx; app/f/press/ask/[slug]/opengraph-image.tsx; app/f/surface/ask/[slug]/opengraph-image.tsx; app/f/survey/ask/[slug]/opengraph-image.tsx; app/f/timetable/ask/[slug]/opengraph-image.tsx	app/f/drawing-set/ask/[slug]/opengraph-image.tsx; app/f/drawing-set/ask/opengraph-image.tsx; app/f/minimal/ask/opengraph-image.tsx; app/f/press/ask/[slug]/opengraph-image.tsx; app/f/press/ask/opengraph-image.tsx; app/f/surface/ask/[slug]/opengraph-image.tsx; app/f/surface/ask/opengraph-image.tsx; app/f/survey/ask/[slug]/opengraph-image.tsx; app/f/survey/ask/opengraph-image.tsx; app/f/timetable/ask/[slug]/opengraph-image.tsx; app/f/timetable/ask/opengraph-image.tsx	app/f/drawing-set/ask/[slug]/opengraph-image.tsx; app/f/press/ask/[slug]/opengraph-image.tsx; app/f/surface/ask/[slug]/opengraph-image.tsx; app/f/survey/ask/[slug]/opengraph-image.tsx; app/f/timetable/ask/[slug]/opengraph-image.tsx
app/f/minimal/ask/[slug]/page.tsx	route:ask/[slug]	app/f/drawing-set/ask/[slug]/page.tsx; app/f/press/ask/[slug]/page.tsx; app/f/surface/ask/[slug]/page.tsx; app/f/survey/ask/[slug]/page.tsx; app/f/timetable/ask/[slug]/page.tsx	app/f/drawing-set/[...missing]/page.tsx; app/f/drawing-set/about/page.tsx; app/f/drawing-set/ask/[slug]/page.tsx; app/f/drawing-set/ask/page.tsx; app/f/drawing-set/ask/page/[page]/page.tsx; app/f/drawing-set/changelog/page.tsx; app/f/drawing-set/lab/[slug]/page.tsx; app/f/drawing-set/lab/page.tsx; app/f/drawing-set/now/page.tsx; app/f/drawing-set/owner/page.tsx; app/f/drawing-set/page.tsx; app/f/drawing-set/projects/[slug]/page.tsx; app/f/drawing-set/projects/page.tsx; app/f/drawing-set/resume/page.tsx; app/f/drawing-set/work/page.tsx; app/f/minimal/[...missing]/page.tsx; app/f/minimal/about/page.tsx; app/f/minimal/ask/page.tsx; app/f/minimal/ask/page/[page]/page.tsx; app/f/minimal/changelog/page.tsx; app/f/minimal/lab/[slug]/page.tsx; app/f/minimal/lab/page.tsx; app/f/minimal/now/page.tsx; app/f/minimal/owner/page.tsx; app/f/minimal/page.tsx; app/f/minimal/projects/[slug]/page.tsx; app/f/minimal/projects/page.tsx; app/f/minimal/resume/page.tsx; app/f/minimal/work/page.tsx; app/f/press/[...missing]/page.tsx; app/f/press/about/page.tsx; app/f/press/ask/[slug]/page.tsx; app/f/press/ask/page.tsx; app/f/press/ask/page/[page]/page.tsx; app/f/press/changelog/page.tsx; app/f/press/lab/[slug]/page.tsx; app/f/press/lab/page.tsx; app/f/press/now/page.tsx; app/f/press/owner/page.tsx; app/f/press/page.tsx; app/f/press/projects/[slug]/page.tsx; app/f/press/projects/page.tsx; app/f/press/resume/page.tsx; app/f/press/work/page.tsx; app/f/surface/[...missing]/page.tsx; app/f/surface/about/page.tsx; app/f/surface/ask/[slug]/page.tsx; app/f/surface/ask/page.tsx; app/f/surface/ask/page/[page]/page.tsx; app/f/surface/changelog/page.tsx; app/f/surface/lab/[slug]/page.tsx; app/f/surface/lab/page.tsx; app/f/surface/now/page.tsx; app/f/surface/owner/page.tsx; app/f/surface/page.tsx; app/f/surface/projects/[slug]/page.tsx; app/f/surface/projects/page.tsx; app/f/surface/resume/page.tsx; app/f/surface/work/page.tsx; app/f/survey/[...missing]/page.tsx; app/f/survey/about/page.tsx; app/f/survey/ask/[slug]/page.tsx; app/f/survey/ask/page.tsx; app/f/survey/ask/page/[page]/page.tsx; app/f/survey/changelog/page.tsx; app/f/survey/lab/[slug]/page.tsx; app/f/survey/lab/page.tsx; app/f/survey/now/page.tsx; app/f/survey/owner/page.tsx; app/f/survey/page.tsx; app/f/survey/projects/[slug]/page.tsx; app/f/survey/projects/page.tsx; app/f/survey/resume/page.tsx; app/f/survey/work/page.tsx; app/f/timetable/[...missing]/page.tsx; app/f/timetable/about/page.tsx; app/f/timetable/ask/[slug]/page.tsx; app/f/timetable/ask/page.tsx; app/f/timetable/ask/page/[page]/page.tsx; app/f/timetable/changelog/page.tsx; app/f/timetable/lab/[slug]/page.tsx; app/f/timetable/lab/page.tsx; app/f/timetable/now/page.tsx; app/f/timetable/owner/page.tsx; app/f/timetable/page.tsx; app/f/timetable/projects/[slug]/page.tsx; app/f/timetable/projects/page.tsx; app/f/timetable/resume/page.tsx; app/f/timetable/work/page.tsx; flavors/drawing-set/components/site/page.tsx; flavors/press/components/site/page.tsx; flavors/surface/components/site/page.tsx; flavors/survey/components/site/page.tsx; flavors/timetable/components/site/page.tsx	
app/f/minimal/ask/opengraph-image.tsx	route:ask/opengraph-image	app/f/drawing-set/ask/opengraph-image.tsx; app/f/press/ask/opengraph-image.tsx; app/f/surface/ask/opengraph-image.tsx; app/f/survey/ask/opengraph-image.tsx; app/f/timetable/ask/opengraph-image.tsx	app/f/drawing-set/ask/[slug]/opengraph-image.tsx; app/f/drawing-set/ask/opengraph-image.tsx; app/f/minimal/ask/[slug]/opengraph-image.tsx; app/f/press/ask/[slug]/opengraph-image.tsx; app/f/press/ask/opengraph-image.tsx; app/f/surface/ask/[slug]/opengraph-image.tsx; app/f/surface/ask/opengraph-image.tsx; app/f/survey/ask/[slug]/opengraph-image.tsx; app/f/survey/ask/opengraph-image.tsx; app/f/timetable/ask/[slug]/opengraph-image.tsx; app/f/timetable/ask/opengraph-image.tsx	app/f/drawing-set/ask/opengraph-image.tsx; app/f/press/ask/opengraph-image.tsx; app/f/surface/ask/opengraph-image.tsx; app/f/survey/ask/opengraph-image.tsx; app/f/timetable/ask/opengraph-image.tsx
app/f/minimal/ask/page.tsx	route:ask	app/f/drawing-set/ask/page.tsx; app/f/press/ask/page.tsx; app/f/surface/ask/page.tsx; app/f/survey/ask/page.tsx; app/f/timetable/ask/page.tsx	app/f/drawing-set/[...missing]/page.tsx; app/f/drawing-set/about/page.tsx; app/f/drawing-set/ask/[slug]/page.tsx; app/f/drawing-set/ask/page.tsx; app/f/drawing-set/ask/page/[page]/page.tsx; app/f/drawing-set/changelog/page.tsx; app/f/drawing-set/lab/[slug]/page.tsx; app/f/drawing-set/lab/page.tsx; app/f/drawing-set/now/page.tsx; app/f/drawing-set/owner/page.tsx; app/f/drawing-set/page.tsx; app/f/drawing-set/projects/[slug]/page.tsx; app/f/drawing-set/projects/page.tsx; app/f/drawing-set/resume/page.tsx; app/f/drawing-set/work/page.tsx; app/f/minimal/[...missing]/page.tsx; app/f/minimal/about/page.tsx; app/f/minimal/ask/[slug]/page.tsx; app/f/minimal/ask/page/[page]/page.tsx; app/f/minimal/changelog/page.tsx; app/f/minimal/lab/[slug]/page.tsx; app/f/minimal/lab/page.tsx; app/f/minimal/now/page.tsx; app/f/minimal/owner/page.tsx; app/f/minimal/page.tsx; app/f/minimal/projects/[slug]/page.tsx; app/f/minimal/projects/page.tsx; app/f/minimal/resume/page.tsx; app/f/minimal/work/page.tsx; app/f/press/[...missing]/page.tsx; app/f/press/about/page.tsx; app/f/press/ask/[slug]/page.tsx; app/f/press/ask/page.tsx; app/f/press/ask/page/[page]/page.tsx; app/f/press/changelog/page.tsx; app/f/press/lab/[slug]/page.tsx; app/f/press/lab/page.tsx; app/f/press/now/page.tsx; app/f/press/owner/page.tsx; app/f/press/page.tsx; app/f/press/projects/[slug]/page.tsx; app/f/press/projects/page.tsx; app/f/press/resume/page.tsx; app/f/press/work/page.tsx; app/f/surface/[...missing]/page.tsx; app/f/surface/about/page.tsx; app/f/surface/ask/[slug]/page.tsx; app/f/surface/ask/page.tsx; app/f/surface/ask/page/[page]/page.tsx; app/f/surface/changelog/page.tsx; app/f/surface/lab/[slug]/page.tsx; app/f/surface/lab/page.tsx; app/f/surface/now/page.tsx; app/f/surface/owner/page.tsx; app/f/surface/page.tsx; app/f/surface/projects/[slug]/page.tsx; app/f/surface/projects/page.tsx; app/f/surface/resume/page.tsx; app/f/surface/work/page.tsx; app/f/survey/[...missing]/page.tsx; app/f/survey/about/page.tsx; app/f/survey/ask/[slug]/page.tsx; app/f/survey/ask/page.tsx; app/f/survey/ask/page/[page]/page.tsx; app/f/survey/changelog/page.tsx; app/f/survey/lab/[slug]/page.tsx; app/f/survey/lab/page.tsx; app/f/survey/now/page.tsx; app/f/survey/owner/page.tsx; app/f/survey/page.tsx; app/f/survey/projects/[slug]/page.tsx; app/f/survey/projects/page.tsx; app/f/survey/resume/page.tsx; app/f/survey/work/page.tsx; app/f/timetable/[...missing]/page.tsx; app/f/timetable/about/page.tsx; app/f/timetable/ask/[slug]/page.tsx; app/f/timetable/ask/page.tsx; app/f/timetable/ask/page/[page]/page.tsx; app/f/timetable/changelog/page.tsx; app/f/timetable/lab/[slug]/page.tsx; app/f/timetable/lab/page.tsx; app/f/timetable/now/page.tsx; app/f/timetable/owner/page.tsx; app/f/timetable/page.tsx; app/f/timetable/projects/[slug]/page.tsx; app/f/timetable/projects/page.tsx; app/f/timetable/resume/page.tsx; app/f/timetable/work/page.tsx; flavors/drawing-set/components/site/page.tsx; flavors/press/components/site/page.tsx; flavors/surface/components/site/page.tsx; flavors/survey/components/site/page.tsx; flavors/timetable/components/site/page.tsx	
app/f/minimal/ask/page/[page]/page.tsx	route:ask/page/[page]	app/f/drawing-set/ask/page/[page]/page.tsx; app/f/press/ask/page/[page]/page.tsx; app/f/surface/ask/page/[page]/page.tsx; app/f/survey/ask/page/[page]/page.tsx; app/f/timetable/ask/page/[page]/page.tsx	app/f/drawing-set/[...missing]/page.tsx; app/f/drawing-set/about/page.tsx; app/f/drawing-set/ask/[slug]/page.tsx; app/f/drawing-set/ask/page.tsx; app/f/drawing-set/ask/page/[page]/page.tsx; app/f/drawing-set/changelog/page.tsx; app/f/drawing-set/lab/[slug]/page.tsx; app/f/drawing-set/lab/page.tsx; app/f/drawing-set/now/page.tsx; app/f/drawing-set/owner/page.tsx; app/f/drawing-set/page.tsx; app/f/drawing-set/projects/[slug]/page.tsx; app/f/drawing-set/projects/page.tsx; app/f/drawing-set/resume/page.tsx; app/f/drawing-set/work/page.tsx; app/f/minimal/[...missing]/page.tsx; app/f/minimal/about/page.tsx; app/f/minimal/ask/[slug]/page.tsx; app/f/minimal/ask/page.tsx; app/f/minimal/changelog/page.tsx; app/f/minimal/lab/[slug]/page.tsx; app/f/minimal/lab/page.tsx; app/f/minimal/now/page.tsx; app/f/minimal/owner/page.tsx; app/f/minimal/page.tsx; app/f/minimal/projects/[slug]/page.tsx; app/f/minimal/projects/page.tsx; app/f/minimal/resume/page.tsx; app/f/minimal/work/page.tsx; app/f/press/[...missing]/page.tsx; app/f/press/about/page.tsx; app/f/press/ask/[slug]/page.tsx; app/f/press/ask/page.tsx; app/f/press/ask/page/[page]/page.tsx; app/f/press/changelog/page.tsx; app/f/press/lab/[slug]/page.tsx; app/f/press/lab/page.tsx; app/f/press/now/page.tsx; app/f/press/owner/page.tsx; app/f/press/page.tsx; app/f/press/projects/[slug]/page.tsx; app/f/press/projects/page.tsx; app/f/press/resume/page.tsx; app/f/press/work/page.tsx; app/f/surface/[...missing]/page.tsx; app/f/surface/about/page.tsx; app/f/surface/ask/[slug]/page.tsx; app/f/surface/ask/page.tsx; app/f/surface/ask/page/[page]/page.tsx; app/f/surface/changelog/page.tsx; app/f/surface/lab/[slug]/page.tsx; app/f/surface/lab/page.tsx; app/f/surface/now/page.tsx; app/f/surface/owner/page.tsx; app/f/surface/page.tsx; app/f/surface/projects/[slug]/page.tsx; app/f/surface/projects/page.tsx; app/f/surface/resume/page.tsx; app/f/surface/work/page.tsx; app/f/survey/[...missing]/page.tsx; app/f/survey/about/page.tsx; app/f/survey/ask/[slug]/page.tsx; app/f/survey/ask/page.tsx; app/f/survey/ask/page/[page]/page.tsx; app/f/survey/changelog/page.tsx; app/f/survey/lab/[slug]/page.tsx; app/f/survey/lab/page.tsx; app/f/survey/now/page.tsx; app/f/survey/owner/page.tsx; app/f/survey/page.tsx; app/f/survey/projects/[slug]/page.tsx; app/f/survey/projects/page.tsx; app/f/survey/resume/page.tsx; app/f/survey/work/page.tsx; app/f/timetable/[...missing]/page.tsx; app/f/timetable/about/page.tsx; app/f/timetable/ask/[slug]/page.tsx; app/f/timetable/ask/page.tsx; app/f/timetable/ask/page/[page]/page.tsx; app/f/timetable/changelog/page.tsx; app/f/timetable/lab/[slug]/page.tsx; app/f/timetable/lab/page.tsx; app/f/timetable/now/page.tsx; app/f/timetable/owner/page.tsx; app/f/timetable/page.tsx; app/f/timetable/projects/[slug]/page.tsx; app/f/timetable/projects/page.tsx; app/f/timetable/resume/page.tsx; app/f/timetable/work/page.tsx; flavors/drawing-set/components/site/page.tsx; flavors/press/components/site/page.tsx; flavors/surface/components/site/page.tsx; flavors/survey/components/site/page.tsx; flavors/timetable/components/site/page.tsx	
app/f/minimal/changelog/page.tsx	route:changelog	app/f/drawing-set/changelog/page.tsx; app/f/press/changelog/page.tsx; app/f/surface/changelog/page.tsx; app/f/survey/changelog/page.tsx; app/f/timetable/changelog/page.tsx	app/f/drawing-set/[...missing]/page.tsx; app/f/drawing-set/about/page.tsx; app/f/drawing-set/ask/[slug]/page.tsx; app/f/drawing-set/ask/page.tsx; app/f/drawing-set/ask/page/[page]/page.tsx; app/f/drawing-set/changelog/page.tsx; app/f/drawing-set/lab/[slug]/page.tsx; app/f/drawing-set/lab/page.tsx; app/f/drawing-set/now/page.tsx; app/f/drawing-set/owner/page.tsx; app/f/drawing-set/page.tsx; app/f/drawing-set/projects/[slug]/page.tsx; app/f/drawing-set/projects/page.tsx; app/f/drawing-set/resume/page.tsx; app/f/drawing-set/work/page.tsx; app/f/minimal/[...missing]/page.tsx; app/f/minimal/about/page.tsx; app/f/minimal/ask/[slug]/page.tsx; app/f/minimal/ask/page.tsx; app/f/minimal/ask/page/[page]/page.tsx; app/f/minimal/lab/[slug]/page.tsx; app/f/minimal/lab/page.tsx; app/f/minimal/now/page.tsx; app/f/minimal/owner/page.tsx; app/f/minimal/page.tsx; app/f/minimal/projects/[slug]/page.tsx; app/f/minimal/projects/page.tsx; app/f/minimal/resume/page.tsx; app/f/minimal/work/page.tsx; app/f/press/[...missing]/page.tsx; app/f/press/about/page.tsx; app/f/press/ask/[slug]/page.tsx; app/f/press/ask/page.tsx; app/f/press/ask/page/[page]/page.tsx; app/f/press/changelog/page.tsx; app/f/press/lab/[slug]/page.tsx; app/f/press/lab/page.tsx; app/f/press/now/page.tsx; app/f/press/owner/page.tsx; app/f/press/page.tsx; app/f/press/projects/[slug]/page.tsx; app/f/press/projects/page.tsx; app/f/press/resume/page.tsx; app/f/press/work/page.tsx; app/f/surface/[...missing]/page.tsx; app/f/surface/about/page.tsx; app/f/surface/ask/[slug]/page.tsx; app/f/surface/ask/page.tsx; app/f/surface/ask/page/[page]/page.tsx; app/f/surface/changelog/page.tsx; app/f/surface/lab/[slug]/page.tsx; app/f/surface/lab/page.tsx; app/f/surface/now/page.tsx; app/f/surface/owner/page.tsx; app/f/surface/page.tsx; app/f/surface/projects/[slug]/page.tsx; app/f/surface/projects/page.tsx; app/f/surface/resume/page.tsx; app/f/surface/work/page.tsx; app/f/survey/[...missing]/page.tsx; app/f/survey/about/page.tsx; app/f/survey/ask/[slug]/page.tsx; app/f/survey/ask/page.tsx; app/f/survey/ask/page/[page]/page.tsx; app/f/survey/changelog/page.tsx; app/f/survey/lab/[slug]/page.tsx; app/f/survey/lab/page.tsx; app/f/survey/now/page.tsx; app/f/survey/owner/page.tsx; app/f/survey/page.tsx; app/f/survey/projects/[slug]/page.tsx; app/f/survey/projects/page.tsx; app/f/survey/resume/page.tsx; app/f/survey/work/page.tsx; app/f/timetable/[...missing]/page.tsx; app/f/timetable/about/page.tsx; app/f/timetable/ask/[slug]/page.tsx; app/f/timetable/ask/page.tsx; app/f/timetable/ask/page/[page]/page.tsx; app/f/timetable/changelog/page.tsx; app/f/timetable/lab/[slug]/page.tsx; app/f/timetable/lab/page.tsx; app/f/timetable/now/page.tsx; app/f/timetable/owner/page.tsx; app/f/timetable/page.tsx; app/f/timetable/projects/[slug]/page.tsx; app/f/timetable/projects/page.tsx; app/f/timetable/resume/page.tsx; app/f/timetable/work/page.tsx; flavors/drawing-set/components/site/page.tsx; flavors/press/components/site/page.tsx; flavors/surface/components/site/page.tsx; flavors/survey/components/site/page.tsx; flavors/timetable/components/site/page.tsx	
app/f/minimal/lab/[slug]/page.tsx	route:lab/[slug]	app/f/drawing-set/lab/[slug]/page.tsx; app/f/press/lab/[slug]/page.tsx; app/f/surface/lab/[slug]/page.tsx; app/f/survey/lab/[slug]/page.tsx; app/f/timetable/lab/[slug]/page.tsx	app/f/drawing-set/[...missing]/page.tsx; app/f/drawing-set/about/page.tsx; app/f/drawing-set/ask/[slug]/page.tsx; app/f/drawing-set/ask/page.tsx; app/f/drawing-set/ask/page/[page]/page.tsx; app/f/drawing-set/changelog/page.tsx; app/f/drawing-set/lab/[slug]/page.tsx; app/f/drawing-set/lab/page.tsx; app/f/drawing-set/now/page.tsx; app/f/drawing-set/owner/page.tsx; app/f/drawing-set/page.tsx; app/f/drawing-set/projects/[slug]/page.tsx; app/f/drawing-set/projects/page.tsx; app/f/drawing-set/resume/page.tsx; app/f/drawing-set/work/page.tsx; app/f/minimal/[...missing]/page.tsx; app/f/minimal/about/page.tsx; app/f/minimal/ask/[slug]/page.tsx; app/f/minimal/ask/page.tsx; app/f/minimal/ask/page/[page]/page.tsx; app/f/minimal/changelog/page.tsx; app/f/minimal/lab/page.tsx; app/f/minimal/now/page.tsx; app/f/minimal/owner/page.tsx; app/f/minimal/page.tsx; app/f/minimal/projects/[slug]/page.tsx; app/f/minimal/projects/page.tsx; app/f/minimal/resume/page.tsx; app/f/minimal/work/page.tsx; app/f/press/[...missing]/page.tsx; app/f/press/about/page.tsx; app/f/press/ask/[slug]/page.tsx; app/f/press/ask/page.tsx; app/f/press/ask/page/[page]/page.tsx; app/f/press/changelog/page.tsx; app/f/press/lab/[slug]/page.tsx; app/f/press/lab/page.tsx; app/f/press/now/page.tsx; app/f/press/owner/page.tsx; app/f/press/page.tsx; app/f/press/projects/[slug]/page.tsx; app/f/press/projects/page.tsx; app/f/press/resume/page.tsx; app/f/press/work/page.tsx; app/f/surface/[...missing]/page.tsx; app/f/surface/about/page.tsx; app/f/surface/ask/[slug]/page.tsx; app/f/surface/ask/page.tsx; app/f/surface/ask/page/[page]/page.tsx; app/f/surface/changelog/page.tsx; app/f/surface/lab/[slug]/page.tsx; app/f/surface/lab/page.tsx; app/f/surface/now/page.tsx; app/f/surface/owner/page.tsx; app/f/surface/page.tsx; app/f/surface/projects/[slug]/page.tsx; app/f/surface/projects/page.tsx; app/f/surface/resume/page.tsx; app/f/surface/work/page.tsx; app/f/survey/[...missing]/page.tsx; app/f/survey/about/page.tsx; app/f/survey/ask/[slug]/page.tsx; app/f/survey/ask/page.tsx; app/f/survey/ask/page/[page]/page.tsx; app/f/survey/changelog/page.tsx; app/f/survey/lab/[slug]/page.tsx; app/f/survey/lab/page.tsx; app/f/survey/now/page.tsx; app/f/survey/owner/page.tsx; app/f/survey/page.tsx; app/f/survey/projects/[slug]/page.tsx; app/f/survey/projects/page.tsx; app/f/survey/resume/page.tsx; app/f/survey/work/page.tsx; app/f/timetable/[...missing]/page.tsx; app/f/timetable/about/page.tsx; app/f/timetable/ask/[slug]/page.tsx; app/f/timetable/ask/page.tsx; app/f/timetable/ask/page/[page]/page.tsx; app/f/timetable/changelog/page.tsx; app/f/timetable/lab/[slug]/page.tsx; app/f/timetable/lab/page.tsx; app/f/timetable/now/page.tsx; app/f/timetable/owner/page.tsx; app/f/timetable/page.tsx; app/f/timetable/projects/[slug]/page.tsx; app/f/timetable/projects/page.tsx; app/f/timetable/resume/page.tsx; app/f/timetable/work/page.tsx; flavors/drawing-set/components/site/page.tsx; flavors/press/components/site/page.tsx; flavors/surface/components/site/page.tsx; flavors/survey/components/site/page.tsx; flavors/timetable/components/site/page.tsx	
app/f/minimal/lab/page.tsx	route:lab	app/f/drawing-set/lab/page.tsx; app/f/press/lab/page.tsx; app/f/surface/lab/page.tsx; app/f/survey/lab/page.tsx; app/f/timetable/lab/page.tsx	app/f/drawing-set/[...missing]/page.tsx; app/f/drawing-set/about/page.tsx; app/f/drawing-set/ask/[slug]/page.tsx; app/f/drawing-set/ask/page.tsx; app/f/drawing-set/ask/page/[page]/page.tsx; app/f/drawing-set/changelog/page.tsx; app/f/drawing-set/lab/[slug]/page.tsx; app/f/drawing-set/lab/page.tsx; app/f/drawing-set/now/page.tsx; app/f/drawing-set/owner/page.tsx; app/f/drawing-set/page.tsx; app/f/drawing-set/projects/[slug]/page.tsx; app/f/drawing-set/projects/page.tsx; app/f/drawing-set/resume/page.tsx; app/f/drawing-set/work/page.tsx; app/f/minimal/[...missing]/page.tsx; app/f/minimal/about/page.tsx; app/f/minimal/ask/[slug]/page.tsx; app/f/minimal/ask/page.tsx; app/f/minimal/ask/page/[page]/page.tsx; app/f/minimal/changelog/page.tsx; app/f/minimal/lab/[slug]/page.tsx; app/f/minimal/now/page.tsx; app/f/minimal/owner/page.tsx; app/f/minimal/page.tsx; app/f/minimal/projects/[slug]/page.tsx; app/f/minimal/projects/page.tsx; app/f/minimal/resume/page.tsx; app/f/minimal/work/page.tsx; app/f/press/[...missing]/page.tsx; app/f/press/about/page.tsx; app/f/press/ask/[slug]/page.tsx; app/f/press/ask/page.tsx; app/f/press/ask/page/[page]/page.tsx; app/f/press/changelog/page.tsx; app/f/press/lab/[slug]/page.tsx; app/f/press/lab/page.tsx; app/f/press/now/page.tsx; app/f/press/owner/page.tsx; app/f/press/page.tsx; app/f/press/projects/[slug]/page.tsx; app/f/press/projects/page.tsx; app/f/press/resume/page.tsx; app/f/press/work/page.tsx; app/f/surface/[...missing]/page.tsx; app/f/surface/about/page.tsx; app/f/surface/ask/[slug]/page.tsx; app/f/surface/ask/page.tsx; app/f/surface/ask/page/[page]/page.tsx; app/f/surface/changelog/page.tsx; app/f/surface/lab/[slug]/page.tsx; app/f/surface/lab/page.tsx; app/f/surface/now/page.tsx; app/f/surface/owner/page.tsx; app/f/surface/page.tsx; app/f/surface/projects/[slug]/page.tsx; app/f/surface/projects/page.tsx; app/f/surface/resume/page.tsx; app/f/surface/work/page.tsx; app/f/survey/[...missing]/page.tsx; app/f/survey/about/page.tsx; app/f/survey/ask/[slug]/page.tsx; app/f/survey/ask/page.tsx; app/f/survey/ask/page/[page]/page.tsx; app/f/survey/changelog/page.tsx; app/f/survey/lab/[slug]/page.tsx; app/f/survey/lab/page.tsx; app/f/survey/now/page.tsx; app/f/survey/owner/page.tsx; app/f/survey/page.tsx; app/f/survey/projects/[slug]/page.tsx; app/f/survey/projects/page.tsx; app/f/survey/resume/page.tsx; app/f/survey/work/page.tsx; app/f/timetable/[...missing]/page.tsx; app/f/timetable/about/page.tsx; app/f/timetable/ask/[slug]/page.tsx; app/f/timetable/ask/page.tsx; app/f/timetable/ask/page/[page]/page.tsx; app/f/timetable/changelog/page.tsx; app/f/timetable/lab/[slug]/page.tsx; app/f/timetable/lab/page.tsx; app/f/timetable/now/page.tsx; app/f/timetable/owner/page.tsx; app/f/timetable/page.tsx; app/f/timetable/projects/[slug]/page.tsx; app/f/timetable/projects/page.tsx; app/f/timetable/resume/page.tsx; app/f/timetable/work/page.tsx; flavors/drawing-set/components/site/page.tsx; flavors/press/components/site/page.tsx; flavors/surface/components/site/page.tsx; flavors/survey/components/site/page.tsx; flavors/timetable/components/site/page.tsx	
app/f/minimal/layout.tsx	route:home	app/f/drawing-set/layout.tsx; app/f/press/layout.tsx; app/f/surface/layout.tsx; app/f/survey/layout.tsx; app/f/timetable/layout.tsx	app/f/drawing-set/layout.tsx; app/f/press/layout.tsx; app/f/surface/layout.tsx; app/f/survey/layout.tsx; app/f/timetable/layout.tsx	
app/f/minimal/not-found.tsx	route:home	app/f/drawing-set/not-found.tsx; app/f/press/not-found.tsx; app/f/surface/not-found.tsx; app/f/survey/not-found.tsx; app/f/timetable/not-found.tsx	app/f/drawing-set/not-found.tsx; app/f/press/not-found.tsx; app/f/surface/not-found.tsx; app/f/survey/not-found.tsx; app/f/timetable/not-found.tsx	
app/f/minimal/now/page.tsx	route:now	app/f/drawing-set/now/page.tsx; app/f/press/now/page.tsx; app/f/surface/now/page.tsx; app/f/survey/now/page.tsx; app/f/timetable/now/page.tsx	app/f/drawing-set/[...missing]/page.tsx; app/f/drawing-set/about/page.tsx; app/f/drawing-set/ask/[slug]/page.tsx; app/f/drawing-set/ask/page.tsx; app/f/drawing-set/ask/page/[page]/page.tsx; app/f/drawing-set/changelog/page.tsx; app/f/drawing-set/lab/[slug]/page.tsx; app/f/drawing-set/lab/page.tsx; app/f/drawing-set/now/page.tsx; app/f/drawing-set/owner/page.tsx; app/f/drawing-set/page.tsx; app/f/drawing-set/projects/[slug]/page.tsx; app/f/drawing-set/projects/page.tsx; app/f/drawing-set/resume/page.tsx; app/f/drawing-set/work/page.tsx; app/f/minimal/[...missing]/page.tsx; app/f/minimal/about/page.tsx; app/f/minimal/ask/[slug]/page.tsx; app/f/minimal/ask/page.tsx; app/f/minimal/ask/page/[page]/page.tsx; app/f/minimal/changelog/page.tsx; app/f/minimal/lab/[slug]/page.tsx; app/f/minimal/lab/page.tsx; app/f/minimal/owner/page.tsx; app/f/minimal/page.tsx; app/f/minimal/projects/[slug]/page.tsx; app/f/minimal/projects/page.tsx; app/f/minimal/resume/page.tsx; app/f/minimal/work/page.tsx; app/f/press/[...missing]/page.tsx; app/f/press/about/page.tsx; app/f/press/ask/[slug]/page.tsx; app/f/press/ask/page.tsx; app/f/press/ask/page/[page]/page.tsx; app/f/press/changelog/page.tsx; app/f/press/lab/[slug]/page.tsx; app/f/press/lab/page.tsx; app/f/press/now/page.tsx; app/f/press/owner/page.tsx; app/f/press/page.tsx; app/f/press/projects/[slug]/page.tsx; app/f/press/projects/page.tsx; app/f/press/resume/page.tsx; app/f/press/work/page.tsx; app/f/surface/[...missing]/page.tsx; app/f/surface/about/page.tsx; app/f/surface/ask/[slug]/page.tsx; app/f/surface/ask/page.tsx; app/f/surface/ask/page/[page]/page.tsx; app/f/surface/changelog/page.tsx; app/f/surface/lab/[slug]/page.tsx; app/f/surface/lab/page.tsx; app/f/surface/now/page.tsx; app/f/surface/owner/page.tsx; app/f/surface/page.tsx; app/f/surface/projects/[slug]/page.tsx; app/f/surface/projects/page.tsx; app/f/surface/resume/page.tsx; app/f/surface/work/page.tsx; app/f/survey/[...missing]/page.tsx; app/f/survey/about/page.tsx; app/f/survey/ask/[slug]/page.tsx; app/f/survey/ask/page.tsx; app/f/survey/ask/page/[page]/page.tsx; app/f/survey/changelog/page.tsx; app/f/survey/lab/[slug]/page.tsx; app/f/survey/lab/page.tsx; app/f/survey/now/page.tsx; app/f/survey/owner/page.tsx; app/f/survey/page.tsx; app/f/survey/projects/[slug]/page.tsx; app/f/survey/projects/page.tsx; app/f/survey/resume/page.tsx; app/f/survey/work/page.tsx; app/f/timetable/[...missing]/page.tsx; app/f/timetable/about/page.tsx; app/f/timetable/ask/[slug]/page.tsx; app/f/timetable/ask/page.tsx; app/f/timetable/ask/page/[page]/page.tsx; app/f/timetable/changelog/page.tsx; app/f/timetable/lab/[slug]/page.tsx; app/f/timetable/lab/page.tsx; app/f/timetable/now/page.tsx; app/f/timetable/owner/page.tsx; app/f/timetable/page.tsx; app/f/timetable/projects/[slug]/page.tsx; app/f/timetable/projects/page.tsx; app/f/timetable/resume/page.tsx; app/f/timetable/work/page.tsx; flavors/drawing-set/components/site/page.tsx; flavors/press/components/site/page.tsx; flavors/surface/components/site/page.tsx; flavors/survey/components/site/page.tsx; flavors/timetable/components/site/page.tsx	
app/f/minimal/owner/page.tsx	route:owner	app/f/drawing-set/owner/page.tsx; app/f/press/owner/page.tsx; app/f/surface/owner/page.tsx; app/f/survey/owner/page.tsx; app/f/timetable/owner/page.tsx	app/f/drawing-set/[...missing]/page.tsx; app/f/drawing-set/about/page.tsx; app/f/drawing-set/ask/[slug]/page.tsx; app/f/drawing-set/ask/page.tsx; app/f/drawing-set/ask/page/[page]/page.tsx; app/f/drawing-set/changelog/page.tsx; app/f/drawing-set/lab/[slug]/page.tsx; app/f/drawing-set/lab/page.tsx; app/f/drawing-set/now/page.tsx; app/f/drawing-set/owner/page.tsx; app/f/drawing-set/page.tsx; app/f/drawing-set/projects/[slug]/page.tsx; app/f/drawing-set/projects/page.tsx; app/f/drawing-set/resume/page.tsx; app/f/drawing-set/work/page.tsx; app/f/minimal/[...missing]/page.tsx; app/f/minimal/about/page.tsx; app/f/minimal/ask/[slug]/page.tsx; app/f/minimal/ask/page.tsx; app/f/minimal/ask/page/[page]/page.tsx; app/f/minimal/changelog/page.tsx; app/f/minimal/lab/[slug]/page.tsx; app/f/minimal/lab/page.tsx; app/f/minimal/now/page.tsx; app/f/minimal/page.tsx; app/f/minimal/projects/[slug]/page.tsx; app/f/minimal/projects/page.tsx; app/f/minimal/resume/page.tsx; app/f/minimal/work/page.tsx; app/f/press/[...missing]/page.tsx; app/f/press/about/page.tsx; app/f/press/ask/[slug]/page.tsx; app/f/press/ask/page.tsx; app/f/press/ask/page/[page]/page.tsx; app/f/press/changelog/page.tsx; app/f/press/lab/[slug]/page.tsx; app/f/press/lab/page.tsx; app/f/press/now/page.tsx; app/f/press/owner/page.tsx; app/f/press/page.tsx; app/f/press/projects/[slug]/page.tsx; app/f/press/projects/page.tsx; app/f/press/resume/page.tsx; app/f/press/work/page.tsx; app/f/surface/[...missing]/page.tsx; app/f/surface/about/page.tsx; app/f/surface/ask/[slug]/page.tsx; app/f/surface/ask/page.tsx; app/f/surface/ask/page/[page]/page.tsx; app/f/surface/changelog/page.tsx; app/f/surface/lab/[slug]/page.tsx; app/f/surface/lab/page.tsx; app/f/surface/now/page.tsx; app/f/surface/owner/page.tsx; app/f/surface/page.tsx; app/f/surface/projects/[slug]/page.tsx; app/f/surface/projects/page.tsx; app/f/surface/resume/page.tsx; app/f/surface/work/page.tsx; app/f/survey/[...missing]/page.tsx; app/f/survey/about/page.tsx; app/f/survey/ask/[slug]/page.tsx; app/f/survey/ask/page.tsx; app/f/survey/ask/page/[page]/page.tsx; app/f/survey/changelog/page.tsx; app/f/survey/lab/[slug]/page.tsx; app/f/survey/lab/page.tsx; app/f/survey/now/page.tsx; app/f/survey/owner/page.tsx; app/f/survey/page.tsx; app/f/survey/projects/[slug]/page.tsx; app/f/survey/projects/page.tsx; app/f/survey/resume/page.tsx; app/f/survey/work/page.tsx; app/f/timetable/[...missing]/page.tsx; app/f/timetable/about/page.tsx; app/f/timetable/ask/[slug]/page.tsx; app/f/timetable/ask/page.tsx; app/f/timetable/ask/page/[page]/page.tsx; app/f/timetable/changelog/page.tsx; app/f/timetable/lab/[slug]/page.tsx; app/f/timetable/lab/page.tsx; app/f/timetable/now/page.tsx; app/f/timetable/owner/page.tsx; app/f/timetable/page.tsx; app/f/timetable/projects/[slug]/page.tsx; app/f/timetable/projects/page.tsx; app/f/timetable/resume/page.tsx; app/f/timetable/work/page.tsx; flavors/drawing-set/components/site/page.tsx; flavors/press/components/site/page.tsx; flavors/surface/components/site/page.tsx; flavors/survey/components/site/page.tsx; flavors/timetable/components/site/page.tsx	
app/f/minimal/page.tsx	route:home	app/f/drawing-set/page.tsx; app/f/press/page.tsx; app/f/surface/page.tsx; app/f/survey/page.tsx; app/f/timetable/page.tsx	app/f/drawing-set/[...missing]/page.tsx; app/f/drawing-set/about/page.tsx; app/f/drawing-set/ask/[slug]/page.tsx; app/f/drawing-set/ask/page.tsx; app/f/drawing-set/ask/page/[page]/page.tsx; app/f/drawing-set/changelog/page.tsx; app/f/drawing-set/lab/[slug]/page.tsx; app/f/drawing-set/lab/page.tsx; app/f/drawing-set/now/page.tsx; app/f/drawing-set/owner/page.tsx; app/f/drawing-set/page.tsx; app/f/drawing-set/projects/[slug]/page.tsx; app/f/drawing-set/projects/page.tsx; app/f/drawing-set/resume/page.tsx; app/f/drawing-set/work/page.tsx; app/f/minimal/[...missing]/page.tsx; app/f/minimal/about/page.tsx; app/f/minimal/ask/[slug]/page.tsx; app/f/minimal/ask/page.tsx; app/f/minimal/ask/page/[page]/page.tsx; app/f/minimal/changelog/page.tsx; app/f/minimal/lab/[slug]/page.tsx; app/f/minimal/lab/page.tsx; app/f/minimal/now/page.tsx; app/f/minimal/owner/page.tsx; app/f/minimal/projects/[slug]/page.tsx; app/f/minimal/projects/page.tsx; app/f/minimal/resume/page.tsx; app/f/minimal/work/page.tsx; app/f/press/[...missing]/page.tsx; app/f/press/about/page.tsx; app/f/press/ask/[slug]/page.tsx; app/f/press/ask/page.tsx; app/f/press/ask/page/[page]/page.tsx; app/f/press/changelog/page.tsx; app/f/press/lab/[slug]/page.tsx; app/f/press/lab/page.tsx; app/f/press/now/page.tsx; app/f/press/owner/page.tsx; app/f/press/page.tsx; app/f/press/projects/[slug]/page.tsx; app/f/press/projects/page.tsx; app/f/press/resume/page.tsx; app/f/press/work/page.tsx; app/f/surface/[...missing]/page.tsx; app/f/surface/about/page.tsx; app/f/surface/ask/[slug]/page.tsx; app/f/surface/ask/page.tsx; app/f/surface/ask/page/[page]/page.tsx; app/f/surface/changelog/page.tsx; app/f/surface/lab/[slug]/page.tsx; app/f/surface/lab/page.tsx; app/f/surface/now/page.tsx; app/f/surface/owner/page.tsx; app/f/surface/page.tsx; app/f/surface/projects/[slug]/page.tsx; app/f/surface/projects/page.tsx; app/f/surface/resume/page.tsx; app/f/surface/work/page.tsx; app/f/survey/[...missing]/page.tsx; app/f/survey/about/page.tsx; app/f/survey/ask/[slug]/page.tsx; app/f/survey/ask/page.tsx; app/f/survey/ask/page/[page]/page.tsx; app/f/survey/changelog/page.tsx; app/f/survey/lab/[slug]/page.tsx; app/f/survey/lab/page.tsx; app/f/survey/now/page.tsx; app/f/survey/owner/page.tsx; app/f/survey/page.tsx; app/f/survey/projects/[slug]/page.tsx; app/f/survey/projects/page.tsx; app/f/survey/resume/page.tsx; app/f/survey/work/page.tsx; app/f/timetable/[...missing]/page.tsx; app/f/timetable/about/page.tsx; app/f/timetable/ask/[slug]/page.tsx; app/f/timetable/ask/page.tsx; app/f/timetable/ask/page/[page]/page.tsx; app/f/timetable/changelog/page.tsx; app/f/timetable/lab/[slug]/page.tsx; app/f/timetable/lab/page.tsx; app/f/timetable/now/page.tsx; app/f/timetable/owner/page.tsx; app/f/timetable/page.tsx; app/f/timetable/projects/[slug]/page.tsx; app/f/timetable/projects/page.tsx; app/f/timetable/resume/page.tsx; app/f/timetable/work/page.tsx; flavors/drawing-set/components/site/page.tsx; flavors/press/components/site/page.tsx; flavors/surface/components/site/page.tsx; flavors/survey/components/site/page.tsx; flavors/timetable/components/site/page.tsx	
app/f/minimal/projects/[slug]/page.tsx	route:projects/[slug]	app/f/drawing-set/projects/[slug]/page.tsx; app/f/press/projects/[slug]/page.tsx; app/f/surface/projects/[slug]/page.tsx; app/f/survey/projects/[slug]/page.tsx; app/f/timetable/projects/[slug]/page.tsx	app/f/drawing-set/[...missing]/page.tsx; app/f/drawing-set/about/page.tsx; app/f/drawing-set/ask/[slug]/page.tsx; app/f/drawing-set/ask/page.tsx; app/f/drawing-set/ask/page/[page]/page.tsx; app/f/drawing-set/changelog/page.tsx; app/f/drawing-set/lab/[slug]/page.tsx; app/f/drawing-set/lab/page.tsx; app/f/drawing-set/now/page.tsx; app/f/drawing-set/owner/page.tsx; app/f/drawing-set/page.tsx; app/f/drawing-set/projects/[slug]/page.tsx; app/f/drawing-set/projects/page.tsx; app/f/drawing-set/resume/page.tsx; app/f/drawing-set/work/page.tsx; app/f/minimal/[...missing]/page.tsx; app/f/minimal/about/page.tsx; app/f/minimal/ask/[slug]/page.tsx; app/f/minimal/ask/page.tsx; app/f/minimal/ask/page/[page]/page.tsx; app/f/minimal/changelog/page.tsx; app/f/minimal/lab/[slug]/page.tsx; app/f/minimal/lab/page.tsx; app/f/minimal/now/page.tsx; app/f/minimal/owner/page.tsx; app/f/minimal/page.tsx; app/f/minimal/projects/page.tsx; app/f/minimal/resume/page.tsx; app/f/minimal/work/page.tsx; app/f/press/[...missing]/page.tsx; app/f/press/about/page.tsx; app/f/press/ask/[slug]/page.tsx; app/f/press/ask/page.tsx; app/f/press/ask/page/[page]/page.tsx; app/f/press/changelog/page.tsx; app/f/press/lab/[slug]/page.tsx; app/f/press/lab/page.tsx; app/f/press/now/page.tsx; app/f/press/owner/page.tsx; app/f/press/page.tsx; app/f/press/projects/[slug]/page.tsx; app/f/press/projects/page.tsx; app/f/press/resume/page.tsx; app/f/press/work/page.tsx; app/f/surface/[...missing]/page.tsx; app/f/surface/about/page.tsx; app/f/surface/ask/[slug]/page.tsx; app/f/surface/ask/page.tsx; app/f/surface/ask/page/[page]/page.tsx; app/f/surface/changelog/page.tsx; app/f/surface/lab/[slug]/page.tsx; app/f/surface/lab/page.tsx; app/f/surface/now/page.tsx; app/f/surface/owner/page.tsx; app/f/surface/page.tsx; app/f/surface/projects/[slug]/page.tsx; app/f/surface/projects/page.tsx; app/f/surface/resume/page.tsx; app/f/surface/work/page.tsx; app/f/survey/[...missing]/page.tsx; app/f/survey/about/page.tsx; app/f/survey/ask/[slug]/page.tsx; app/f/survey/ask/page.tsx; app/f/survey/ask/page/[page]/page.tsx; app/f/survey/changelog/page.tsx; app/f/survey/lab/[slug]/page.tsx; app/f/survey/lab/page.tsx; app/f/survey/now/page.tsx; app/f/survey/owner/page.tsx; app/f/survey/page.tsx; app/f/survey/projects/[slug]/page.tsx; app/f/survey/projects/page.tsx; app/f/survey/resume/page.tsx; app/f/survey/work/page.tsx; app/f/timetable/[...missing]/page.tsx; app/f/timetable/about/page.tsx; app/f/timetable/ask/[slug]/page.tsx; app/f/timetable/ask/page.tsx; app/f/timetable/ask/page/[page]/page.tsx; app/f/timetable/changelog/page.tsx; app/f/timetable/lab/[slug]/page.tsx; app/f/timetable/lab/page.tsx; app/f/timetable/now/page.tsx; app/f/timetable/owner/page.tsx; app/f/timetable/page.tsx; app/f/timetable/projects/[slug]/page.tsx; app/f/timetable/projects/page.tsx; app/f/timetable/resume/page.tsx; app/f/timetable/work/page.tsx; flavors/drawing-set/components/site/page.tsx; flavors/press/components/site/page.tsx; flavors/surface/components/site/page.tsx; flavors/survey/components/site/page.tsx; flavors/timetable/components/site/page.tsx	
app/f/minimal/projects/page.tsx	route:projects	app/f/drawing-set/projects/page.tsx; app/f/press/projects/page.tsx; app/f/surface/projects/page.tsx; app/f/survey/projects/page.tsx; app/f/timetable/projects/page.tsx	app/f/drawing-set/[...missing]/page.tsx; app/f/drawing-set/about/page.tsx; app/f/drawing-set/ask/[slug]/page.tsx; app/f/drawing-set/ask/page.tsx; app/f/drawing-set/ask/page/[page]/page.tsx; app/f/drawing-set/changelog/page.tsx; app/f/drawing-set/lab/[slug]/page.tsx; app/f/drawing-set/lab/page.tsx; app/f/drawing-set/now/page.tsx; app/f/drawing-set/owner/page.tsx; app/f/drawing-set/page.tsx; app/f/drawing-set/projects/[slug]/page.tsx; app/f/drawing-set/projects/page.tsx; app/f/drawing-set/resume/page.tsx; app/f/drawing-set/work/page.tsx; app/f/minimal/[...missing]/page.tsx; app/f/minimal/about/page.tsx; app/f/minimal/ask/[slug]/page.tsx; app/f/minimal/ask/page.tsx; app/f/minimal/ask/page/[page]/page.tsx; app/f/minimal/changelog/page.tsx; app/f/minimal/lab/[slug]/page.tsx; app/f/minimal/lab/page.tsx; app/f/minimal/now/page.tsx; app/f/minimal/owner/page.tsx; app/f/minimal/page.tsx; app/f/minimal/projects/[slug]/page.tsx; app/f/minimal/resume/page.tsx; app/f/minimal/work/page.tsx; app/f/press/[...missing]/page.tsx; app/f/press/about/page.tsx; app/f/press/ask/[slug]/page.tsx; app/f/press/ask/page.tsx; app/f/press/ask/page/[page]/page.tsx; app/f/press/changelog/page.tsx; app/f/press/lab/[slug]/page.tsx; app/f/press/lab/page.tsx; app/f/press/now/page.tsx; app/f/press/owner/page.tsx; app/f/press/page.tsx; app/f/press/projects/[slug]/page.tsx; app/f/press/projects/page.tsx; app/f/press/resume/page.tsx; app/f/press/work/page.tsx; app/f/surface/[...missing]/page.tsx; app/f/surface/about/page.tsx; app/f/surface/ask/[slug]/page.tsx; app/f/surface/ask/page.tsx; app/f/surface/ask/page/[page]/page.tsx; app/f/surface/changelog/page.tsx; app/f/surface/lab/[slug]/page.tsx; app/f/surface/lab/page.tsx; app/f/surface/now/page.tsx; app/f/surface/owner/page.tsx; app/f/surface/page.tsx; app/f/surface/projects/[slug]/page.tsx; app/f/surface/projects/page.tsx; app/f/surface/resume/page.tsx; app/f/surface/work/page.tsx; app/f/survey/[...missing]/page.tsx; app/f/survey/about/page.tsx; app/f/survey/ask/[slug]/page.tsx; app/f/survey/ask/page.tsx; app/f/survey/ask/page/[page]/page.tsx; app/f/survey/changelog/page.tsx; app/f/survey/lab/[slug]/page.tsx; app/f/survey/lab/page.tsx; app/f/survey/now/page.tsx; app/f/survey/owner/page.tsx; app/f/survey/page.tsx; app/f/survey/projects/[slug]/page.tsx; app/f/survey/projects/page.tsx; app/f/survey/resume/page.tsx; app/f/survey/work/page.tsx; app/f/timetable/[...missing]/page.tsx; app/f/timetable/about/page.tsx; app/f/timetable/ask/[slug]/page.tsx; app/f/timetable/ask/page.tsx; app/f/timetable/ask/page/[page]/page.tsx; app/f/timetable/changelog/page.tsx; app/f/timetable/lab/[slug]/page.tsx; app/f/timetable/lab/page.tsx; app/f/timetable/now/page.tsx; app/f/timetable/owner/page.tsx; app/f/timetable/page.tsx; app/f/timetable/projects/[slug]/page.tsx; app/f/timetable/projects/page.tsx; app/f/timetable/resume/page.tsx; app/f/timetable/work/page.tsx; flavors/drawing-set/components/site/page.tsx; flavors/press/components/site/page.tsx; flavors/surface/components/site/page.tsx; flavors/survey/components/site/page.tsx; flavors/timetable/components/site/page.tsx	
app/f/minimal/resume/page.tsx	route:resume	app/f/drawing-set/resume/page.tsx; app/f/press/resume/page.tsx; app/f/surface/resume/page.tsx; app/f/survey/resume/page.tsx; app/f/timetable/resume/page.tsx	app/f/drawing-set/[...missing]/page.tsx; app/f/drawing-set/about/page.tsx; app/f/drawing-set/ask/[slug]/page.tsx; app/f/drawing-set/ask/page.tsx; app/f/drawing-set/ask/page/[page]/page.tsx; app/f/drawing-set/changelog/page.tsx; app/f/drawing-set/lab/[slug]/page.tsx; app/f/drawing-set/lab/page.tsx; app/f/drawing-set/now/page.tsx; app/f/drawing-set/owner/page.tsx; app/f/drawing-set/page.tsx; app/f/drawing-set/projects/[slug]/page.tsx; app/f/drawing-set/projects/page.tsx; app/f/drawing-set/resume/page.tsx; app/f/drawing-set/work/page.tsx; app/f/minimal/[...missing]/page.tsx; app/f/minimal/about/page.tsx; app/f/minimal/ask/[slug]/page.tsx; app/f/minimal/ask/page.tsx; app/f/minimal/ask/page/[page]/page.tsx; app/f/minimal/changelog/page.tsx; app/f/minimal/lab/[slug]/page.tsx; app/f/minimal/lab/page.tsx; app/f/minimal/now/page.tsx; app/f/minimal/owner/page.tsx; app/f/minimal/page.tsx; app/f/minimal/projects/[slug]/page.tsx; app/f/minimal/projects/page.tsx; app/f/minimal/work/page.tsx; app/f/press/[...missing]/page.tsx; app/f/press/about/page.tsx; app/f/press/ask/[slug]/page.tsx; app/f/press/ask/page.tsx; app/f/press/ask/page/[page]/page.tsx; app/f/press/changelog/page.tsx; app/f/press/lab/[slug]/page.tsx; app/f/press/lab/page.tsx; app/f/press/now/page.tsx; app/f/press/owner/page.tsx; app/f/press/page.tsx; app/f/press/projects/[slug]/page.tsx; app/f/press/projects/page.tsx; app/f/press/resume/page.tsx; app/f/press/work/page.tsx; app/f/surface/[...missing]/page.tsx; app/f/surface/about/page.tsx; app/f/surface/ask/[slug]/page.tsx; app/f/surface/ask/page.tsx; app/f/surface/ask/page/[page]/page.tsx; app/f/surface/changelog/page.tsx; app/f/surface/lab/[slug]/page.tsx; app/f/surface/lab/page.tsx; app/f/surface/now/page.tsx; app/f/surface/owner/page.tsx; app/f/surface/page.tsx; app/f/surface/projects/[slug]/page.tsx; app/f/surface/projects/page.tsx; app/f/surface/resume/page.tsx; app/f/surface/work/page.tsx; app/f/survey/[...missing]/page.tsx; app/f/survey/about/page.tsx; app/f/survey/ask/[slug]/page.tsx; app/f/survey/ask/page.tsx; app/f/survey/ask/page/[page]/page.tsx; app/f/survey/changelog/page.tsx; app/f/survey/lab/[slug]/page.tsx; app/f/survey/lab/page.tsx; app/f/survey/now/page.tsx; app/f/survey/owner/page.tsx; app/f/survey/page.tsx; app/f/survey/projects/[slug]/page.tsx; app/f/survey/projects/page.tsx; app/f/survey/resume/page.tsx; app/f/survey/work/page.tsx; app/f/timetable/[...missing]/page.tsx; app/f/timetable/about/page.tsx; app/f/timetable/ask/[slug]/page.tsx; app/f/timetable/ask/page.tsx; app/f/timetable/ask/page/[page]/page.tsx; app/f/timetable/changelog/page.tsx; app/f/timetable/lab/[slug]/page.tsx; app/f/timetable/lab/page.tsx; app/f/timetable/now/page.tsx; app/f/timetable/owner/page.tsx; app/f/timetable/page.tsx; app/f/timetable/projects/[slug]/page.tsx; app/f/timetable/projects/page.tsx; app/f/timetable/resume/page.tsx; app/f/timetable/work/page.tsx; flavors/drawing-set/components/site/page.tsx; flavors/press/components/site/page.tsx; flavors/surface/components/site/page.tsx; flavors/survey/components/site/page.tsx; flavors/timetable/components/site/page.tsx	
app/f/minimal/work/page.tsx	route:work	app/f/drawing-set/work/page.tsx; app/f/press/work/page.tsx; app/f/surface/work/page.tsx; app/f/survey/work/page.tsx; app/f/timetable/work/page.tsx	app/f/drawing-set/[...missing]/page.tsx; app/f/drawing-set/about/page.tsx; app/f/drawing-set/ask/[slug]/page.tsx; app/f/drawing-set/ask/page.tsx; app/f/drawing-set/ask/page/[page]/page.tsx; app/f/drawing-set/changelog/page.tsx; app/f/drawing-set/lab/[slug]/page.tsx; app/f/drawing-set/lab/page.tsx; app/f/drawing-set/now/page.tsx; app/f/drawing-set/owner/page.tsx; app/f/drawing-set/page.tsx; app/f/drawing-set/projects/[slug]/page.tsx; app/f/drawing-set/projects/page.tsx; app/f/drawing-set/resume/page.tsx; app/f/drawing-set/work/page.tsx; app/f/minimal/[...missing]/page.tsx; app/f/minimal/about/page.tsx; app/f/minimal/ask/[slug]/page.tsx; app/f/minimal/ask/page.tsx; app/f/minimal/ask/page/[page]/page.tsx; app/f/minimal/changelog/page.tsx; app/f/minimal/lab/[slug]/page.tsx; app/f/minimal/lab/page.tsx; app/f/minimal/now/page.tsx; app/f/minimal/owner/page.tsx; app/f/minimal/page.tsx; app/f/minimal/projects/[slug]/page.tsx; app/f/minimal/projects/page.tsx; app/f/minimal/resume/page.tsx; app/f/press/[...missing]/page.tsx; app/f/press/about/page.tsx; app/f/press/ask/[slug]/page.tsx; app/f/press/ask/page.tsx; app/f/press/ask/page/[page]/page.tsx; app/f/press/changelog/page.tsx; app/f/press/lab/[slug]/page.tsx; app/f/press/lab/page.tsx; app/f/press/now/page.tsx; app/f/press/owner/page.tsx; app/f/press/page.tsx; app/f/press/projects/[slug]/page.tsx; app/f/press/projects/page.tsx; app/f/press/resume/page.tsx; app/f/press/work/page.tsx; app/f/surface/[...missing]/page.tsx; app/f/surface/about/page.tsx; app/f/surface/ask/[slug]/page.tsx; app/f/surface/ask/page.tsx; app/f/surface/ask/page/[page]/page.tsx; app/f/surface/changelog/page.tsx; app/f/surface/lab/[slug]/page.tsx; app/f/surface/lab/page.tsx; app/f/surface/now/page.tsx; app/f/surface/owner/page.tsx; app/f/surface/page.tsx; app/f/surface/projects/[slug]/page.tsx; app/f/surface/projects/page.tsx; app/f/surface/resume/page.tsx; app/f/surface/work/page.tsx; app/f/survey/[...missing]/page.tsx; app/f/survey/about/page.tsx; app/f/survey/ask/[slug]/page.tsx; app/f/survey/ask/page.tsx; app/f/survey/ask/page/[page]/page.tsx; app/f/survey/changelog/page.tsx; app/f/survey/lab/[slug]/page.tsx; app/f/survey/lab/page.tsx; app/f/survey/now/page.tsx; app/f/survey/owner/page.tsx; app/f/survey/page.tsx; app/f/survey/projects/[slug]/page.tsx; app/f/survey/projects/page.tsx; app/f/survey/resume/page.tsx; app/f/survey/work/page.tsx; app/f/timetable/[...missing]/page.tsx; app/f/timetable/about/page.tsx; app/f/timetable/ask/[slug]/page.tsx; app/f/timetable/ask/page.tsx; app/f/timetable/ask/page/[page]/page.tsx; app/f/timetable/changelog/page.tsx; app/f/timetable/lab/[slug]/page.tsx; app/f/timetable/lab/page.tsx; app/f/timetable/now/page.tsx; app/f/timetable/owner/page.tsx; app/f/timetable/page.tsx; app/f/timetable/projects/[slug]/page.tsx; app/f/timetable/projects/page.tsx; app/f/timetable/resume/page.tsx; app/f/timetable/work/page.tsx; flavors/drawing-set/components/site/page.tsx; flavors/press/components/site/page.tsx; flavors/surface/components/site/page.tsx; flavors/survey/components/site/page.tsx; flavors/timetable/components/site/page.tsx	
app/f/press/[...missing]/page.tsx	route:[...missing]	app/f/drawing-set/[...missing]/page.tsx; app/f/minimal/[...missing]/page.tsx; app/f/surface/[...missing]/page.tsx; app/f/survey/[...missing]/page.tsx; app/f/timetable/[...missing]/page.tsx	app/f/drawing-set/[...missing]/page.tsx; app/f/drawing-set/about/page.tsx; app/f/drawing-set/ask/[slug]/page.tsx; app/f/drawing-set/ask/page.tsx; app/f/drawing-set/ask/page/[page]/page.tsx; app/f/drawing-set/changelog/page.tsx; app/f/drawing-set/lab/[slug]/page.tsx; app/f/drawing-set/lab/page.tsx; app/f/drawing-set/now/page.tsx; app/f/drawing-set/owner/page.tsx; app/f/drawing-set/page.tsx; app/f/drawing-set/projects/[slug]/page.tsx; app/f/drawing-set/projects/page.tsx; app/f/drawing-set/resume/page.tsx; app/f/drawing-set/work/page.tsx; app/f/minimal/[...missing]/page.tsx; app/f/minimal/about/page.tsx; app/f/minimal/ask/[slug]/page.tsx; app/f/minimal/ask/page.tsx; app/f/minimal/ask/page/[page]/page.tsx; app/f/minimal/changelog/page.tsx; app/f/minimal/lab/[slug]/page.tsx; app/f/minimal/lab/page.tsx; app/f/minimal/now/page.tsx; app/f/minimal/owner/page.tsx; app/f/minimal/page.tsx; app/f/minimal/projects/[slug]/page.tsx; app/f/minimal/projects/page.tsx; app/f/minimal/resume/page.tsx; app/f/minimal/work/page.tsx; app/f/press/about/page.tsx; app/f/press/ask/[slug]/page.tsx; app/f/press/ask/page.tsx; app/f/press/ask/page/[page]/page.tsx; app/f/press/changelog/page.tsx; app/f/press/lab/[slug]/page.tsx; app/f/press/lab/page.tsx; app/f/press/now/page.tsx; app/f/press/owner/page.tsx; app/f/press/page.tsx; app/f/press/projects/[slug]/page.tsx; app/f/press/projects/page.tsx; app/f/press/resume/page.tsx; app/f/press/work/page.tsx; app/f/surface/[...missing]/page.tsx; app/f/surface/about/page.tsx; app/f/surface/ask/[slug]/page.tsx; app/f/surface/ask/page.tsx; app/f/surface/ask/page/[page]/page.tsx; app/f/surface/changelog/page.tsx; app/f/surface/lab/[slug]/page.tsx; app/f/surface/lab/page.tsx; app/f/surface/now/page.tsx; app/f/surface/owner/page.tsx; app/f/surface/page.tsx; app/f/surface/projects/[slug]/page.tsx; app/f/surface/projects/page.tsx; app/f/surface/resume/page.tsx; app/f/surface/work/page.tsx; app/f/survey/[...missing]/page.tsx; app/f/survey/about/page.tsx; app/f/survey/ask/[slug]/page.tsx; app/f/survey/ask/page.tsx; app/f/survey/ask/page/[page]/page.tsx; app/f/survey/changelog/page.tsx; app/f/survey/lab/[slug]/page.tsx; app/f/survey/lab/page.tsx; app/f/survey/now/page.tsx; app/f/survey/owner/page.tsx; app/f/survey/page.tsx; app/f/survey/projects/[slug]/page.tsx; app/f/survey/projects/page.tsx; app/f/survey/resume/page.tsx; app/f/survey/work/page.tsx; app/f/timetable/[...missing]/page.tsx; app/f/timetable/about/page.tsx; app/f/timetable/ask/[slug]/page.tsx; app/f/timetable/ask/page.tsx; app/f/timetable/ask/page/[page]/page.tsx; app/f/timetable/changelog/page.tsx; app/f/timetable/lab/[slug]/page.tsx; app/f/timetable/lab/page.tsx; app/f/timetable/now/page.tsx; app/f/timetable/owner/page.tsx; app/f/timetable/page.tsx; app/f/timetable/projects/[slug]/page.tsx; app/f/timetable/projects/page.tsx; app/f/timetable/resume/page.tsx; app/f/timetable/work/page.tsx; flavors/drawing-set/components/site/page.tsx; flavors/press/components/site/page.tsx; flavors/surface/components/site/page.tsx; flavors/survey/components/site/page.tsx; flavors/timetable/components/site/page.tsx	app/f/drawing-set/[...missing]/page.tsx; app/f/minimal/[...missing]/page.tsx; app/f/surface/[...missing]/page.tsx; app/f/survey/[...missing]/page.tsx; app/f/timetable/[...missing]/page.tsx
app/f/press/about/page.tsx	route:about	app/f/drawing-set/about/page.tsx; app/f/minimal/about/page.tsx; app/f/surface/about/page.tsx; app/f/survey/about/page.tsx; app/f/timetable/about/page.tsx	app/f/drawing-set/[...missing]/page.tsx; app/f/drawing-set/about/page.tsx; app/f/drawing-set/ask/[slug]/page.tsx; app/f/drawing-set/ask/page.tsx; app/f/drawing-set/ask/page/[page]/page.tsx; app/f/drawing-set/changelog/page.tsx; app/f/drawing-set/lab/[slug]/page.tsx; app/f/drawing-set/lab/page.tsx; app/f/drawing-set/now/page.tsx; app/f/drawing-set/owner/page.tsx; app/f/drawing-set/page.tsx; app/f/drawing-set/projects/[slug]/page.tsx; app/f/drawing-set/projects/page.tsx; app/f/drawing-set/resume/page.tsx; app/f/drawing-set/work/page.tsx; app/f/minimal/[...missing]/page.tsx; app/f/minimal/about/page.tsx; app/f/minimal/ask/[slug]/page.tsx; app/f/minimal/ask/page.tsx; app/f/minimal/ask/page/[page]/page.tsx; app/f/minimal/changelog/page.tsx; app/f/minimal/lab/[slug]/page.tsx; app/f/minimal/lab/page.tsx; app/f/minimal/now/page.tsx; app/f/minimal/owner/page.tsx; app/f/minimal/page.tsx; app/f/minimal/projects/[slug]/page.tsx; app/f/minimal/projects/page.tsx; app/f/minimal/resume/page.tsx; app/f/minimal/work/page.tsx; app/f/press/[...missing]/page.tsx; app/f/press/ask/[slug]/page.tsx; app/f/press/ask/page.tsx; app/f/press/ask/page/[page]/page.tsx; app/f/press/changelog/page.tsx; app/f/press/lab/[slug]/page.tsx; app/f/press/lab/page.tsx; app/f/press/now/page.tsx; app/f/press/owner/page.tsx; app/f/press/page.tsx; app/f/press/projects/[slug]/page.tsx; app/f/press/projects/page.tsx; app/f/press/resume/page.tsx; app/f/press/work/page.tsx; app/f/surface/[...missing]/page.tsx; app/f/surface/about/page.tsx; app/f/surface/ask/[slug]/page.tsx; app/f/surface/ask/page.tsx; app/f/surface/ask/page/[page]/page.tsx; app/f/surface/changelog/page.tsx; app/f/surface/lab/[slug]/page.tsx; app/f/surface/lab/page.tsx; app/f/surface/now/page.tsx; app/f/surface/owner/page.tsx; app/f/surface/page.tsx; app/f/surface/projects/[slug]/page.tsx; app/f/surface/projects/page.tsx; app/f/surface/resume/page.tsx; app/f/surface/work/page.tsx; app/f/survey/[...missing]/page.tsx; app/f/survey/about/page.tsx; app/f/survey/ask/[slug]/page.tsx; app/f/survey/ask/page.tsx; app/f/survey/ask/page/[page]/page.tsx; app/f/survey/changelog/page.tsx; app/f/survey/lab/[slug]/page.tsx; app/f/survey/lab/page.tsx; app/f/survey/now/page.tsx; app/f/survey/owner/page.tsx; app/f/survey/page.tsx; app/f/survey/projects/[slug]/page.tsx; app/f/survey/projects/page.tsx; app/f/survey/resume/page.tsx; app/f/survey/work/page.tsx; app/f/timetable/[...missing]/page.tsx; app/f/timetable/about/page.tsx; app/f/timetable/ask/[slug]/page.tsx; app/f/timetable/ask/page.tsx; app/f/timetable/ask/page/[page]/page.tsx; app/f/timetable/changelog/page.tsx; app/f/timetable/lab/[slug]/page.tsx; app/f/timetable/lab/page.tsx; app/f/timetable/now/page.tsx; app/f/timetable/owner/page.tsx; app/f/timetable/page.tsx; app/f/timetable/projects/[slug]/page.tsx; app/f/timetable/projects/page.tsx; app/f/timetable/resume/page.tsx; app/f/timetable/work/page.tsx; flavors/drawing-set/components/site/page.tsx; flavors/press/components/site/page.tsx; flavors/surface/components/site/page.tsx; flavors/survey/components/site/page.tsx; flavors/timetable/components/site/page.tsx	
app/f/press/ask/[slug]/opengraph-image.tsx	route:ask/[slug]/opengraph-image	app/f/drawing-set/ask/[slug]/opengraph-image.tsx; app/f/minimal/ask/[slug]/opengraph-image.tsx; app/f/surface/ask/[slug]/opengraph-image.tsx; app/f/survey/ask/[slug]/opengraph-image.tsx; app/f/timetable/ask/[slug]/opengraph-image.tsx	app/f/drawing-set/ask/[slug]/opengraph-image.tsx; app/f/drawing-set/ask/opengraph-image.tsx; app/f/minimal/ask/[slug]/opengraph-image.tsx; app/f/minimal/ask/opengraph-image.tsx; app/f/press/ask/opengraph-image.tsx; app/f/surface/ask/[slug]/opengraph-image.tsx; app/f/surface/ask/opengraph-image.tsx; app/f/survey/ask/[slug]/opengraph-image.tsx; app/f/survey/ask/opengraph-image.tsx; app/f/timetable/ask/[slug]/opengraph-image.tsx; app/f/timetable/ask/opengraph-image.tsx	app/f/drawing-set/ask/[slug]/opengraph-image.tsx; app/f/minimal/ask/[slug]/opengraph-image.tsx; app/f/surface/ask/[slug]/opengraph-image.tsx; app/f/survey/ask/[slug]/opengraph-image.tsx; app/f/timetable/ask/[slug]/opengraph-image.tsx
app/f/press/ask/[slug]/page.tsx	route:ask/[slug]	app/f/drawing-set/ask/[slug]/page.tsx; app/f/minimal/ask/[slug]/page.tsx; app/f/surface/ask/[slug]/page.tsx; app/f/survey/ask/[slug]/page.tsx; app/f/timetable/ask/[slug]/page.tsx	app/f/drawing-set/[...missing]/page.tsx; app/f/drawing-set/about/page.tsx; app/f/drawing-set/ask/[slug]/page.tsx; app/f/drawing-set/ask/page.tsx; app/f/drawing-set/ask/page/[page]/page.tsx; app/f/drawing-set/changelog/page.tsx; app/f/drawing-set/lab/[slug]/page.tsx; app/f/drawing-set/lab/page.tsx; app/f/drawing-set/now/page.tsx; app/f/drawing-set/owner/page.tsx; app/f/drawing-set/page.tsx; app/f/drawing-set/projects/[slug]/page.tsx; app/f/drawing-set/projects/page.tsx; app/f/drawing-set/resume/page.tsx; app/f/drawing-set/work/page.tsx; app/f/minimal/[...missing]/page.tsx; app/f/minimal/about/page.tsx; app/f/minimal/ask/[slug]/page.tsx; app/f/minimal/ask/page.tsx; app/f/minimal/ask/page/[page]/page.tsx; app/f/minimal/changelog/page.tsx; app/f/minimal/lab/[slug]/page.tsx; app/f/minimal/lab/page.tsx; app/f/minimal/now/page.tsx; app/f/minimal/owner/page.tsx; app/f/minimal/page.tsx; app/f/minimal/projects/[slug]/page.tsx; app/f/minimal/projects/page.tsx; app/f/minimal/resume/page.tsx; app/f/minimal/work/page.tsx; app/f/press/[...missing]/page.tsx; app/f/press/about/page.tsx; app/f/press/ask/page.tsx; app/f/press/ask/page/[page]/page.tsx; app/f/press/changelog/page.tsx; app/f/press/lab/[slug]/page.tsx; app/f/press/lab/page.tsx; app/f/press/now/page.tsx; app/f/press/owner/page.tsx; app/f/press/page.tsx; app/f/press/projects/[slug]/page.tsx; app/f/press/projects/page.tsx; app/f/press/resume/page.tsx; app/f/press/work/page.tsx; app/f/surface/[...missing]/page.tsx; app/f/surface/about/page.tsx; app/f/surface/ask/[slug]/page.tsx; app/f/surface/ask/page.tsx; app/f/surface/ask/page/[page]/page.tsx; app/f/surface/changelog/page.tsx; app/f/surface/lab/[slug]/page.tsx; app/f/surface/lab/page.tsx; app/f/surface/now/page.tsx; app/f/surface/owner/page.tsx; app/f/surface/page.tsx; app/f/surface/projects/[slug]/page.tsx; app/f/surface/projects/page.tsx; app/f/surface/resume/page.tsx; app/f/surface/work/page.tsx; app/f/survey/[...missing]/page.tsx; app/f/survey/about/page.tsx; app/f/survey/ask/[slug]/page.tsx; app/f/survey/ask/page.tsx; app/f/survey/ask/page/[page]/page.tsx; app/f/survey/changelog/page.tsx; app/f/survey/lab/[slug]/page.tsx; app/f/survey/lab/page.tsx; app/f/survey/now/page.tsx; app/f/survey/owner/page.tsx; app/f/survey/page.tsx; app/f/survey/projects/[slug]/page.tsx; app/f/survey/projects/page.tsx; app/f/survey/resume/page.tsx; app/f/survey/work/page.tsx; app/f/timetable/[...missing]/page.tsx; app/f/timetable/about/page.tsx; app/f/timetable/ask/[slug]/page.tsx; app/f/timetable/ask/page.tsx; app/f/timetable/ask/page/[page]/page.tsx; app/f/timetable/changelog/page.tsx; app/f/timetable/lab/[slug]/page.tsx; app/f/timetable/lab/page.tsx; app/f/timetable/now/page.tsx; app/f/timetable/owner/page.tsx; app/f/timetable/page.tsx; app/f/timetable/projects/[slug]/page.tsx; app/f/timetable/projects/page.tsx; app/f/timetable/resume/page.tsx; app/f/timetable/work/page.tsx; flavors/drawing-set/components/site/page.tsx; flavors/press/components/site/page.tsx; flavors/surface/components/site/page.tsx; flavors/survey/components/site/page.tsx; flavors/timetable/components/site/page.tsx	
app/f/press/ask/opengraph-image.tsx	route:ask/opengraph-image	app/f/drawing-set/ask/opengraph-image.tsx; app/f/minimal/ask/opengraph-image.tsx; app/f/surface/ask/opengraph-image.tsx; app/f/survey/ask/opengraph-image.tsx; app/f/timetable/ask/opengraph-image.tsx	app/f/drawing-set/ask/[slug]/opengraph-image.tsx; app/f/drawing-set/ask/opengraph-image.tsx; app/f/minimal/ask/[slug]/opengraph-image.tsx; app/f/minimal/ask/opengraph-image.tsx; app/f/press/ask/[slug]/opengraph-image.tsx; app/f/surface/ask/[slug]/opengraph-image.tsx; app/f/surface/ask/opengraph-image.tsx; app/f/survey/ask/[slug]/opengraph-image.tsx; app/f/survey/ask/opengraph-image.tsx; app/f/timetable/ask/[slug]/opengraph-image.tsx; app/f/timetable/ask/opengraph-image.tsx	app/f/drawing-set/ask/opengraph-image.tsx; app/f/minimal/ask/opengraph-image.tsx; app/f/surface/ask/opengraph-image.tsx; app/f/survey/ask/opengraph-image.tsx; app/f/timetable/ask/opengraph-image.tsx
app/f/press/ask/page.tsx	route:ask	app/f/drawing-set/ask/page.tsx; app/f/minimal/ask/page.tsx; app/f/surface/ask/page.tsx; app/f/survey/ask/page.tsx; app/f/timetable/ask/page.tsx	app/f/drawing-set/[...missing]/page.tsx; app/f/drawing-set/about/page.tsx; app/f/drawing-set/ask/[slug]/page.tsx; app/f/drawing-set/ask/page.tsx; app/f/drawing-set/ask/page/[page]/page.tsx; app/f/drawing-set/changelog/page.tsx; app/f/drawing-set/lab/[slug]/page.tsx; app/f/drawing-set/lab/page.tsx; app/f/drawing-set/now/page.tsx; app/f/drawing-set/owner/page.tsx; app/f/drawing-set/page.tsx; app/f/drawing-set/projects/[slug]/page.tsx; app/f/drawing-set/projects/page.tsx; app/f/drawing-set/resume/page.tsx; app/f/drawing-set/work/page.tsx; app/f/minimal/[...missing]/page.tsx; app/f/minimal/about/page.tsx; app/f/minimal/ask/[slug]/page.tsx; app/f/minimal/ask/page.tsx; app/f/minimal/ask/page/[page]/page.tsx; app/f/minimal/changelog/page.tsx; app/f/minimal/lab/[slug]/page.tsx; app/f/minimal/lab/page.tsx; app/f/minimal/now/page.tsx; app/f/minimal/owner/page.tsx; app/f/minimal/page.tsx; app/f/minimal/projects/[slug]/page.tsx; app/f/minimal/projects/page.tsx; app/f/minimal/resume/page.tsx; app/f/minimal/work/page.tsx; app/f/press/[...missing]/page.tsx; app/f/press/about/page.tsx; app/f/press/ask/[slug]/page.tsx; app/f/press/ask/page/[page]/page.tsx; app/f/press/changelog/page.tsx; app/f/press/lab/[slug]/page.tsx; app/f/press/lab/page.tsx; app/f/press/now/page.tsx; app/f/press/owner/page.tsx; app/f/press/page.tsx; app/f/press/projects/[slug]/page.tsx; app/f/press/projects/page.tsx; app/f/press/resume/page.tsx; app/f/press/work/page.tsx; app/f/surface/[...missing]/page.tsx; app/f/surface/about/page.tsx; app/f/surface/ask/[slug]/page.tsx; app/f/surface/ask/page.tsx; app/f/surface/ask/page/[page]/page.tsx; app/f/surface/changelog/page.tsx; app/f/surface/lab/[slug]/page.tsx; app/f/surface/lab/page.tsx; app/f/surface/now/page.tsx; app/f/surface/owner/page.tsx; app/f/surface/page.tsx; app/f/surface/projects/[slug]/page.tsx; app/f/surface/projects/page.tsx; app/f/surface/resume/page.tsx; app/f/surface/work/page.tsx; app/f/survey/[...missing]/page.tsx; app/f/survey/about/page.tsx; app/f/survey/ask/[slug]/page.tsx; app/f/survey/ask/page.tsx; app/f/survey/ask/page/[page]/page.tsx; app/f/survey/changelog/page.tsx; app/f/survey/lab/[slug]/page.tsx; app/f/survey/lab/page.tsx; app/f/survey/now/page.tsx; app/f/survey/owner/page.tsx; app/f/survey/page.tsx; app/f/survey/projects/[slug]/page.tsx; app/f/survey/projects/page.tsx; app/f/survey/resume/page.tsx; app/f/survey/work/page.tsx; app/f/timetable/[...missing]/page.tsx; app/f/timetable/about/page.tsx; app/f/timetable/ask/[slug]/page.tsx; app/f/timetable/ask/page.tsx; app/f/timetable/ask/page/[page]/page.tsx; app/f/timetable/changelog/page.tsx; app/f/timetable/lab/[slug]/page.tsx; app/f/timetable/lab/page.tsx; app/f/timetable/now/page.tsx; app/f/timetable/owner/page.tsx; app/f/timetable/page.tsx; app/f/timetable/projects/[slug]/page.tsx; app/f/timetable/projects/page.tsx; app/f/timetable/resume/page.tsx; app/f/timetable/work/page.tsx; flavors/drawing-set/components/site/page.tsx; flavors/press/components/site/page.tsx; flavors/surface/components/site/page.tsx; flavors/survey/components/site/page.tsx; flavors/timetable/components/site/page.tsx	
app/f/press/ask/page/[page]/page.tsx	route:ask/page/[page]	app/f/drawing-set/ask/page/[page]/page.tsx; app/f/minimal/ask/page/[page]/page.tsx; app/f/surface/ask/page/[page]/page.tsx; app/f/survey/ask/page/[page]/page.tsx; app/f/timetable/ask/page/[page]/page.tsx	app/f/drawing-set/[...missing]/page.tsx; app/f/drawing-set/about/page.tsx; app/f/drawing-set/ask/[slug]/page.tsx; app/f/drawing-set/ask/page.tsx; app/f/drawing-set/ask/page/[page]/page.tsx; app/f/drawing-set/changelog/page.tsx; app/f/drawing-set/lab/[slug]/page.tsx; app/f/drawing-set/lab/page.tsx; app/f/drawing-set/now/page.tsx; app/f/drawing-set/owner/page.tsx; app/f/drawing-set/page.tsx; app/f/drawing-set/projects/[slug]/page.tsx; app/f/drawing-set/projects/page.tsx; app/f/drawing-set/resume/page.tsx; app/f/drawing-set/work/page.tsx; app/f/minimal/[...missing]/page.tsx; app/f/minimal/about/page.tsx; app/f/minimal/ask/[slug]/page.tsx; app/f/minimal/ask/page.tsx; app/f/minimal/ask/page/[page]/page.tsx; app/f/minimal/changelog/page.tsx; app/f/minimal/lab/[slug]/page.tsx; app/f/minimal/lab/page.tsx; app/f/minimal/now/page.tsx; app/f/minimal/owner/page.tsx; app/f/minimal/page.tsx; app/f/minimal/projects/[slug]/page.tsx; app/f/minimal/projects/page.tsx; app/f/minimal/resume/page.tsx; app/f/minimal/work/page.tsx; app/f/press/[...missing]/page.tsx; app/f/press/about/page.tsx; app/f/press/ask/[slug]/page.tsx; app/f/press/ask/page.tsx; app/f/press/changelog/page.tsx; app/f/press/lab/[slug]/page.tsx; app/f/press/lab/page.tsx; app/f/press/now/page.tsx; app/f/press/owner/page.tsx; app/f/press/page.tsx; app/f/press/projects/[slug]/page.tsx; app/f/press/projects/page.tsx; app/f/press/resume/page.tsx; app/f/press/work/page.tsx; app/f/surface/[...missing]/page.tsx; app/f/surface/about/page.tsx; app/f/surface/ask/[slug]/page.tsx; app/f/surface/ask/page.tsx; app/f/surface/ask/page/[page]/page.tsx; app/f/surface/changelog/page.tsx; app/f/surface/lab/[slug]/page.tsx; app/f/surface/lab/page.tsx; app/f/surface/now/page.tsx; app/f/surface/owner/page.tsx; app/f/surface/page.tsx; app/f/surface/projects/[slug]/page.tsx; app/f/surface/projects/page.tsx; app/f/surface/resume/page.tsx; app/f/surface/work/page.tsx; app/f/survey/[...missing]/page.tsx; app/f/survey/about/page.tsx; app/f/survey/ask/[slug]/page.tsx; app/f/survey/ask/page.tsx; app/f/survey/ask/page/[page]/page.tsx; app/f/survey/changelog/page.tsx; app/f/survey/lab/[slug]/page.tsx; app/f/survey/lab/page.tsx; app/f/survey/now/page.tsx; app/f/survey/owner/page.tsx; app/f/survey/page.tsx; app/f/survey/projects/[slug]/page.tsx; app/f/survey/projects/page.tsx; app/f/survey/resume/page.tsx; app/f/survey/work/page.tsx; app/f/timetable/[...missing]/page.tsx; app/f/timetable/about/page.tsx; app/f/timetable/ask/[slug]/page.tsx; app/f/timetable/ask/page.tsx; app/f/timetable/ask/page/[page]/page.tsx; app/f/timetable/changelog/page.tsx; app/f/timetable/lab/[slug]/page.tsx; app/f/timetable/lab/page.tsx; app/f/timetable/now/page.tsx; app/f/timetable/owner/page.tsx; app/f/timetable/page.tsx; app/f/timetable/projects/[slug]/page.tsx; app/f/timetable/projects/page.tsx; app/f/timetable/resume/page.tsx; app/f/timetable/work/page.tsx; flavors/drawing-set/components/site/page.tsx; flavors/press/components/site/page.tsx; flavors/surface/components/site/page.tsx; flavors/survey/components/site/page.tsx; flavors/timetable/components/site/page.tsx	
app/f/press/changelog/page.tsx	route:changelog	app/f/drawing-set/changelog/page.tsx; app/f/minimal/changelog/page.tsx; app/f/surface/changelog/page.tsx; app/f/survey/changelog/page.tsx; app/f/timetable/changelog/page.tsx	app/f/drawing-set/[...missing]/page.tsx; app/f/drawing-set/about/page.tsx; app/f/drawing-set/ask/[slug]/page.tsx; app/f/drawing-set/ask/page.tsx; app/f/drawing-set/ask/page/[page]/page.tsx; app/f/drawing-set/changelog/page.tsx; app/f/drawing-set/lab/[slug]/page.tsx; app/f/drawing-set/lab/page.tsx; app/f/drawing-set/now/page.tsx; app/f/drawing-set/owner/page.tsx; app/f/drawing-set/page.tsx; app/f/drawing-set/projects/[slug]/page.tsx; app/f/drawing-set/projects/page.tsx; app/f/drawing-set/resume/page.tsx; app/f/drawing-set/work/page.tsx; app/f/minimal/[...missing]/page.tsx; app/f/minimal/about/page.tsx; app/f/minimal/ask/[slug]/page.tsx; app/f/minimal/ask/page.tsx; app/f/minimal/ask/page/[page]/page.tsx; app/f/minimal/changelog/page.tsx; app/f/minimal/lab/[slug]/page.tsx; app/f/minimal/lab/page.tsx; app/f/minimal/now/page.tsx; app/f/minimal/owner/page.tsx; app/f/minimal/page.tsx; app/f/minimal/projects/[slug]/page.tsx; app/f/minimal/projects/page.tsx; app/f/minimal/resume/page.tsx; app/f/minimal/work/page.tsx; app/f/press/[...missing]/page.tsx; app/f/press/about/page.tsx; app/f/press/ask/[slug]/page.tsx; app/f/press/ask/page.tsx; app/f/press/ask/page/[page]/page.tsx; app/f/press/lab/[slug]/page.tsx; app/f/press/lab/page.tsx; app/f/press/now/page.tsx; app/f/press/owner/page.tsx; app/f/press/page.tsx; app/f/press/projects/[slug]/page.tsx; app/f/press/projects/page.tsx; app/f/press/resume/page.tsx; app/f/press/work/page.tsx; app/f/surface/[...missing]/page.tsx; app/f/surface/about/page.tsx; app/f/surface/ask/[slug]/page.tsx; app/f/surface/ask/page.tsx; app/f/surface/ask/page/[page]/page.tsx; app/f/surface/changelog/page.tsx; app/f/surface/lab/[slug]/page.tsx; app/f/surface/lab/page.tsx; app/f/surface/now/page.tsx; app/f/surface/owner/page.tsx; app/f/surface/page.tsx; app/f/surface/projects/[slug]/page.tsx; app/f/surface/projects/page.tsx; app/f/surface/resume/page.tsx; app/f/surface/work/page.tsx; app/f/survey/[...missing]/page.tsx; app/f/survey/about/page.tsx; app/f/survey/ask/[slug]/page.tsx; app/f/survey/ask/page.tsx; app/f/survey/ask/page/[page]/page.tsx; app/f/survey/changelog/page.tsx; app/f/survey/lab/[slug]/page.tsx; app/f/survey/lab/page.tsx; app/f/survey/now/page.tsx; app/f/survey/owner/page.tsx; app/f/survey/page.tsx; app/f/survey/projects/[slug]/page.tsx; app/f/survey/projects/page.tsx; app/f/survey/resume/page.tsx; app/f/survey/work/page.tsx; app/f/timetable/[...missing]/page.tsx; app/f/timetable/about/page.tsx; app/f/timetable/ask/[slug]/page.tsx; app/f/timetable/ask/page.tsx; app/f/timetable/ask/page/[page]/page.tsx; app/f/timetable/changelog/page.tsx; app/f/timetable/lab/[slug]/page.tsx; app/f/timetable/lab/page.tsx; app/f/timetable/now/page.tsx; app/f/timetable/owner/page.tsx; app/f/timetable/page.tsx; app/f/timetable/projects/[slug]/page.tsx; app/f/timetable/projects/page.tsx; app/f/timetable/resume/page.tsx; app/f/timetable/work/page.tsx; flavors/drawing-set/components/site/page.tsx; flavors/press/components/site/page.tsx; flavors/surface/components/site/page.tsx; flavors/survey/components/site/page.tsx; flavors/timetable/components/site/page.tsx	
app/f/press/lab/[slug]/page.tsx	route:lab/[slug]	app/f/drawing-set/lab/[slug]/page.tsx; app/f/minimal/lab/[slug]/page.tsx; app/f/surface/lab/[slug]/page.tsx; app/f/survey/lab/[slug]/page.tsx; app/f/timetable/lab/[slug]/page.tsx	app/f/drawing-set/[...missing]/page.tsx; app/f/drawing-set/about/page.tsx; app/f/drawing-set/ask/[slug]/page.tsx; app/f/drawing-set/ask/page.tsx; app/f/drawing-set/ask/page/[page]/page.tsx; app/f/drawing-set/changelog/page.tsx; app/f/drawing-set/lab/[slug]/page.tsx; app/f/drawing-set/lab/page.tsx; app/f/drawing-set/now/page.tsx; app/f/drawing-set/owner/page.tsx; app/f/drawing-set/page.tsx; app/f/drawing-set/projects/[slug]/page.tsx; app/f/drawing-set/projects/page.tsx; app/f/drawing-set/resume/page.tsx; app/f/drawing-set/work/page.tsx; app/f/minimal/[...missing]/page.tsx; app/f/minimal/about/page.tsx; app/f/minimal/ask/[slug]/page.tsx; app/f/minimal/ask/page.tsx; app/f/minimal/ask/page/[page]/page.tsx; app/f/minimal/changelog/page.tsx; app/f/minimal/lab/[slug]/page.tsx; app/f/minimal/lab/page.tsx; app/f/minimal/now/page.tsx; app/f/minimal/owner/page.tsx; app/f/minimal/page.tsx; app/f/minimal/projects/[slug]/page.tsx; app/f/minimal/projects/page.tsx; app/f/minimal/resume/page.tsx; app/f/minimal/work/page.tsx; app/f/press/[...missing]/page.tsx; app/f/press/about/page.tsx; app/f/press/ask/[slug]/page.tsx; app/f/press/ask/page.tsx; app/f/press/ask/page/[page]/page.tsx; app/f/press/changelog/page.tsx; app/f/press/lab/page.tsx; app/f/press/now/page.tsx; app/f/press/owner/page.tsx; app/f/press/page.tsx; app/f/press/projects/[slug]/page.tsx; app/f/press/projects/page.tsx; app/f/press/resume/page.tsx; app/f/press/work/page.tsx; app/f/surface/[...missing]/page.tsx; app/f/surface/about/page.tsx; app/f/surface/ask/[slug]/page.tsx; app/f/surface/ask/page.tsx; app/f/surface/ask/page/[page]/page.tsx; app/f/surface/changelog/page.tsx; app/f/surface/lab/[slug]/page.tsx; app/f/surface/lab/page.tsx; app/f/surface/now/page.tsx; app/f/surface/owner/page.tsx; app/f/surface/page.tsx; app/f/surface/projects/[slug]/page.tsx; app/f/surface/projects/page.tsx; app/f/surface/resume/page.tsx; app/f/surface/work/page.tsx; app/f/survey/[...missing]/page.tsx; app/f/survey/about/page.tsx; app/f/survey/ask/[slug]/page.tsx; app/f/survey/ask/page.tsx; app/f/survey/ask/page/[page]/page.tsx; app/f/survey/changelog/page.tsx; app/f/survey/lab/[slug]/page.tsx; app/f/survey/lab/page.tsx; app/f/survey/now/page.tsx; app/f/survey/owner/page.tsx; app/f/survey/page.tsx; app/f/survey/projects/[slug]/page.tsx; app/f/survey/projects/page.tsx; app/f/survey/resume/page.tsx; app/f/survey/work/page.tsx; app/f/timetable/[...missing]/page.tsx; app/f/timetable/about/page.tsx; app/f/timetable/ask/[slug]/page.tsx; app/f/timetable/ask/page.tsx; app/f/timetable/ask/page/[page]/page.tsx; app/f/timetable/changelog/page.tsx; app/f/timetable/lab/[slug]/page.tsx; app/f/timetable/lab/page.tsx; app/f/timetable/now/page.tsx; app/f/timetable/owner/page.tsx; app/f/timetable/page.tsx; app/f/timetable/projects/[slug]/page.tsx; app/f/timetable/projects/page.tsx; app/f/timetable/resume/page.tsx; app/f/timetable/work/page.tsx; flavors/drawing-set/components/site/page.tsx; flavors/press/components/site/page.tsx; flavors/surface/components/site/page.tsx; flavors/survey/components/site/page.tsx; flavors/timetable/components/site/page.tsx	
app/f/press/lab/page.tsx	route:lab	app/f/drawing-set/lab/page.tsx; app/f/minimal/lab/page.tsx; app/f/surface/lab/page.tsx; app/f/survey/lab/page.tsx; app/f/timetable/lab/page.tsx	app/f/drawing-set/[...missing]/page.tsx; app/f/drawing-set/about/page.tsx; app/f/drawing-set/ask/[slug]/page.tsx; app/f/drawing-set/ask/page.tsx; app/f/drawing-set/ask/page/[page]/page.tsx; app/f/drawing-set/changelog/page.tsx; app/f/drawing-set/lab/[slug]/page.tsx; app/f/drawing-set/lab/page.tsx; app/f/drawing-set/now/page.tsx; app/f/drawing-set/owner/page.tsx; app/f/drawing-set/page.tsx; app/f/drawing-set/projects/[slug]/page.tsx; app/f/drawing-set/projects/page.tsx; app/f/drawing-set/resume/page.tsx; app/f/drawing-set/work/page.tsx; app/f/minimal/[...missing]/page.tsx; app/f/minimal/about/page.tsx; app/f/minimal/ask/[slug]/page.tsx; app/f/minimal/ask/page.tsx; app/f/minimal/ask/page/[page]/page.tsx; app/f/minimal/changelog/page.tsx; app/f/minimal/lab/[slug]/page.tsx; app/f/minimal/lab/page.tsx; app/f/minimal/now/page.tsx; app/f/minimal/owner/page.tsx; app/f/minimal/page.tsx; app/f/minimal/projects/[slug]/page.tsx; app/f/minimal/projects/page.tsx; app/f/minimal/resume/page.tsx; app/f/minimal/work/page.tsx; app/f/press/[...missing]/page.tsx; app/f/press/about/page.tsx; app/f/press/ask/[slug]/page.tsx; app/f/press/ask/page.tsx; app/f/press/ask/page/[page]/page.tsx; app/f/press/changelog/page.tsx; app/f/press/lab/[slug]/page.tsx; app/f/press/now/page.tsx; app/f/press/owner/page.tsx; app/f/press/page.tsx; app/f/press/projects/[slug]/page.tsx; app/f/press/projects/page.tsx; app/f/press/resume/page.tsx; app/f/press/work/page.tsx; app/f/surface/[...missing]/page.tsx; app/f/surface/about/page.tsx; app/f/surface/ask/[slug]/page.tsx; app/f/surface/ask/page.tsx; app/f/surface/ask/page/[page]/page.tsx; app/f/surface/changelog/page.tsx; app/f/surface/lab/[slug]/page.tsx; app/f/surface/lab/page.tsx; app/f/surface/now/page.tsx; app/f/surface/owner/page.tsx; app/f/surface/page.tsx; app/f/surface/projects/[slug]/page.tsx; app/f/surface/projects/page.tsx; app/f/surface/resume/page.tsx; app/f/surface/work/page.tsx; app/f/survey/[...missing]/page.tsx; app/f/survey/about/page.tsx; app/f/survey/ask/[slug]/page.tsx; app/f/survey/ask/page.tsx; app/f/survey/ask/page/[page]/page.tsx; app/f/survey/changelog/page.tsx; app/f/survey/lab/[slug]/page.tsx; app/f/survey/lab/page.tsx; app/f/survey/now/page.tsx; app/f/survey/owner/page.tsx; app/f/survey/page.tsx; app/f/survey/projects/[slug]/page.tsx; app/f/survey/projects/page.tsx; app/f/survey/resume/page.tsx; app/f/survey/work/page.tsx; app/f/timetable/[...missing]/page.tsx; app/f/timetable/about/page.tsx; app/f/timetable/ask/[slug]/page.tsx; app/f/timetable/ask/page.tsx; app/f/timetable/ask/page/[page]/page.tsx; app/f/timetable/changelog/page.tsx; app/f/timetable/lab/[slug]/page.tsx; app/f/timetable/lab/page.tsx; app/f/timetable/now/page.tsx; app/f/timetable/owner/page.tsx; app/f/timetable/page.tsx; app/f/timetable/projects/[slug]/page.tsx; app/f/timetable/projects/page.tsx; app/f/timetable/resume/page.tsx; app/f/timetable/work/page.tsx; flavors/drawing-set/components/site/page.tsx; flavors/press/components/site/page.tsx; flavors/surface/components/site/page.tsx; flavors/survey/components/site/page.tsx; flavors/timetable/components/site/page.tsx	
app/f/press/layout.tsx	route:home	app/f/drawing-set/layout.tsx; app/f/minimal/layout.tsx; app/f/surface/layout.tsx; app/f/survey/layout.tsx; app/f/timetable/layout.tsx	app/f/drawing-set/layout.tsx; app/f/minimal/layout.tsx; app/f/surface/layout.tsx; app/f/survey/layout.tsx; app/f/timetable/layout.tsx	
app/f/press/not-found.tsx	route:home	app/f/drawing-set/not-found.tsx; app/f/minimal/not-found.tsx; app/f/surface/not-found.tsx; app/f/survey/not-found.tsx; app/f/timetable/not-found.tsx	app/f/drawing-set/not-found.tsx; app/f/minimal/not-found.tsx; app/f/surface/not-found.tsx; app/f/survey/not-found.tsx; app/f/timetable/not-found.tsx	
app/f/press/now/page.tsx	route:now	app/f/drawing-set/now/page.tsx; app/f/minimal/now/page.tsx; app/f/surface/now/page.tsx; app/f/survey/now/page.tsx; app/f/timetable/now/page.tsx	app/f/drawing-set/[...missing]/page.tsx; app/f/drawing-set/about/page.tsx; app/f/drawing-set/ask/[slug]/page.tsx; app/f/drawing-set/ask/page.tsx; app/f/drawing-set/ask/page/[page]/page.tsx; app/f/drawing-set/changelog/page.tsx; app/f/drawing-set/lab/[slug]/page.tsx; app/f/drawing-set/lab/page.tsx; app/f/drawing-set/now/page.tsx; app/f/drawing-set/owner/page.tsx; app/f/drawing-set/page.tsx; app/f/drawing-set/projects/[slug]/page.tsx; app/f/drawing-set/projects/page.tsx; app/f/drawing-set/resume/page.tsx; app/f/drawing-set/work/page.tsx; app/f/minimal/[...missing]/page.tsx; app/f/minimal/about/page.tsx; app/f/minimal/ask/[slug]/page.tsx; app/f/minimal/ask/page.tsx; app/f/minimal/ask/page/[page]/page.tsx; app/f/minimal/changelog/page.tsx; app/f/minimal/lab/[slug]/page.tsx; app/f/minimal/lab/page.tsx; app/f/minimal/now/page.tsx; app/f/minimal/owner/page.tsx; app/f/minimal/page.tsx; app/f/minimal/projects/[slug]/page.tsx; app/f/minimal/projects/page.tsx; app/f/minimal/resume/page.tsx; app/f/minimal/work/page.tsx; app/f/press/[...missing]/page.tsx; app/f/press/about/page.tsx; app/f/press/ask/[slug]/page.tsx; app/f/press/ask/page.tsx; app/f/press/ask/page/[page]/page.tsx; app/f/press/changelog/page.tsx; app/f/press/lab/[slug]/page.tsx; app/f/press/lab/page.tsx; app/f/press/owner/page.tsx; app/f/press/page.tsx; app/f/press/projects/[slug]/page.tsx; app/f/press/projects/page.tsx; app/f/press/resume/page.tsx; app/f/press/work/page.tsx; app/f/surface/[...missing]/page.tsx; app/f/surface/about/page.tsx; app/f/surface/ask/[slug]/page.tsx; app/f/surface/ask/page.tsx; app/f/surface/ask/page/[page]/page.tsx; app/f/surface/changelog/page.tsx; app/f/surface/lab/[slug]/page.tsx; app/f/surface/lab/page.tsx; app/f/surface/now/page.tsx; app/f/surface/owner/page.tsx; app/f/surface/page.tsx; app/f/surface/projects/[slug]/page.tsx; app/f/surface/projects/page.tsx; app/f/surface/resume/page.tsx; app/f/surface/work/page.tsx; app/f/survey/[...missing]/page.tsx; app/f/survey/about/page.tsx; app/f/survey/ask/[slug]/page.tsx; app/f/survey/ask/page.tsx; app/f/survey/ask/page/[page]/page.tsx; app/f/survey/changelog/page.tsx; app/f/survey/lab/[slug]/page.tsx; app/f/survey/lab/page.tsx; app/f/survey/now/page.tsx; app/f/survey/owner/page.tsx; app/f/survey/page.tsx; app/f/survey/projects/[slug]/page.tsx; app/f/survey/projects/page.tsx; app/f/survey/resume/page.tsx; app/f/survey/work/page.tsx; app/f/timetable/[...missing]/page.tsx; app/f/timetable/about/page.tsx; app/f/timetable/ask/[slug]/page.tsx; app/f/timetable/ask/page.tsx; app/f/timetable/ask/page/[page]/page.tsx; app/f/timetable/changelog/page.tsx; app/f/timetable/lab/[slug]/page.tsx; app/f/timetable/lab/page.tsx; app/f/timetable/now/page.tsx; app/f/timetable/owner/page.tsx; app/f/timetable/page.tsx; app/f/timetable/projects/[slug]/page.tsx; app/f/timetable/projects/page.tsx; app/f/timetable/resume/page.tsx; app/f/timetable/work/page.tsx; flavors/drawing-set/components/site/page.tsx; flavors/press/components/site/page.tsx; flavors/surface/components/site/page.tsx; flavors/survey/components/site/page.tsx; flavors/timetable/components/site/page.tsx	
app/f/press/owner/page.tsx	route:owner	app/f/drawing-set/owner/page.tsx; app/f/minimal/owner/page.tsx; app/f/surface/owner/page.tsx; app/f/survey/owner/page.tsx; app/f/timetable/owner/page.tsx	app/f/drawing-set/[...missing]/page.tsx; app/f/drawing-set/about/page.tsx; app/f/drawing-set/ask/[slug]/page.tsx; app/f/drawing-set/ask/page.tsx; app/f/drawing-set/ask/page/[page]/page.tsx; app/f/drawing-set/changelog/page.tsx; app/f/drawing-set/lab/[slug]/page.tsx; app/f/drawing-set/lab/page.tsx; app/f/drawing-set/now/page.tsx; app/f/drawing-set/owner/page.tsx; app/f/drawing-set/page.tsx; app/f/drawing-set/projects/[slug]/page.tsx; app/f/drawing-set/projects/page.tsx; app/f/drawing-set/resume/page.tsx; app/f/drawing-set/work/page.tsx; app/f/minimal/[...missing]/page.tsx; app/f/minimal/about/page.tsx; app/f/minimal/ask/[slug]/page.tsx; app/f/minimal/ask/page.tsx; app/f/minimal/ask/page/[page]/page.tsx; app/f/minimal/changelog/page.tsx; app/f/minimal/lab/[slug]/page.tsx; app/f/minimal/lab/page.tsx; app/f/minimal/now/page.tsx; app/f/minimal/owner/page.tsx; app/f/minimal/page.tsx; app/f/minimal/projects/[slug]/page.tsx; app/f/minimal/projects/page.tsx; app/f/minimal/resume/page.tsx; app/f/minimal/work/page.tsx; app/f/press/[...missing]/page.tsx; app/f/press/about/page.tsx; app/f/press/ask/[slug]/page.tsx; app/f/press/ask/page.tsx; app/f/press/ask/page/[page]/page.tsx; app/f/press/changelog/page.tsx; app/f/press/lab/[slug]/page.tsx; app/f/press/lab/page.tsx; app/f/press/now/page.tsx; app/f/press/page.tsx; app/f/press/projects/[slug]/page.tsx; app/f/press/projects/page.tsx; app/f/press/resume/page.tsx; app/f/press/work/page.tsx; app/f/surface/[...missing]/page.tsx; app/f/surface/about/page.tsx; app/f/surface/ask/[slug]/page.tsx; app/f/surface/ask/page.tsx; app/f/surface/ask/page/[page]/page.tsx; app/f/surface/changelog/page.tsx; app/f/surface/lab/[slug]/page.tsx; app/f/surface/lab/page.tsx; app/f/surface/now/page.tsx; app/f/surface/owner/page.tsx; app/f/surface/page.tsx; app/f/surface/projects/[slug]/page.tsx; app/f/surface/projects/page.tsx; app/f/surface/resume/page.tsx; app/f/surface/work/page.tsx; app/f/survey/[...missing]/page.tsx; app/f/survey/about/page.tsx; app/f/survey/ask/[slug]/page.tsx; app/f/survey/ask/page.tsx; app/f/survey/ask/page/[page]/page.tsx; app/f/survey/changelog/page.tsx; app/f/survey/lab/[slug]/page.tsx; app/f/survey/lab/page.tsx; app/f/survey/now/page.tsx; app/f/survey/owner/page.tsx; app/f/survey/page.tsx; app/f/survey/projects/[slug]/page.tsx; app/f/survey/projects/page.tsx; app/f/survey/resume/page.tsx; app/f/survey/work/page.tsx; app/f/timetable/[...missing]/page.tsx; app/f/timetable/about/page.tsx; app/f/timetable/ask/[slug]/page.tsx; app/f/timetable/ask/page.tsx; app/f/timetable/ask/page/[page]/page.tsx; app/f/timetable/changelog/page.tsx; app/f/timetable/lab/[slug]/page.tsx; app/f/timetable/lab/page.tsx; app/f/timetable/now/page.tsx; app/f/timetable/owner/page.tsx; app/f/timetable/page.tsx; app/f/timetable/projects/[slug]/page.tsx; app/f/timetable/projects/page.tsx; app/f/timetable/resume/page.tsx; app/f/timetable/work/page.tsx; flavors/drawing-set/components/site/page.tsx; flavors/press/components/site/page.tsx; flavors/surface/components/site/page.tsx; flavors/survey/components/site/page.tsx; flavors/timetable/components/site/page.tsx	
app/f/press/page.tsx	route:home	app/f/drawing-set/page.tsx; app/f/minimal/page.tsx; app/f/surface/page.tsx; app/f/survey/page.tsx; app/f/timetable/page.tsx	app/f/drawing-set/[...missing]/page.tsx; app/f/drawing-set/about/page.tsx; app/f/drawing-set/ask/[slug]/page.tsx; app/f/drawing-set/ask/page.tsx; app/f/drawing-set/ask/page/[page]/page.tsx; app/f/drawing-set/changelog/page.tsx; app/f/drawing-set/lab/[slug]/page.tsx; app/f/drawing-set/lab/page.tsx; app/f/drawing-set/now/page.tsx; app/f/drawing-set/owner/page.tsx; app/f/drawing-set/page.tsx; app/f/drawing-set/projects/[slug]/page.tsx; app/f/drawing-set/projects/page.tsx; app/f/drawing-set/resume/page.tsx; app/f/drawing-set/work/page.tsx; app/f/minimal/[...missing]/page.tsx; app/f/minimal/about/page.tsx; app/f/minimal/ask/[slug]/page.tsx; app/f/minimal/ask/page.tsx; app/f/minimal/ask/page/[page]/page.tsx; app/f/minimal/changelog/page.tsx; app/f/minimal/lab/[slug]/page.tsx; app/f/minimal/lab/page.tsx; app/f/minimal/now/page.tsx; app/f/minimal/owner/page.tsx; app/f/minimal/page.tsx; app/f/minimal/projects/[slug]/page.tsx; app/f/minimal/projects/page.tsx; app/f/minimal/resume/page.tsx; app/f/minimal/work/page.tsx; app/f/press/[...missing]/page.tsx; app/f/press/about/page.tsx; app/f/press/ask/[slug]/page.tsx; app/f/press/ask/page.tsx; app/f/press/ask/page/[page]/page.tsx; app/f/press/changelog/page.tsx; app/f/press/lab/[slug]/page.tsx; app/f/press/lab/page.tsx; app/f/press/now/page.tsx; app/f/press/owner/page.tsx; app/f/press/projects/[slug]/page.tsx; app/f/press/projects/page.tsx; app/f/press/resume/page.tsx; app/f/press/work/page.tsx; app/f/surface/[...missing]/page.tsx; app/f/surface/about/page.tsx; app/f/surface/ask/[slug]/page.tsx; app/f/surface/ask/page.tsx; app/f/surface/ask/page/[page]/page.tsx; app/f/surface/changelog/page.tsx; app/f/surface/lab/[slug]/page.tsx; app/f/surface/lab/page.tsx; app/f/surface/now/page.tsx; app/f/surface/owner/page.tsx; app/f/surface/page.tsx; app/f/surface/projects/[slug]/page.tsx; app/f/surface/projects/page.tsx; app/f/surface/resume/page.tsx; app/f/surface/work/page.tsx; app/f/survey/[...missing]/page.tsx; app/f/survey/about/page.tsx; app/f/survey/ask/[slug]/page.tsx; app/f/survey/ask/page.tsx; app/f/survey/ask/page/[page]/page.tsx; app/f/survey/changelog/page.tsx; app/f/survey/lab/[slug]/page.tsx; app/f/survey/lab/page.tsx; app/f/survey/now/page.tsx; app/f/survey/owner/page.tsx; app/f/survey/page.tsx; app/f/survey/projects/[slug]/page.tsx; app/f/survey/projects/page.tsx; app/f/survey/resume/page.tsx; app/f/survey/work/page.tsx; app/f/timetable/[...missing]/page.tsx; app/f/timetable/about/page.tsx; app/f/timetable/ask/[slug]/page.tsx; app/f/timetable/ask/page.tsx; app/f/timetable/ask/page/[page]/page.tsx; app/f/timetable/changelog/page.tsx; app/f/timetable/lab/[slug]/page.tsx; app/f/timetable/lab/page.tsx; app/f/timetable/now/page.tsx; app/f/timetable/owner/page.tsx; app/f/timetable/page.tsx; app/f/timetable/projects/[slug]/page.tsx; app/f/timetable/projects/page.tsx; app/f/timetable/resume/page.tsx; app/f/timetable/work/page.tsx; flavors/drawing-set/components/site/page.tsx; flavors/press/components/site/page.tsx; flavors/surface/components/site/page.tsx; flavors/survey/components/site/page.tsx; flavors/timetable/components/site/page.tsx	
app/f/press/projects/[slug]/page.tsx	route:projects/[slug]	app/f/drawing-set/projects/[slug]/page.tsx; app/f/minimal/projects/[slug]/page.tsx; app/f/surface/projects/[slug]/page.tsx; app/f/survey/projects/[slug]/page.tsx; app/f/timetable/projects/[slug]/page.tsx	app/f/drawing-set/[...missing]/page.tsx; app/f/drawing-set/about/page.tsx; app/f/drawing-set/ask/[slug]/page.tsx; app/f/drawing-set/ask/page.tsx; app/f/drawing-set/ask/page/[page]/page.tsx; app/f/drawing-set/changelog/page.tsx; app/f/drawing-set/lab/[slug]/page.tsx; app/f/drawing-set/lab/page.tsx; app/f/drawing-set/now/page.tsx; app/f/drawing-set/owner/page.tsx; app/f/drawing-set/page.tsx; app/f/drawing-set/projects/[slug]/page.tsx; app/f/drawing-set/projects/page.tsx; app/f/drawing-set/resume/page.tsx; app/f/drawing-set/work/page.tsx; app/f/minimal/[...missing]/page.tsx; app/f/minimal/about/page.tsx; app/f/minimal/ask/[slug]/page.tsx; app/f/minimal/ask/page.tsx; app/f/minimal/ask/page/[page]/page.tsx; app/f/minimal/changelog/page.tsx; app/f/minimal/lab/[slug]/page.tsx; app/f/minimal/lab/page.tsx; app/f/minimal/now/page.tsx; app/f/minimal/owner/page.tsx; app/f/minimal/page.tsx; app/f/minimal/projects/[slug]/page.tsx; app/f/minimal/projects/page.tsx; app/f/minimal/resume/page.tsx; app/f/minimal/work/page.tsx; app/f/press/[...missing]/page.tsx; app/f/press/about/page.tsx; app/f/press/ask/[slug]/page.tsx; app/f/press/ask/page.tsx; app/f/press/ask/page/[page]/page.tsx; app/f/press/changelog/page.tsx; app/f/press/lab/[slug]/page.tsx; app/f/press/lab/page.tsx; app/f/press/now/page.tsx; app/f/press/owner/page.tsx; app/f/press/page.tsx; app/f/press/projects/page.tsx; app/f/press/resume/page.tsx; app/f/press/work/page.tsx; app/f/surface/[...missing]/page.tsx; app/f/surface/about/page.tsx; app/f/surface/ask/[slug]/page.tsx; app/f/surface/ask/page.tsx; app/f/surface/ask/page/[page]/page.tsx; app/f/surface/changelog/page.tsx; app/f/surface/lab/[slug]/page.tsx; app/f/surface/lab/page.tsx; app/f/surface/now/page.tsx; app/f/surface/owner/page.tsx; app/f/surface/page.tsx; app/f/surface/projects/[slug]/page.tsx; app/f/surface/projects/page.tsx; app/f/surface/resume/page.tsx; app/f/surface/work/page.tsx; app/f/survey/[...missing]/page.tsx; app/f/survey/about/page.tsx; app/f/survey/ask/[slug]/page.tsx; app/f/survey/ask/page.tsx; app/f/survey/ask/page/[page]/page.tsx; app/f/survey/changelog/page.tsx; app/f/survey/lab/[slug]/page.tsx; app/f/survey/lab/page.tsx; app/f/survey/now/page.tsx; app/f/survey/owner/page.tsx; app/f/survey/page.tsx; app/f/survey/projects/[slug]/page.tsx; app/f/survey/projects/page.tsx; app/f/survey/resume/page.tsx; app/f/survey/work/page.tsx; app/f/timetable/[...missing]/page.tsx; app/f/timetable/about/page.tsx; app/f/timetable/ask/[slug]/page.tsx; app/f/timetable/ask/page.tsx; app/f/timetable/ask/page/[page]/page.tsx; app/f/timetable/changelog/page.tsx; app/f/timetable/lab/[slug]/page.tsx; app/f/timetable/lab/page.tsx; app/f/timetable/now/page.tsx; app/f/timetable/owner/page.tsx; app/f/timetable/page.tsx; app/f/timetable/projects/[slug]/page.tsx; app/f/timetable/projects/page.tsx; app/f/timetable/resume/page.tsx; app/f/timetable/work/page.tsx; flavors/drawing-set/components/site/page.tsx; flavors/press/components/site/page.tsx; flavors/surface/components/site/page.tsx; flavors/survey/components/site/page.tsx; flavors/timetable/components/site/page.tsx	
app/f/press/projects/page.tsx	route:projects	app/f/drawing-set/projects/page.tsx; app/f/minimal/projects/page.tsx; app/f/surface/projects/page.tsx; app/f/survey/projects/page.tsx; app/f/timetable/projects/page.tsx	app/f/drawing-set/[...missing]/page.tsx; app/f/drawing-set/about/page.tsx; app/f/drawing-set/ask/[slug]/page.tsx; app/f/drawing-set/ask/page.tsx; app/f/drawing-set/ask/page/[page]/page.tsx; app/f/drawing-set/changelog/page.tsx; app/f/drawing-set/lab/[slug]/page.tsx; app/f/drawing-set/lab/page.tsx; app/f/drawing-set/now/page.tsx; app/f/drawing-set/owner/page.tsx; app/f/drawing-set/page.tsx; app/f/drawing-set/projects/[slug]/page.tsx; app/f/drawing-set/projects/page.tsx; app/f/drawing-set/resume/page.tsx; app/f/drawing-set/work/page.tsx; app/f/minimal/[...missing]/page.tsx; app/f/minimal/about/page.tsx; app/f/minimal/ask/[slug]/page.tsx; app/f/minimal/ask/page.tsx; app/f/minimal/ask/page/[page]/page.tsx; app/f/minimal/changelog/page.tsx; app/f/minimal/lab/[slug]/page.tsx; app/f/minimal/lab/page.tsx; app/f/minimal/now/page.tsx; app/f/minimal/owner/page.tsx; app/f/minimal/page.tsx; app/f/minimal/projects/[slug]/page.tsx; app/f/minimal/projects/page.tsx; app/f/minimal/resume/page.tsx; app/f/minimal/work/page.tsx; app/f/press/[...missing]/page.tsx; app/f/press/about/page.tsx; app/f/press/ask/[slug]/page.tsx; app/f/press/ask/page.tsx; app/f/press/ask/page/[page]/page.tsx; app/f/press/changelog/page.tsx; app/f/press/lab/[slug]/page.tsx; app/f/press/lab/page.tsx; app/f/press/now/page.tsx; app/f/press/owner/page.tsx; app/f/press/page.tsx; app/f/press/projects/[slug]/page.tsx; app/f/press/resume/page.tsx; app/f/press/work/page.tsx; app/f/surface/[...missing]/page.tsx; app/f/surface/about/page.tsx; app/f/surface/ask/[slug]/page.tsx; app/f/surface/ask/page.tsx; app/f/surface/ask/page/[page]/page.tsx; app/f/surface/changelog/page.tsx; app/f/surface/lab/[slug]/page.tsx; app/f/surface/lab/page.tsx; app/f/surface/now/page.tsx; app/f/surface/owner/page.tsx; app/f/surface/page.tsx; app/f/surface/projects/[slug]/page.tsx; app/f/surface/projects/page.tsx; app/f/surface/resume/page.tsx; app/f/surface/work/page.tsx; app/f/survey/[...missing]/page.tsx; app/f/survey/about/page.tsx; app/f/survey/ask/[slug]/page.tsx; app/f/survey/ask/page.tsx; app/f/survey/ask/page/[page]/page.tsx; app/f/survey/changelog/page.tsx; app/f/survey/lab/[slug]/page.tsx; app/f/survey/lab/page.tsx; app/f/survey/now/page.tsx; app/f/survey/owner/page.tsx; app/f/survey/page.tsx; app/f/survey/projects/[slug]/page.tsx; app/f/survey/projects/page.tsx; app/f/survey/resume/page.tsx; app/f/survey/work/page.tsx; app/f/timetable/[...missing]/page.tsx; app/f/timetable/about/page.tsx; app/f/timetable/ask/[slug]/page.tsx; app/f/timetable/ask/page.tsx; app/f/timetable/ask/page/[page]/page.tsx; app/f/timetable/changelog/page.tsx; app/f/timetable/lab/[slug]/page.tsx; app/f/timetable/lab/page.tsx; app/f/timetable/now/page.tsx; app/f/timetable/owner/page.tsx; app/f/timetable/page.tsx; app/f/timetable/projects/[slug]/page.tsx; app/f/timetable/projects/page.tsx; app/f/timetable/resume/page.tsx; app/f/timetable/work/page.tsx; flavors/drawing-set/components/site/page.tsx; flavors/press/components/site/page.tsx; flavors/surface/components/site/page.tsx; flavors/survey/components/site/page.tsx; flavors/timetable/components/site/page.tsx	
app/f/press/resume/page.tsx	route:resume	app/f/drawing-set/resume/page.tsx; app/f/minimal/resume/page.tsx; app/f/surface/resume/page.tsx; app/f/survey/resume/page.tsx; app/f/timetable/resume/page.tsx	app/f/drawing-set/[...missing]/page.tsx; app/f/drawing-set/about/page.tsx; app/f/drawing-set/ask/[slug]/page.tsx; app/f/drawing-set/ask/page.tsx; app/f/drawing-set/ask/page/[page]/page.tsx; app/f/drawing-set/changelog/page.tsx; app/f/drawing-set/lab/[slug]/page.tsx; app/f/drawing-set/lab/page.tsx; app/f/drawing-set/now/page.tsx; app/f/drawing-set/owner/page.tsx; app/f/drawing-set/page.tsx; app/f/drawing-set/projects/[slug]/page.tsx; app/f/drawing-set/projects/page.tsx; app/f/drawing-set/resume/page.tsx; app/f/drawing-set/work/page.tsx; app/f/minimal/[...missing]/page.tsx; app/f/minimal/about/page.tsx; app/f/minimal/ask/[slug]/page.tsx; app/f/minimal/ask/page.tsx; app/f/minimal/ask/page/[page]/page.tsx; app/f/minimal/changelog/page.tsx; app/f/minimal/lab/[slug]/page.tsx; app/f/minimal/lab/page.tsx; app/f/minimal/now/page.tsx; app/f/minimal/owner/page.tsx; app/f/minimal/page.tsx; app/f/minimal/projects/[slug]/page.tsx; app/f/minimal/projects/page.tsx; app/f/minimal/resume/page.tsx; app/f/minimal/work/page.tsx; app/f/press/[...missing]/page.tsx; app/f/press/about/page.tsx; app/f/press/ask/[slug]/page.tsx; app/f/press/ask/page.tsx; app/f/press/ask/page/[page]/page.tsx; app/f/press/changelog/page.tsx; app/f/press/lab/[slug]/page.tsx; app/f/press/lab/page.tsx; app/f/press/now/page.tsx; app/f/press/owner/page.tsx; app/f/press/page.tsx; app/f/press/projects/[slug]/page.tsx; app/f/press/projects/page.tsx; app/f/press/work/page.tsx; app/f/surface/[...missing]/page.tsx; app/f/surface/about/page.tsx; app/f/surface/ask/[slug]/page.tsx; app/f/surface/ask/page.tsx; app/f/surface/ask/page/[page]/page.tsx; app/f/surface/changelog/page.tsx; app/f/surface/lab/[slug]/page.tsx; app/f/surface/lab/page.tsx; app/f/surface/now/page.tsx; app/f/surface/owner/page.tsx; app/f/surface/page.tsx; app/f/surface/projects/[slug]/page.tsx; app/f/surface/projects/page.tsx; app/f/surface/resume/page.tsx; app/f/surface/work/page.tsx; app/f/survey/[...missing]/page.tsx; app/f/survey/about/page.tsx; app/f/survey/ask/[slug]/page.tsx; app/f/survey/ask/page.tsx; app/f/survey/ask/page/[page]/page.tsx; app/f/survey/changelog/page.tsx; app/f/survey/lab/[slug]/page.tsx; app/f/survey/lab/page.tsx; app/f/survey/now/page.tsx; app/f/survey/owner/page.tsx; app/f/survey/page.tsx; app/f/survey/projects/[slug]/page.tsx; app/f/survey/projects/page.tsx; app/f/survey/resume/page.tsx; app/f/survey/work/page.tsx; app/f/timetable/[...missing]/page.tsx; app/f/timetable/about/page.tsx; app/f/timetable/ask/[slug]/page.tsx; app/f/timetable/ask/page.tsx; app/f/timetable/ask/page/[page]/page.tsx; app/f/timetable/changelog/page.tsx; app/f/timetable/lab/[slug]/page.tsx; app/f/timetable/lab/page.tsx; app/f/timetable/now/page.tsx; app/f/timetable/owner/page.tsx; app/f/timetable/page.tsx; app/f/timetable/projects/[slug]/page.tsx; app/f/timetable/projects/page.tsx; app/f/timetable/resume/page.tsx; app/f/timetable/work/page.tsx; flavors/drawing-set/components/site/page.tsx; flavors/press/components/site/page.tsx; flavors/surface/components/site/page.tsx; flavors/survey/components/site/page.tsx; flavors/timetable/components/site/page.tsx	
app/f/press/work/page.tsx	route:work	app/f/drawing-set/work/page.tsx; app/f/minimal/work/page.tsx; app/f/surface/work/page.tsx; app/f/survey/work/page.tsx; app/f/timetable/work/page.tsx	app/f/drawing-set/[...missing]/page.tsx; app/f/drawing-set/about/page.tsx; app/f/drawing-set/ask/[slug]/page.tsx; app/f/drawing-set/ask/page.tsx; app/f/drawing-set/ask/page/[page]/page.tsx; app/f/drawing-set/changelog/page.tsx; app/f/drawing-set/lab/[slug]/page.tsx; app/f/drawing-set/lab/page.tsx; app/f/drawing-set/now/page.tsx; app/f/drawing-set/owner/page.tsx; app/f/drawing-set/page.tsx; app/f/drawing-set/projects/[slug]/page.tsx; app/f/drawing-set/projects/page.tsx; app/f/drawing-set/resume/page.tsx; app/f/drawing-set/work/page.tsx; app/f/minimal/[...missing]/page.tsx; app/f/minimal/about/page.tsx; app/f/minimal/ask/[slug]/page.tsx; app/f/minimal/ask/page.tsx; app/f/minimal/ask/page/[page]/page.tsx; app/f/minimal/changelog/page.tsx; app/f/minimal/lab/[slug]/page.tsx; app/f/minimal/lab/page.tsx; app/f/minimal/now/page.tsx; app/f/minimal/owner/page.tsx; app/f/minimal/page.tsx; app/f/minimal/projects/[slug]/page.tsx; app/f/minimal/projects/page.tsx; app/f/minimal/resume/page.tsx; app/f/minimal/work/page.tsx; app/f/press/[...missing]/page.tsx; app/f/press/about/page.tsx; app/f/press/ask/[slug]/page.tsx; app/f/press/ask/page.tsx; app/f/press/ask/page/[page]/page.tsx; app/f/press/changelog/page.tsx; app/f/press/lab/[slug]/page.tsx; app/f/press/lab/page.tsx; app/f/press/now/page.tsx; app/f/press/owner/page.tsx; app/f/press/page.tsx; app/f/press/projects/[slug]/page.tsx; app/f/press/projects/page.tsx; app/f/press/resume/page.tsx; app/f/surface/[...missing]/page.tsx; app/f/surface/about/page.tsx; app/f/surface/ask/[slug]/page.tsx; app/f/surface/ask/page.tsx; app/f/surface/ask/page/[page]/page.tsx; app/f/surface/changelog/page.tsx; app/f/surface/lab/[slug]/page.tsx; app/f/surface/lab/page.tsx; app/f/surface/now/page.tsx; app/f/surface/owner/page.tsx; app/f/surface/page.tsx; app/f/surface/projects/[slug]/page.tsx; app/f/surface/projects/page.tsx; app/f/surface/resume/page.tsx; app/f/surface/work/page.tsx; app/f/survey/[...missing]/page.tsx; app/f/survey/about/page.tsx; app/f/survey/ask/[slug]/page.tsx; app/f/survey/ask/page.tsx; app/f/survey/ask/page/[page]/page.tsx; app/f/survey/changelog/page.tsx; app/f/survey/lab/[slug]/page.tsx; app/f/survey/lab/page.tsx; app/f/survey/now/page.tsx; app/f/survey/owner/page.tsx; app/f/survey/page.tsx; app/f/survey/projects/[slug]/page.tsx; app/f/survey/projects/page.tsx; app/f/survey/resume/page.tsx; app/f/survey/work/page.tsx; app/f/timetable/[...missing]/page.tsx; app/f/timetable/about/page.tsx; app/f/timetable/ask/[slug]/page.tsx; app/f/timetable/ask/page.tsx; app/f/timetable/ask/page/[page]/page.tsx; app/f/timetable/changelog/page.tsx; app/f/timetable/lab/[slug]/page.tsx; app/f/timetable/lab/page.tsx; app/f/timetable/now/page.tsx; app/f/timetable/owner/page.tsx; app/f/timetable/page.tsx; app/f/timetable/projects/[slug]/page.tsx; app/f/timetable/projects/page.tsx; app/f/timetable/resume/page.tsx; app/f/timetable/work/page.tsx; flavors/drawing-set/components/site/page.tsx; flavors/press/components/site/page.tsx; flavors/surface/components/site/page.tsx; flavors/survey/components/site/page.tsx; flavors/timetable/components/site/page.tsx	
app/f/surface/[...missing]/page.tsx	route:[...missing]	app/f/drawing-set/[...missing]/page.tsx; app/f/minimal/[...missing]/page.tsx; app/f/press/[...missing]/page.tsx; app/f/survey/[...missing]/page.tsx; app/f/timetable/[...missing]/page.tsx	app/f/drawing-set/[...missing]/page.tsx; app/f/drawing-set/about/page.tsx; app/f/drawing-set/ask/[slug]/page.tsx; app/f/drawing-set/ask/page.tsx; app/f/drawing-set/ask/page/[page]/page.tsx; app/f/drawing-set/changelog/page.tsx; app/f/drawing-set/lab/[slug]/page.tsx; app/f/drawing-set/lab/page.tsx; app/f/drawing-set/now/page.tsx; app/f/drawing-set/owner/page.tsx; app/f/drawing-set/page.tsx; app/f/drawing-set/projects/[slug]/page.tsx; app/f/drawing-set/projects/page.tsx; app/f/drawing-set/resume/page.tsx; app/f/drawing-set/work/page.tsx; app/f/minimal/[...missing]/page.tsx; app/f/minimal/about/page.tsx; app/f/minimal/ask/[slug]/page.tsx; app/f/minimal/ask/page.tsx; app/f/minimal/ask/page/[page]/page.tsx; app/f/minimal/changelog/page.tsx; app/f/minimal/lab/[slug]/page.tsx; app/f/minimal/lab/page.tsx; app/f/minimal/now/page.tsx; app/f/minimal/owner/page.tsx; app/f/minimal/page.tsx; app/f/minimal/projects/[slug]/page.tsx; app/f/minimal/projects/page.tsx; app/f/minimal/resume/page.tsx; app/f/minimal/work/page.tsx; app/f/press/[...missing]/page.tsx; app/f/press/about/page.tsx; app/f/press/ask/[slug]/page.tsx; app/f/press/ask/page.tsx; app/f/press/ask/page/[page]/page.tsx; app/f/press/changelog/page.tsx; app/f/press/lab/[slug]/page.tsx; app/f/press/lab/page.tsx; app/f/press/now/page.tsx; app/f/press/owner/page.tsx; app/f/press/page.tsx; app/f/press/projects/[slug]/page.tsx; app/f/press/projects/page.tsx; app/f/press/resume/page.tsx; app/f/press/work/page.tsx; app/f/surface/about/page.tsx; app/f/surface/ask/[slug]/page.tsx; app/f/surface/ask/page.tsx; app/f/surface/ask/page/[page]/page.tsx; app/f/surface/changelog/page.tsx; app/f/surface/lab/[slug]/page.tsx; app/f/surface/lab/page.tsx; app/f/surface/now/page.tsx; app/f/surface/owner/page.tsx; app/f/surface/page.tsx; app/f/surface/projects/[slug]/page.tsx; app/f/surface/projects/page.tsx; app/f/surface/resume/page.tsx; app/f/surface/work/page.tsx; app/f/survey/[...missing]/page.tsx; app/f/survey/about/page.tsx; app/f/survey/ask/[slug]/page.tsx; app/f/survey/ask/page.tsx; app/f/survey/ask/page/[page]/page.tsx; app/f/survey/changelog/page.tsx; app/f/survey/lab/[slug]/page.tsx; app/f/survey/lab/page.tsx; app/f/survey/now/page.tsx; app/f/survey/owner/page.tsx; app/f/survey/page.tsx; app/f/survey/projects/[slug]/page.tsx; app/f/survey/projects/page.tsx; app/f/survey/resume/page.tsx; app/f/survey/work/page.tsx; app/f/timetable/[...missing]/page.tsx; app/f/timetable/about/page.tsx; app/f/timetable/ask/[slug]/page.tsx; app/f/timetable/ask/page.tsx; app/f/timetable/ask/page/[page]/page.tsx; app/f/timetable/changelog/page.tsx; app/f/timetable/lab/[slug]/page.tsx; app/f/timetable/lab/page.tsx; app/f/timetable/now/page.tsx; app/f/timetable/owner/page.tsx; app/f/timetable/page.tsx; app/f/timetable/projects/[slug]/page.tsx; app/f/timetable/projects/page.tsx; app/f/timetable/resume/page.tsx; app/f/timetable/work/page.tsx; flavors/drawing-set/components/site/page.tsx; flavors/press/components/site/page.tsx; flavors/surface/components/site/page.tsx; flavors/survey/components/site/page.tsx; flavors/timetable/components/site/page.tsx	app/f/drawing-set/[...missing]/page.tsx; app/f/minimal/[...missing]/page.tsx; app/f/press/[...missing]/page.tsx; app/f/survey/[...missing]/page.tsx; app/f/timetable/[...missing]/page.tsx
app/f/surface/about/page.tsx	route:about	app/f/drawing-set/about/page.tsx; app/f/minimal/about/page.tsx; app/f/press/about/page.tsx; app/f/survey/about/page.tsx; app/f/timetable/about/page.tsx	app/f/drawing-set/[...missing]/page.tsx; app/f/drawing-set/about/page.tsx; app/f/drawing-set/ask/[slug]/page.tsx; app/f/drawing-set/ask/page.tsx; app/f/drawing-set/ask/page/[page]/page.tsx; app/f/drawing-set/changelog/page.tsx; app/f/drawing-set/lab/[slug]/page.tsx; app/f/drawing-set/lab/page.tsx; app/f/drawing-set/now/page.tsx; app/f/drawing-set/owner/page.tsx; app/f/drawing-set/page.tsx; app/f/drawing-set/projects/[slug]/page.tsx; app/f/drawing-set/projects/page.tsx; app/f/drawing-set/resume/page.tsx; app/f/drawing-set/work/page.tsx; app/f/minimal/[...missing]/page.tsx; app/f/minimal/about/page.tsx; app/f/minimal/ask/[slug]/page.tsx; app/f/minimal/ask/page.tsx; app/f/minimal/ask/page/[page]/page.tsx; app/f/minimal/changelog/page.tsx; app/f/minimal/lab/[slug]/page.tsx; app/f/minimal/lab/page.tsx; app/f/minimal/now/page.tsx; app/f/minimal/owner/page.tsx; app/f/minimal/page.tsx; app/f/minimal/projects/[slug]/page.tsx; app/f/minimal/projects/page.tsx; app/f/minimal/resume/page.tsx; app/f/minimal/work/page.tsx; app/f/press/[...missing]/page.tsx; app/f/press/about/page.tsx; app/f/press/ask/[slug]/page.tsx; app/f/press/ask/page.tsx; app/f/press/ask/page/[page]/page.tsx; app/f/press/changelog/page.tsx; app/f/press/lab/[slug]/page.tsx; app/f/press/lab/page.tsx; app/f/press/now/page.tsx; app/f/press/owner/page.tsx; app/f/press/page.tsx; app/f/press/projects/[slug]/page.tsx; app/f/press/projects/page.tsx; app/f/press/resume/page.tsx; app/f/press/work/page.tsx; app/f/surface/[...missing]/page.tsx; app/f/surface/ask/[slug]/page.tsx; app/f/surface/ask/page.tsx; app/f/surface/ask/page/[page]/page.tsx; app/f/surface/changelog/page.tsx; app/f/surface/lab/[slug]/page.tsx; app/f/surface/lab/page.tsx; app/f/surface/now/page.tsx; app/f/surface/owner/page.tsx; app/f/surface/page.tsx; app/f/surface/projects/[slug]/page.tsx; app/f/surface/projects/page.tsx; app/f/surface/resume/page.tsx; app/f/surface/work/page.tsx; app/f/survey/[...missing]/page.tsx; app/f/survey/about/page.tsx; app/f/survey/ask/[slug]/page.tsx; app/f/survey/ask/page.tsx; app/f/survey/ask/page/[page]/page.tsx; app/f/survey/changelog/page.tsx; app/f/survey/lab/[slug]/page.tsx; app/f/survey/lab/page.tsx; app/f/survey/now/page.tsx; app/f/survey/owner/page.tsx; app/f/survey/page.tsx; app/f/survey/projects/[slug]/page.tsx; app/f/survey/projects/page.tsx; app/f/survey/resume/page.tsx; app/f/survey/work/page.tsx; app/f/timetable/[...missing]/page.tsx; app/f/timetable/about/page.tsx; app/f/timetable/ask/[slug]/page.tsx; app/f/timetable/ask/page.tsx; app/f/timetable/ask/page/[page]/page.tsx; app/f/timetable/changelog/page.tsx; app/f/timetable/lab/[slug]/page.tsx; app/f/timetable/lab/page.tsx; app/f/timetable/now/page.tsx; app/f/timetable/owner/page.tsx; app/f/timetable/page.tsx; app/f/timetable/projects/[slug]/page.tsx; app/f/timetable/projects/page.tsx; app/f/timetable/resume/page.tsx; app/f/timetable/work/page.tsx; flavors/drawing-set/components/site/page.tsx; flavors/press/components/site/page.tsx; flavors/surface/components/site/page.tsx; flavors/survey/components/site/page.tsx; flavors/timetable/components/site/page.tsx	
app/f/surface/ask/[slug]/opengraph-image.tsx	route:ask/[slug]/opengraph-image	app/f/drawing-set/ask/[slug]/opengraph-image.tsx; app/f/minimal/ask/[slug]/opengraph-image.tsx; app/f/press/ask/[slug]/opengraph-image.tsx; app/f/survey/ask/[slug]/opengraph-image.tsx; app/f/timetable/ask/[slug]/opengraph-image.tsx	app/f/drawing-set/ask/[slug]/opengraph-image.tsx; app/f/drawing-set/ask/opengraph-image.tsx; app/f/minimal/ask/[slug]/opengraph-image.tsx; app/f/minimal/ask/opengraph-image.tsx; app/f/press/ask/[slug]/opengraph-image.tsx; app/f/press/ask/opengraph-image.tsx; app/f/surface/ask/opengraph-image.tsx; app/f/survey/ask/[slug]/opengraph-image.tsx; app/f/survey/ask/opengraph-image.tsx; app/f/timetable/ask/[slug]/opengraph-image.tsx; app/f/timetable/ask/opengraph-image.tsx	app/f/drawing-set/ask/[slug]/opengraph-image.tsx; app/f/minimal/ask/[slug]/opengraph-image.tsx; app/f/press/ask/[slug]/opengraph-image.tsx; app/f/survey/ask/[slug]/opengraph-image.tsx; app/f/timetable/ask/[slug]/opengraph-image.tsx
app/f/surface/ask/[slug]/page.tsx	route:ask/[slug]	app/f/drawing-set/ask/[slug]/page.tsx; app/f/minimal/ask/[slug]/page.tsx; app/f/press/ask/[slug]/page.tsx; app/f/survey/ask/[slug]/page.tsx; app/f/timetable/ask/[slug]/page.tsx	app/f/drawing-set/[...missing]/page.tsx; app/f/drawing-set/about/page.tsx; app/f/drawing-set/ask/[slug]/page.tsx; app/f/drawing-set/ask/page.tsx; app/f/drawing-set/ask/page/[page]/page.tsx; app/f/drawing-set/changelog/page.tsx; app/f/drawing-set/lab/[slug]/page.tsx; app/f/drawing-set/lab/page.tsx; app/f/drawing-set/now/page.tsx; app/f/drawing-set/owner/page.tsx; app/f/drawing-set/page.tsx; app/f/drawing-set/projects/[slug]/page.tsx; app/f/drawing-set/projects/page.tsx; app/f/drawing-set/resume/page.tsx; app/f/drawing-set/work/page.tsx; app/f/minimal/[...missing]/page.tsx; app/f/minimal/about/page.tsx; app/f/minimal/ask/[slug]/page.tsx; app/f/minimal/ask/page.tsx; app/f/minimal/ask/page/[page]/page.tsx; app/f/minimal/changelog/page.tsx; app/f/minimal/lab/[slug]/page.tsx; app/f/minimal/lab/page.tsx; app/f/minimal/now/page.tsx; app/f/minimal/owner/page.tsx; app/f/minimal/page.tsx; app/f/minimal/projects/[slug]/page.tsx; app/f/minimal/projects/page.tsx; app/f/minimal/resume/page.tsx; app/f/minimal/work/page.tsx; app/f/press/[...missing]/page.tsx; app/f/press/about/page.tsx; app/f/press/ask/[slug]/page.tsx; app/f/press/ask/page.tsx; app/f/press/ask/page/[page]/page.tsx; app/f/press/changelog/page.tsx; app/f/press/lab/[slug]/page.tsx; app/f/press/lab/page.tsx; app/f/press/now/page.tsx; app/f/press/owner/page.tsx; app/f/press/page.tsx; app/f/press/projects/[slug]/page.tsx; app/f/press/projects/page.tsx; app/f/press/resume/page.tsx; app/f/press/work/page.tsx; app/f/surface/[...missing]/page.tsx; app/f/surface/about/page.tsx; app/f/surface/ask/page.tsx; app/f/surface/ask/page/[page]/page.tsx; app/f/surface/changelog/page.tsx; app/f/surface/lab/[slug]/page.tsx; app/f/surface/lab/page.tsx; app/f/surface/now/page.tsx; app/f/surface/owner/page.tsx; app/f/surface/page.tsx; app/f/surface/projects/[slug]/page.tsx; app/f/surface/projects/page.tsx; app/f/surface/resume/page.tsx; app/f/surface/work/page.tsx; app/f/survey/[...missing]/page.tsx; app/f/survey/about/page.tsx; app/f/survey/ask/[slug]/page.tsx; app/f/survey/ask/page.tsx; app/f/survey/ask/page/[page]/page.tsx; app/f/survey/changelog/page.tsx; app/f/survey/lab/[slug]/page.tsx; app/f/survey/lab/page.tsx; app/f/survey/now/page.tsx; app/f/survey/owner/page.tsx; app/f/survey/page.tsx; app/f/survey/projects/[slug]/page.tsx; app/f/survey/projects/page.tsx; app/f/survey/resume/page.tsx; app/f/survey/work/page.tsx; app/f/timetable/[...missing]/page.tsx; app/f/timetable/about/page.tsx; app/f/timetable/ask/[slug]/page.tsx; app/f/timetable/ask/page.tsx; app/f/timetable/ask/page/[page]/page.tsx; app/f/timetable/changelog/page.tsx; app/f/timetable/lab/[slug]/page.tsx; app/f/timetable/lab/page.tsx; app/f/timetable/now/page.tsx; app/f/timetable/owner/page.tsx; app/f/timetable/page.tsx; app/f/timetable/projects/[slug]/page.tsx; app/f/timetable/projects/page.tsx; app/f/timetable/resume/page.tsx; app/f/timetable/work/page.tsx; flavors/drawing-set/components/site/page.tsx; flavors/press/components/site/page.tsx; flavors/surface/components/site/page.tsx; flavors/survey/components/site/page.tsx; flavors/timetable/components/site/page.tsx	
app/f/surface/ask/opengraph-image.tsx	route:ask/opengraph-image	app/f/drawing-set/ask/opengraph-image.tsx; app/f/minimal/ask/opengraph-image.tsx; app/f/press/ask/opengraph-image.tsx; app/f/survey/ask/opengraph-image.tsx; app/f/timetable/ask/opengraph-image.tsx	app/f/drawing-set/ask/[slug]/opengraph-image.tsx; app/f/drawing-set/ask/opengraph-image.tsx; app/f/minimal/ask/[slug]/opengraph-image.tsx; app/f/minimal/ask/opengraph-image.tsx; app/f/press/ask/[slug]/opengraph-image.tsx; app/f/press/ask/opengraph-image.tsx; app/f/surface/ask/[slug]/opengraph-image.tsx; app/f/survey/ask/[slug]/opengraph-image.tsx; app/f/survey/ask/opengraph-image.tsx; app/f/timetable/ask/[slug]/opengraph-image.tsx; app/f/timetable/ask/opengraph-image.tsx	app/f/drawing-set/ask/opengraph-image.tsx; app/f/minimal/ask/opengraph-image.tsx; app/f/press/ask/opengraph-image.tsx; app/f/survey/ask/opengraph-image.tsx; app/f/timetable/ask/opengraph-image.tsx
app/f/surface/ask/page.tsx	route:ask	app/f/drawing-set/ask/page.tsx; app/f/minimal/ask/page.tsx; app/f/press/ask/page.tsx; app/f/survey/ask/page.tsx; app/f/timetable/ask/page.tsx	app/f/drawing-set/[...missing]/page.tsx; app/f/drawing-set/about/page.tsx; app/f/drawing-set/ask/[slug]/page.tsx; app/f/drawing-set/ask/page.tsx; app/f/drawing-set/ask/page/[page]/page.tsx; app/f/drawing-set/changelog/page.tsx; app/f/drawing-set/lab/[slug]/page.tsx; app/f/drawing-set/lab/page.tsx; app/f/drawing-set/now/page.tsx; app/f/drawing-set/owner/page.tsx; app/f/drawing-set/page.tsx; app/f/drawing-set/projects/[slug]/page.tsx; app/f/drawing-set/projects/page.tsx; app/f/drawing-set/resume/page.tsx; app/f/drawing-set/work/page.tsx; app/f/minimal/[...missing]/page.tsx; app/f/minimal/about/page.tsx; app/f/minimal/ask/[slug]/page.tsx; app/f/minimal/ask/page.tsx; app/f/minimal/ask/page/[page]/page.tsx; app/f/minimal/changelog/page.tsx; app/f/minimal/lab/[slug]/page.tsx; app/f/minimal/lab/page.tsx; app/f/minimal/now/page.tsx; app/f/minimal/owner/page.tsx; app/f/minimal/page.tsx; app/f/minimal/projects/[slug]/page.tsx; app/f/minimal/projects/page.tsx; app/f/minimal/resume/page.tsx; app/f/minimal/work/page.tsx; app/f/press/[...missing]/page.tsx; app/f/press/about/page.tsx; app/f/press/ask/[slug]/page.tsx; app/f/press/ask/page.tsx; app/f/press/ask/page/[page]/page.tsx; app/f/press/changelog/page.tsx; app/f/press/lab/[slug]/page.tsx; app/f/press/lab/page.tsx; app/f/press/now/page.tsx; app/f/press/owner/page.tsx; app/f/press/page.tsx; app/f/press/projects/[slug]/page.tsx; app/f/press/projects/page.tsx; app/f/press/resume/page.tsx; app/f/press/work/page.tsx; app/f/surface/[...missing]/page.tsx; app/f/surface/about/page.tsx; app/f/surface/ask/[slug]/page.tsx; app/f/surface/ask/page/[page]/page.tsx; app/f/surface/changelog/page.tsx; app/f/surface/lab/[slug]/page.tsx; app/f/surface/lab/page.tsx; app/f/surface/now/page.tsx; app/f/surface/owner/page.tsx; app/f/surface/page.tsx; app/f/surface/projects/[slug]/page.tsx; app/f/surface/projects/page.tsx; app/f/surface/resume/page.tsx; app/f/surface/work/page.tsx; app/f/survey/[...missing]/page.tsx; app/f/survey/about/page.tsx; app/f/survey/ask/[slug]/page.tsx; app/f/survey/ask/page.tsx; app/f/survey/ask/page/[page]/page.tsx; app/f/survey/changelog/page.tsx; app/f/survey/lab/[slug]/page.tsx; app/f/survey/lab/page.tsx; app/f/survey/now/page.tsx; app/f/survey/owner/page.tsx; app/f/survey/page.tsx; app/f/survey/projects/[slug]/page.tsx; app/f/survey/projects/page.tsx; app/f/survey/resume/page.tsx; app/f/survey/work/page.tsx; app/f/timetable/[...missing]/page.tsx; app/f/timetable/about/page.tsx; app/f/timetable/ask/[slug]/page.tsx; app/f/timetable/ask/page.tsx; app/f/timetable/ask/page/[page]/page.tsx; app/f/timetable/changelog/page.tsx; app/f/timetable/lab/[slug]/page.tsx; app/f/timetable/lab/page.tsx; app/f/timetable/now/page.tsx; app/f/timetable/owner/page.tsx; app/f/timetable/page.tsx; app/f/timetable/projects/[slug]/page.tsx; app/f/timetable/projects/page.tsx; app/f/timetable/resume/page.tsx; app/f/timetable/work/page.tsx; flavors/drawing-set/components/site/page.tsx; flavors/press/components/site/page.tsx; flavors/surface/components/site/page.tsx; flavors/survey/components/site/page.tsx; flavors/timetable/components/site/page.tsx	
app/f/surface/ask/page/[page]/page.tsx	route:ask/page/[page]	app/f/drawing-set/ask/page/[page]/page.tsx; app/f/minimal/ask/page/[page]/page.tsx; app/f/press/ask/page/[page]/page.tsx; app/f/survey/ask/page/[page]/page.tsx; app/f/timetable/ask/page/[page]/page.tsx	app/f/drawing-set/[...missing]/page.tsx; app/f/drawing-set/about/page.tsx; app/f/drawing-set/ask/[slug]/page.tsx; app/f/drawing-set/ask/page.tsx; app/f/drawing-set/ask/page/[page]/page.tsx; app/f/drawing-set/changelog/page.tsx; app/f/drawing-set/lab/[slug]/page.tsx; app/f/drawing-set/lab/page.tsx; app/f/drawing-set/now/page.tsx; app/f/drawing-set/owner/page.tsx; app/f/drawing-set/page.tsx; app/f/drawing-set/projects/[slug]/page.tsx; app/f/drawing-set/projects/page.tsx; app/f/drawing-set/resume/page.tsx; app/f/drawing-set/work/page.tsx; app/f/minimal/[...missing]/page.tsx; app/f/minimal/about/page.tsx; app/f/minimal/ask/[slug]/page.tsx; app/f/minimal/ask/page.tsx; app/f/minimal/ask/page/[page]/page.tsx; app/f/minimal/changelog/page.tsx; app/f/minimal/lab/[slug]/page.tsx; app/f/minimal/lab/page.tsx; app/f/minimal/now/page.tsx; app/f/minimal/owner/page.tsx; app/f/minimal/page.tsx; app/f/minimal/projects/[slug]/page.tsx; app/f/minimal/projects/page.tsx; app/f/minimal/resume/page.tsx; app/f/minimal/work/page.tsx; app/f/press/[...missing]/page.tsx; app/f/press/about/page.tsx; app/f/press/ask/[slug]/page.tsx; app/f/press/ask/page.tsx; app/f/press/ask/page/[page]/page.tsx; app/f/press/changelog/page.tsx; app/f/press/lab/[slug]/page.tsx; app/f/press/lab/page.tsx; app/f/press/now/page.tsx; app/f/press/owner/page.tsx; app/f/press/page.tsx; app/f/press/projects/[slug]/page.tsx; app/f/press/projects/page.tsx; app/f/press/resume/page.tsx; app/f/press/work/page.tsx; app/f/surface/[...missing]/page.tsx; app/f/surface/about/page.tsx; app/f/surface/ask/[slug]/page.tsx; app/f/surface/ask/page.tsx; app/f/surface/changelog/page.tsx; app/f/surface/lab/[slug]/page.tsx; app/f/surface/lab/page.tsx; app/f/surface/now/page.tsx; app/f/surface/owner/page.tsx; app/f/surface/page.tsx; app/f/surface/projects/[slug]/page.tsx; app/f/surface/projects/page.tsx; app/f/surface/resume/page.tsx; app/f/surface/work/page.tsx; app/f/survey/[...missing]/page.tsx; app/f/survey/about/page.tsx; app/f/survey/ask/[slug]/page.tsx; app/f/survey/ask/page.tsx; app/f/survey/ask/page/[page]/page.tsx; app/f/survey/changelog/page.tsx; app/f/survey/lab/[slug]/page.tsx; app/f/survey/lab/page.tsx; app/f/survey/now/page.tsx; app/f/survey/owner/page.tsx; app/f/survey/page.tsx; app/f/survey/projects/[slug]/page.tsx; app/f/survey/projects/page.tsx; app/f/survey/resume/page.tsx; app/f/survey/work/page.tsx; app/f/timetable/[...missing]/page.tsx; app/f/timetable/about/page.tsx; app/f/timetable/ask/[slug]/page.tsx; app/f/timetable/ask/page.tsx; app/f/timetable/ask/page/[page]/page.tsx; app/f/timetable/changelog/page.tsx; app/f/timetable/lab/[slug]/page.tsx; app/f/timetable/lab/page.tsx; app/f/timetable/now/page.tsx; app/f/timetable/owner/page.tsx; app/f/timetable/page.tsx; app/f/timetable/projects/[slug]/page.tsx; app/f/timetable/projects/page.tsx; app/f/timetable/resume/page.tsx; app/f/timetable/work/page.tsx; flavors/drawing-set/components/site/page.tsx; flavors/press/components/site/page.tsx; flavors/surface/components/site/page.tsx; flavors/survey/components/site/page.tsx; flavors/timetable/components/site/page.tsx	
app/f/surface/changelog/page.tsx	route:changelog	app/f/drawing-set/changelog/page.tsx; app/f/minimal/changelog/page.tsx; app/f/press/changelog/page.tsx; app/f/survey/changelog/page.tsx; app/f/timetable/changelog/page.tsx	app/f/drawing-set/[...missing]/page.tsx; app/f/drawing-set/about/page.tsx; app/f/drawing-set/ask/[slug]/page.tsx; app/f/drawing-set/ask/page.tsx; app/f/drawing-set/ask/page/[page]/page.tsx; app/f/drawing-set/changelog/page.tsx; app/f/drawing-set/lab/[slug]/page.tsx; app/f/drawing-set/lab/page.tsx; app/f/drawing-set/now/page.tsx; app/f/drawing-set/owner/page.tsx; app/f/drawing-set/page.tsx; app/f/drawing-set/projects/[slug]/page.tsx; app/f/drawing-set/projects/page.tsx; app/f/drawing-set/resume/page.tsx; app/f/drawing-set/work/page.tsx; app/f/minimal/[...missing]/page.tsx; app/f/minimal/about/page.tsx; app/f/minimal/ask/[slug]/page.tsx; app/f/minimal/ask/page.tsx; app/f/minimal/ask/page/[page]/page.tsx; app/f/minimal/changelog/page.tsx; app/f/minimal/lab/[slug]/page.tsx; app/f/minimal/lab/page.tsx; app/f/minimal/now/page.tsx; app/f/minimal/owner/page.tsx; app/f/minimal/page.tsx; app/f/minimal/projects/[slug]/page.tsx; app/f/minimal/projects/page.tsx; app/f/minimal/resume/page.tsx; app/f/minimal/work/page.tsx; app/f/press/[...missing]/page.tsx; app/f/press/about/page.tsx; app/f/press/ask/[slug]/page.tsx; app/f/press/ask/page.tsx; app/f/press/ask/page/[page]/page.tsx; app/f/press/changelog/page.tsx; app/f/press/lab/[slug]/page.tsx; app/f/press/lab/page.tsx; app/f/press/now/page.tsx; app/f/press/owner/page.tsx; app/f/press/page.tsx; app/f/press/projects/[slug]/page.tsx; app/f/press/projects/page.tsx; app/f/press/resume/page.tsx; app/f/press/work/page.tsx; app/f/surface/[...missing]/page.tsx; app/f/surface/about/page.tsx; app/f/surface/ask/[slug]/page.tsx; app/f/surface/ask/page.tsx; app/f/surface/ask/page/[page]/page.tsx; app/f/surface/lab/[slug]/page.tsx; app/f/surface/lab/page.tsx; app/f/surface/now/page.tsx; app/f/surface/owner/page.tsx; app/f/surface/page.tsx; app/f/surface/projects/[slug]/page.tsx; app/f/surface/projects/page.tsx; app/f/surface/resume/page.tsx; app/f/surface/work/page.tsx; app/f/survey/[...missing]/page.tsx; app/f/survey/about/page.tsx; app/f/survey/ask/[slug]/page.tsx; app/f/survey/ask/page.tsx; app/f/survey/ask/page/[page]/page.tsx; app/f/survey/changelog/page.tsx; app/f/survey/lab/[slug]/page.tsx; app/f/survey/lab/page.tsx; app/f/survey/now/page.tsx; app/f/survey/owner/page.tsx; app/f/survey/page.tsx; app/f/survey/projects/[slug]/page.tsx; app/f/survey/projects/page.tsx; app/f/survey/resume/page.tsx; app/f/survey/work/page.tsx; app/f/timetable/[...missing]/page.tsx; app/f/timetable/about/page.tsx; app/f/timetable/ask/[slug]/page.tsx; app/f/timetable/ask/page.tsx; app/f/timetable/ask/page/[page]/page.tsx; app/f/timetable/changelog/page.tsx; app/f/timetable/lab/[slug]/page.tsx; app/f/timetable/lab/page.tsx; app/f/timetable/now/page.tsx; app/f/timetable/owner/page.tsx; app/f/timetable/page.tsx; app/f/timetable/projects/[slug]/page.tsx; app/f/timetable/projects/page.tsx; app/f/timetable/resume/page.tsx; app/f/timetable/work/page.tsx; flavors/drawing-set/components/site/page.tsx; flavors/press/components/site/page.tsx; flavors/surface/components/site/page.tsx; flavors/survey/components/site/page.tsx; flavors/timetable/components/site/page.tsx	
app/f/surface/lab/[slug]/page.tsx	route:lab/[slug]	app/f/drawing-set/lab/[slug]/page.tsx; app/f/minimal/lab/[slug]/page.tsx; app/f/press/lab/[slug]/page.tsx; app/f/survey/lab/[slug]/page.tsx; app/f/timetable/lab/[slug]/page.tsx	app/f/drawing-set/[...missing]/page.tsx; app/f/drawing-set/about/page.tsx; app/f/drawing-set/ask/[slug]/page.tsx; app/f/drawing-set/ask/page.tsx; app/f/drawing-set/ask/page/[page]/page.tsx; app/f/drawing-set/changelog/page.tsx; app/f/drawing-set/lab/[slug]/page.tsx; app/f/drawing-set/lab/page.tsx; app/f/drawing-set/now/page.tsx; app/f/drawing-set/owner/page.tsx; app/f/drawing-set/page.tsx; app/f/drawing-set/projects/[slug]/page.tsx; app/f/drawing-set/projects/page.tsx; app/f/drawing-set/resume/page.tsx; app/f/drawing-set/work/page.tsx; app/f/minimal/[...missing]/page.tsx; app/f/minimal/about/page.tsx; app/f/minimal/ask/[slug]/page.tsx; app/f/minimal/ask/page.tsx; app/f/minimal/ask/page/[page]/page.tsx; app/f/minimal/changelog/page.tsx; app/f/minimal/lab/[slug]/page.tsx; app/f/minimal/lab/page.tsx; app/f/minimal/now/page.tsx; app/f/minimal/owner/page.tsx; app/f/minimal/page.tsx; app/f/minimal/projects/[slug]/page.tsx; app/f/minimal/projects/page.tsx; app/f/minimal/resume/page.tsx; app/f/minimal/work/page.tsx; app/f/press/[...missing]/page.tsx; app/f/press/about/page.tsx; app/f/press/ask/[slug]/page.tsx; app/f/press/ask/page.tsx; app/f/press/ask/page/[page]/page.tsx; app/f/press/changelog/page.tsx; app/f/press/lab/[slug]/page.tsx; app/f/press/lab/page.tsx; app/f/press/now/page.tsx; app/f/press/owner/page.tsx; app/f/press/page.tsx; app/f/press/projects/[slug]/page.tsx; app/f/press/projects/page.tsx; app/f/press/resume/page.tsx; app/f/press/work/page.tsx; app/f/surface/[...missing]/page.tsx; app/f/surface/about/page.tsx; app/f/surface/ask/[slug]/page.tsx; app/f/surface/ask/page.tsx; app/f/surface/ask/page/[page]/page.tsx; app/f/surface/changelog/page.tsx; app/f/surface/lab/page.tsx; app/f/surface/now/page.tsx; app/f/surface/owner/page.tsx; app/f/surface/page.tsx; app/f/surface/projects/[slug]/page.tsx; app/f/surface/projects/page.tsx; app/f/surface/resume/page.tsx; app/f/surface/work/page.tsx; app/f/survey/[...missing]/page.tsx; app/f/survey/about/page.tsx; app/f/survey/ask/[slug]/page.tsx; app/f/survey/ask/page.tsx; app/f/survey/ask/page/[page]/page.tsx; app/f/survey/changelog/page.tsx; app/f/survey/lab/[slug]/page.tsx; app/f/survey/lab/page.tsx; app/f/survey/now/page.tsx; app/f/survey/owner/page.tsx; app/f/survey/page.tsx; app/f/survey/projects/[slug]/page.tsx; app/f/survey/projects/page.tsx; app/f/survey/resume/page.tsx; app/f/survey/work/page.tsx; app/f/timetable/[...missing]/page.tsx; app/f/timetable/about/page.tsx; app/f/timetable/ask/[slug]/page.tsx; app/f/timetable/ask/page.tsx; app/f/timetable/ask/page/[page]/page.tsx; app/f/timetable/changelog/page.tsx; app/f/timetable/lab/[slug]/page.tsx; app/f/timetable/lab/page.tsx; app/f/timetable/now/page.tsx; app/f/timetable/owner/page.tsx; app/f/timetable/page.tsx; app/f/timetable/projects/[slug]/page.tsx; app/f/timetable/projects/page.tsx; app/f/timetable/resume/page.tsx; app/f/timetable/work/page.tsx; flavors/drawing-set/components/site/page.tsx; flavors/press/components/site/page.tsx; flavors/surface/components/site/page.tsx; flavors/survey/components/site/page.tsx; flavors/timetable/components/site/page.tsx	
app/f/surface/lab/page.tsx	route:lab	app/f/drawing-set/lab/page.tsx; app/f/minimal/lab/page.tsx; app/f/press/lab/page.tsx; app/f/survey/lab/page.tsx; app/f/timetable/lab/page.tsx	app/f/drawing-set/[...missing]/page.tsx; app/f/drawing-set/about/page.tsx; app/f/drawing-set/ask/[slug]/page.tsx; app/f/drawing-set/ask/page.tsx; app/f/drawing-set/ask/page/[page]/page.tsx; app/f/drawing-set/changelog/page.tsx; app/f/drawing-set/lab/[slug]/page.tsx; app/f/drawing-set/lab/page.tsx; app/f/drawing-set/now/page.tsx; app/f/drawing-set/owner/page.tsx; app/f/drawing-set/page.tsx; app/f/drawing-set/projects/[slug]/page.tsx; app/f/drawing-set/projects/page.tsx; app/f/drawing-set/resume/page.tsx; app/f/drawing-set/work/page.tsx; app/f/minimal/[...missing]/page.tsx; app/f/minimal/about/page.tsx; app/f/minimal/ask/[slug]/page.tsx; app/f/minimal/ask/page.tsx; app/f/minimal/ask/page/[page]/page.tsx; app/f/minimal/changelog/page.tsx; app/f/minimal/lab/[slug]/page.tsx; app/f/minimal/lab/page.tsx; app/f/minimal/now/page.tsx; app/f/minimal/owner/page.tsx; app/f/minimal/page.tsx; app/f/minimal/projects/[slug]/page.tsx; app/f/minimal/projects/page.tsx; app/f/minimal/resume/page.tsx; app/f/minimal/work/page.tsx; app/f/press/[...missing]/page.tsx; app/f/press/about/page.tsx; app/f/press/ask/[slug]/page.tsx; app/f/press/ask/page.tsx; app/f/press/ask/page/[page]/page.tsx; app/f/press/changelog/page.tsx; app/f/press/lab/[slug]/page.tsx; app/f/press/lab/page.tsx; app/f/press/now/page.tsx; app/f/press/owner/page.tsx; app/f/press/page.tsx; app/f/press/projects/[slug]/page.tsx; app/f/press/projects/page.tsx; app/f/press/resume/page.tsx; app/f/press/work/page.tsx; app/f/surface/[...missing]/page.tsx; app/f/surface/about/page.tsx; app/f/surface/ask/[slug]/page.tsx; app/f/surface/ask/page.tsx; app/f/surface/ask/page/[page]/page.tsx; app/f/surface/changelog/page.tsx; app/f/surface/lab/[slug]/page.tsx; app/f/surface/now/page.tsx; app/f/surface/owner/page.tsx; app/f/surface/page.tsx; app/f/surface/projects/[slug]/page.tsx; app/f/surface/projects/page.tsx; app/f/surface/resume/page.tsx; app/f/surface/work/page.tsx; app/f/survey/[...missing]/page.tsx; app/f/survey/about/page.tsx; app/f/survey/ask/[slug]/page.tsx; app/f/survey/ask/page.tsx; app/f/survey/ask/page/[page]/page.tsx; app/f/survey/changelog/page.tsx; app/f/survey/lab/[slug]/page.tsx; app/f/survey/lab/page.tsx; app/f/survey/now/page.tsx; app/f/survey/owner/page.tsx; app/f/survey/page.tsx; app/f/survey/projects/[slug]/page.tsx; app/f/survey/projects/page.tsx; app/f/survey/resume/page.tsx; app/f/survey/work/page.tsx; app/f/timetable/[...missing]/page.tsx; app/f/timetable/about/page.tsx; app/f/timetable/ask/[slug]/page.tsx; app/f/timetable/ask/page.tsx; app/f/timetable/ask/page/[page]/page.tsx; app/f/timetable/changelog/page.tsx; app/f/timetable/lab/[slug]/page.tsx; app/f/timetable/lab/page.tsx; app/f/timetable/now/page.tsx; app/f/timetable/owner/page.tsx; app/f/timetable/page.tsx; app/f/timetable/projects/[slug]/page.tsx; app/f/timetable/projects/page.tsx; app/f/timetable/resume/page.tsx; app/f/timetable/work/page.tsx; flavors/drawing-set/components/site/page.tsx; flavors/press/components/site/page.tsx; flavors/surface/components/site/page.tsx; flavors/survey/components/site/page.tsx; flavors/timetable/components/site/page.tsx	
app/f/surface/layout.tsx	route:home	app/f/drawing-set/layout.tsx; app/f/minimal/layout.tsx; app/f/press/layout.tsx; app/f/survey/layout.tsx; app/f/timetable/layout.tsx	app/f/drawing-set/layout.tsx; app/f/minimal/layout.tsx; app/f/press/layout.tsx; app/f/survey/layout.tsx; app/f/timetable/layout.tsx	
app/f/surface/not-found.tsx	route:home	app/f/drawing-set/not-found.tsx; app/f/minimal/not-found.tsx; app/f/press/not-found.tsx; app/f/survey/not-found.tsx; app/f/timetable/not-found.tsx	app/f/drawing-set/not-found.tsx; app/f/minimal/not-found.tsx; app/f/press/not-found.tsx; app/f/survey/not-found.tsx; app/f/timetable/not-found.tsx	
app/f/surface/now/page.tsx	route:now	app/f/drawing-set/now/page.tsx; app/f/minimal/now/page.tsx; app/f/press/now/page.tsx; app/f/survey/now/page.tsx; app/f/timetable/now/page.tsx	app/f/drawing-set/[...missing]/page.tsx; app/f/drawing-set/about/page.tsx; app/f/drawing-set/ask/[slug]/page.tsx; app/f/drawing-set/ask/page.tsx; app/f/drawing-set/ask/page/[page]/page.tsx; app/f/drawing-set/changelog/page.tsx; app/f/drawing-set/lab/[slug]/page.tsx; app/f/drawing-set/lab/page.tsx; app/f/drawing-set/now/page.tsx; app/f/drawing-set/owner/page.tsx; app/f/drawing-set/page.tsx; app/f/drawing-set/projects/[slug]/page.tsx; app/f/drawing-set/projects/page.tsx; app/f/drawing-set/resume/page.tsx; app/f/drawing-set/work/page.tsx; app/f/minimal/[...missing]/page.tsx; app/f/minimal/about/page.tsx; app/f/minimal/ask/[slug]/page.tsx; app/f/minimal/ask/page.tsx; app/f/minimal/ask/page/[page]/page.tsx; app/f/minimal/changelog/page.tsx; app/f/minimal/lab/[slug]/page.tsx; app/f/minimal/lab/page.tsx; app/f/minimal/now/page.tsx; app/f/minimal/owner/page.tsx; app/f/minimal/page.tsx; app/f/minimal/projects/[slug]/page.tsx; app/f/minimal/projects/page.tsx; app/f/minimal/resume/page.tsx; app/f/minimal/work/page.tsx; app/f/press/[...missing]/page.tsx; app/f/press/about/page.tsx; app/f/press/ask/[slug]/page.tsx; app/f/press/ask/page.tsx; app/f/press/ask/page/[page]/page.tsx; app/f/press/changelog/page.tsx; app/f/press/lab/[slug]/page.tsx; app/f/press/lab/page.tsx; app/f/press/now/page.tsx; app/f/press/owner/page.tsx; app/f/press/page.tsx; app/f/press/projects/[slug]/page.tsx; app/f/press/projects/page.tsx; app/f/press/resume/page.tsx; app/f/press/work/page.tsx; app/f/surface/[...missing]/page.tsx; app/f/surface/about/page.tsx; app/f/surface/ask/[slug]/page.tsx; app/f/surface/ask/page.tsx; app/f/surface/ask/page/[page]/page.tsx; app/f/surface/changelog/page.tsx; app/f/surface/lab/[slug]/page.tsx; app/f/surface/lab/page.tsx; app/f/surface/owner/page.tsx; app/f/surface/page.tsx; app/f/surface/projects/[slug]/page.tsx; app/f/surface/projects/page.tsx; app/f/surface/resume/page.tsx; app/f/surface/work/page.tsx; app/f/survey/[...missing]/page.tsx; app/f/survey/about/page.tsx; app/f/survey/ask/[slug]/page.tsx; app/f/survey/ask/page.tsx; app/f/survey/ask/page/[page]/page.tsx; app/f/survey/changelog/page.tsx; app/f/survey/lab/[slug]/page.tsx; app/f/survey/lab/page.tsx; app/f/survey/now/page.tsx; app/f/survey/owner/page.tsx; app/f/survey/page.tsx; app/f/survey/projects/[slug]/page.tsx; app/f/survey/projects/page.tsx; app/f/survey/resume/page.tsx; app/f/survey/work/page.tsx; app/f/timetable/[...missing]/page.tsx; app/f/timetable/about/page.tsx; app/f/timetable/ask/[slug]/page.tsx; app/f/timetable/ask/page.tsx; app/f/timetable/ask/page/[page]/page.tsx; app/f/timetable/changelog/page.tsx; app/f/timetable/lab/[slug]/page.tsx; app/f/timetable/lab/page.tsx; app/f/timetable/now/page.tsx; app/f/timetable/owner/page.tsx; app/f/timetable/page.tsx; app/f/timetable/projects/[slug]/page.tsx; app/f/timetable/projects/page.tsx; app/f/timetable/resume/page.tsx; app/f/timetable/work/page.tsx; flavors/drawing-set/components/site/page.tsx; flavors/press/components/site/page.tsx; flavors/surface/components/site/page.tsx; flavors/survey/components/site/page.tsx; flavors/timetable/components/site/page.tsx	
app/f/surface/owner/page.tsx	route:owner	app/f/drawing-set/owner/page.tsx; app/f/minimal/owner/page.tsx; app/f/press/owner/page.tsx; app/f/survey/owner/page.tsx; app/f/timetable/owner/page.tsx	app/f/drawing-set/[...missing]/page.tsx; app/f/drawing-set/about/page.tsx; app/f/drawing-set/ask/[slug]/page.tsx; app/f/drawing-set/ask/page.tsx; app/f/drawing-set/ask/page/[page]/page.tsx; app/f/drawing-set/changelog/page.tsx; app/f/drawing-set/lab/[slug]/page.tsx; app/f/drawing-set/lab/page.tsx; app/f/drawing-set/now/page.tsx; app/f/drawing-set/owner/page.tsx; app/f/drawing-set/page.tsx; app/f/drawing-set/projects/[slug]/page.tsx; app/f/drawing-set/projects/page.tsx; app/f/drawing-set/resume/page.tsx; app/f/drawing-set/work/page.tsx; app/f/minimal/[...missing]/page.tsx; app/f/minimal/about/page.tsx; app/f/minimal/ask/[slug]/page.tsx; app/f/minimal/ask/page.tsx; app/f/minimal/ask/page/[page]/page.tsx; app/f/minimal/changelog/page.tsx; app/f/minimal/lab/[slug]/page.tsx; app/f/minimal/lab/page.tsx; app/f/minimal/now/page.tsx; app/f/minimal/owner/page.tsx; app/f/minimal/page.tsx; app/f/minimal/projects/[slug]/page.tsx; app/f/minimal/projects/page.tsx; app/f/minimal/resume/page.tsx; app/f/minimal/work/page.tsx; app/f/press/[...missing]/page.tsx; app/f/press/about/page.tsx; app/f/press/ask/[slug]/page.tsx; app/f/press/ask/page.tsx; app/f/press/ask/page/[page]/page.tsx; app/f/press/changelog/page.tsx; app/f/press/lab/[slug]/page.tsx; app/f/press/lab/page.tsx; app/f/press/now/page.tsx; app/f/press/owner/page.tsx; app/f/press/page.tsx; app/f/press/projects/[slug]/page.tsx; app/f/press/projects/page.tsx; app/f/press/resume/page.tsx; app/f/press/work/page.tsx; app/f/surface/[...missing]/page.tsx; app/f/surface/about/page.tsx; app/f/surface/ask/[slug]/page.tsx; app/f/surface/ask/page.tsx; app/f/surface/ask/page/[page]/page.tsx; app/f/surface/changelog/page.tsx; app/f/surface/lab/[slug]/page.tsx; app/f/surface/lab/page.tsx; app/f/surface/now/page.tsx; app/f/surface/page.tsx; app/f/surface/projects/[slug]/page.tsx; app/f/surface/projects/page.tsx; app/f/surface/resume/page.tsx; app/f/surface/work/page.tsx; app/f/survey/[...missing]/page.tsx; app/f/survey/about/page.tsx; app/f/survey/ask/[slug]/page.tsx; app/f/survey/ask/page.tsx; app/f/survey/ask/page/[page]/page.tsx; app/f/survey/changelog/page.tsx; app/f/survey/lab/[slug]/page.tsx; app/f/survey/lab/page.tsx; app/f/survey/now/page.tsx; app/f/survey/owner/page.tsx; app/f/survey/page.tsx; app/f/survey/projects/[slug]/page.tsx; app/f/survey/projects/page.tsx; app/f/survey/resume/page.tsx; app/f/survey/work/page.tsx; app/f/timetable/[...missing]/page.tsx; app/f/timetable/about/page.tsx; app/f/timetable/ask/[slug]/page.tsx; app/f/timetable/ask/page.tsx; app/f/timetable/ask/page/[page]/page.tsx; app/f/timetable/changelog/page.tsx; app/f/timetable/lab/[slug]/page.tsx; app/f/timetable/lab/page.tsx; app/f/timetable/now/page.tsx; app/f/timetable/owner/page.tsx; app/f/timetable/page.tsx; app/f/timetable/projects/[slug]/page.tsx; app/f/timetable/projects/page.tsx; app/f/timetable/resume/page.tsx; app/f/timetable/work/page.tsx; flavors/drawing-set/components/site/page.tsx; flavors/press/components/site/page.tsx; flavors/surface/components/site/page.tsx; flavors/survey/components/site/page.tsx; flavors/timetable/components/site/page.tsx	
app/f/surface/page.tsx	route:home	app/f/drawing-set/page.tsx; app/f/minimal/page.tsx; app/f/press/page.tsx; app/f/survey/page.tsx; app/f/timetable/page.tsx	app/f/drawing-set/[...missing]/page.tsx; app/f/drawing-set/about/page.tsx; app/f/drawing-set/ask/[slug]/page.tsx; app/f/drawing-set/ask/page.tsx; app/f/drawing-set/ask/page/[page]/page.tsx; app/f/drawing-set/changelog/page.tsx; app/f/drawing-set/lab/[slug]/page.tsx; app/f/drawing-set/lab/page.tsx; app/f/drawing-set/now/page.tsx; app/f/drawing-set/owner/page.tsx; app/f/drawing-set/page.tsx; app/f/drawing-set/projects/[slug]/page.tsx; app/f/drawing-set/projects/page.tsx; app/f/drawing-set/resume/page.tsx; app/f/drawing-set/work/page.tsx; app/f/minimal/[...missing]/page.tsx; app/f/minimal/about/page.tsx; app/f/minimal/ask/[slug]/page.tsx; app/f/minimal/ask/page.tsx; app/f/minimal/ask/page/[page]/page.tsx; app/f/minimal/changelog/page.tsx; app/f/minimal/lab/[slug]/page.tsx; app/f/minimal/lab/page.tsx; app/f/minimal/now/page.tsx; app/f/minimal/owner/page.tsx; app/f/minimal/page.tsx; app/f/minimal/projects/[slug]/page.tsx; app/f/minimal/projects/page.tsx; app/f/minimal/resume/page.tsx; app/f/minimal/work/page.tsx; app/f/press/[...missing]/page.tsx; app/f/press/about/page.tsx; app/f/press/ask/[slug]/page.tsx; app/f/press/ask/page.tsx; app/f/press/ask/page/[page]/page.tsx; app/f/press/changelog/page.tsx; app/f/press/lab/[slug]/page.tsx; app/f/press/lab/page.tsx; app/f/press/now/page.tsx; app/f/press/owner/page.tsx; app/f/press/page.tsx; app/f/press/projects/[slug]/page.tsx; app/f/press/projects/page.tsx; app/f/press/resume/page.tsx; app/f/press/work/page.tsx; app/f/surface/[...missing]/page.tsx; app/f/surface/about/page.tsx; app/f/surface/ask/[slug]/page.tsx; app/f/surface/ask/page.tsx; app/f/surface/ask/page/[page]/page.tsx; app/f/surface/changelog/page.tsx; app/f/surface/lab/[slug]/page.tsx; app/f/surface/lab/page.tsx; app/f/surface/now/page.tsx; app/f/surface/owner/page.tsx; app/f/surface/projects/[slug]/page.tsx; app/f/surface/projects/page.tsx; app/f/surface/resume/page.tsx; app/f/surface/work/page.tsx; app/f/survey/[...missing]/page.tsx; app/f/survey/about/page.tsx; app/f/survey/ask/[slug]/page.tsx; app/f/survey/ask/page.tsx; app/f/survey/ask/page/[page]/page.tsx; app/f/survey/changelog/page.tsx; app/f/survey/lab/[slug]/page.tsx; app/f/survey/lab/page.tsx; app/f/survey/now/page.tsx; app/f/survey/owner/page.tsx; app/f/survey/page.tsx; app/f/survey/projects/[slug]/page.tsx; app/f/survey/projects/page.tsx; app/f/survey/resume/page.tsx; app/f/survey/work/page.tsx; app/f/timetable/[...missing]/page.tsx; app/f/timetable/about/page.tsx; app/f/timetable/ask/[slug]/page.tsx; app/f/timetable/ask/page.tsx; app/f/timetable/ask/page/[page]/page.tsx; app/f/timetable/changelog/page.tsx; app/f/timetable/lab/[slug]/page.tsx; app/f/timetable/lab/page.tsx; app/f/timetable/now/page.tsx; app/f/timetable/owner/page.tsx; app/f/timetable/page.tsx; app/f/timetable/projects/[slug]/page.tsx; app/f/timetable/projects/page.tsx; app/f/timetable/resume/page.tsx; app/f/timetable/work/page.tsx; flavors/drawing-set/components/site/page.tsx; flavors/press/components/site/page.tsx; flavors/surface/components/site/page.tsx; flavors/survey/components/site/page.tsx; flavors/timetable/components/site/page.tsx	
app/f/surface/projects/[slug]/page.tsx	route:projects/[slug]	app/f/drawing-set/projects/[slug]/page.tsx; app/f/minimal/projects/[slug]/page.tsx; app/f/press/projects/[slug]/page.tsx; app/f/survey/projects/[slug]/page.tsx; app/f/timetable/projects/[slug]/page.tsx	app/f/drawing-set/[...missing]/page.tsx; app/f/drawing-set/about/page.tsx; app/f/drawing-set/ask/[slug]/page.tsx; app/f/drawing-set/ask/page.tsx; app/f/drawing-set/ask/page/[page]/page.tsx; app/f/drawing-set/changelog/page.tsx; app/f/drawing-set/lab/[slug]/page.tsx; app/f/drawing-set/lab/page.tsx; app/f/drawing-set/now/page.tsx; app/f/drawing-set/owner/page.tsx; app/f/drawing-set/page.tsx; app/f/drawing-set/projects/[slug]/page.tsx; app/f/drawing-set/projects/page.tsx; app/f/drawing-set/resume/page.tsx; app/f/drawing-set/work/page.tsx; app/f/minimal/[...missing]/page.tsx; app/f/minimal/about/page.tsx; app/f/minimal/ask/[slug]/page.tsx; app/f/minimal/ask/page.tsx; app/f/minimal/ask/page/[page]/page.tsx; app/f/minimal/changelog/page.tsx; app/f/minimal/lab/[slug]/page.tsx; app/f/minimal/lab/page.tsx; app/f/minimal/now/page.tsx; app/f/minimal/owner/page.tsx; app/f/minimal/page.tsx; app/f/minimal/projects/[slug]/page.tsx; app/f/minimal/projects/page.tsx; app/f/minimal/resume/page.tsx; app/f/minimal/work/page.tsx; app/f/press/[...missing]/page.tsx; app/f/press/about/page.tsx; app/f/press/ask/[slug]/page.tsx; app/f/press/ask/page.tsx; app/f/press/ask/page/[page]/page.tsx; app/f/press/changelog/page.tsx; app/f/press/lab/[slug]/page.tsx; app/f/press/lab/page.tsx; app/f/press/now/page.tsx; app/f/press/owner/page.tsx; app/f/press/page.tsx; app/f/press/projects/[slug]/page.tsx; app/f/press/projects/page.tsx; app/f/press/resume/page.tsx; app/f/press/work/page.tsx; app/f/surface/[...missing]/page.tsx; app/f/surface/about/page.tsx; app/f/surface/ask/[slug]/page.tsx; app/f/surface/ask/page.tsx; app/f/surface/ask/page/[page]/page.tsx; app/f/surface/changelog/page.tsx; app/f/surface/lab/[slug]/page.tsx; app/f/surface/lab/page.tsx; app/f/surface/now/page.tsx; app/f/surface/owner/page.tsx; app/f/surface/page.tsx; app/f/surface/projects/page.tsx; app/f/surface/resume/page.tsx; app/f/surface/work/page.tsx; app/f/survey/[...missing]/page.tsx; app/f/survey/about/page.tsx; app/f/survey/ask/[slug]/page.tsx; app/f/survey/ask/page.tsx; app/f/survey/ask/page/[page]/page.tsx; app/f/survey/changelog/page.tsx; app/f/survey/lab/[slug]/page.tsx; app/f/survey/lab/page.tsx; app/f/survey/now/page.tsx; app/f/survey/owner/page.tsx; app/f/survey/page.tsx; app/f/survey/projects/[slug]/page.tsx; app/f/survey/projects/page.tsx; app/f/survey/resume/page.tsx; app/f/survey/work/page.tsx; app/f/timetable/[...missing]/page.tsx; app/f/timetable/about/page.tsx; app/f/timetable/ask/[slug]/page.tsx; app/f/timetable/ask/page.tsx; app/f/timetable/ask/page/[page]/page.tsx; app/f/timetable/changelog/page.tsx; app/f/timetable/lab/[slug]/page.tsx; app/f/timetable/lab/page.tsx; app/f/timetable/now/page.tsx; app/f/timetable/owner/page.tsx; app/f/timetable/page.tsx; app/f/timetable/projects/[slug]/page.tsx; app/f/timetable/projects/page.tsx; app/f/timetable/resume/page.tsx; app/f/timetable/work/page.tsx; flavors/drawing-set/components/site/page.tsx; flavors/press/components/site/page.tsx; flavors/surface/components/site/page.tsx; flavors/survey/components/site/page.tsx; flavors/timetable/components/site/page.tsx	
app/f/surface/projects/page.tsx	route:projects	app/f/drawing-set/projects/page.tsx; app/f/minimal/projects/page.tsx; app/f/press/projects/page.tsx; app/f/survey/projects/page.tsx; app/f/timetable/projects/page.tsx	app/f/drawing-set/[...missing]/page.tsx; app/f/drawing-set/about/page.tsx; app/f/drawing-set/ask/[slug]/page.tsx; app/f/drawing-set/ask/page.tsx; app/f/drawing-set/ask/page/[page]/page.tsx; app/f/drawing-set/changelog/page.tsx; app/f/drawing-set/lab/[slug]/page.tsx; app/f/drawing-set/lab/page.tsx; app/f/drawing-set/now/page.tsx; app/f/drawing-set/owner/page.tsx; app/f/drawing-set/page.tsx; app/f/drawing-set/projects/[slug]/page.tsx; app/f/drawing-set/projects/page.tsx; app/f/drawing-set/resume/page.tsx; app/f/drawing-set/work/page.tsx; app/f/minimal/[...missing]/page.tsx; app/f/minimal/about/page.tsx; app/f/minimal/ask/[slug]/page.tsx; app/f/minimal/ask/page.tsx; app/f/minimal/ask/page/[page]/page.tsx; app/f/minimal/changelog/page.tsx; app/f/minimal/lab/[slug]/page.tsx; app/f/minimal/lab/page.tsx; app/f/minimal/now/page.tsx; app/f/minimal/owner/page.tsx; app/f/minimal/page.tsx; app/f/minimal/projects/[slug]/page.tsx; app/f/minimal/projects/page.tsx; app/f/minimal/resume/page.tsx; app/f/minimal/work/page.tsx; app/f/press/[...missing]/page.tsx; app/f/press/about/page.tsx; app/f/press/ask/[slug]/page.tsx; app/f/press/ask/page.tsx; app/f/press/ask/page/[page]/page.tsx; app/f/press/changelog/page.tsx; app/f/press/lab/[slug]/page.tsx; app/f/press/lab/page.tsx; app/f/press/now/page.tsx; app/f/press/owner/page.tsx; app/f/press/page.tsx; app/f/press/projects/[slug]/page.tsx; app/f/press/projects/page.tsx; app/f/press/resume/page.tsx; app/f/press/work/page.tsx; app/f/surface/[...missing]/page.tsx; app/f/surface/about/page.tsx; app/f/surface/ask/[slug]/page.tsx; app/f/surface/ask/page.tsx; app/f/surface/ask/page/[page]/page.tsx; app/f/surface/changelog/page.tsx; app/f/surface/lab/[slug]/page.tsx; app/f/surface/lab/page.tsx; app/f/surface/now/page.tsx; app/f/surface/owner/page.tsx; app/f/surface/page.tsx; app/f/surface/projects/[slug]/page.tsx; app/f/surface/resume/page.tsx; app/f/surface/work/page.tsx; app/f/survey/[...missing]/page.tsx; app/f/survey/about/page.tsx; app/f/survey/ask/[slug]/page.tsx; app/f/survey/ask/page.tsx; app/f/survey/ask/page/[page]/page.tsx; app/f/survey/changelog/page.tsx; app/f/survey/lab/[slug]/page.tsx; app/f/survey/lab/page.tsx; app/f/survey/now/page.tsx; app/f/survey/owner/page.tsx; app/f/survey/page.tsx; app/f/survey/projects/[slug]/page.tsx; app/f/survey/projects/page.tsx; app/f/survey/resume/page.tsx; app/f/survey/work/page.tsx; app/f/timetable/[...missing]/page.tsx; app/f/timetable/about/page.tsx; app/f/timetable/ask/[slug]/page.tsx; app/f/timetable/ask/page.tsx; app/f/timetable/ask/page/[page]/page.tsx; app/f/timetable/changelog/page.tsx; app/f/timetable/lab/[slug]/page.tsx; app/f/timetable/lab/page.tsx; app/f/timetable/now/page.tsx; app/f/timetable/owner/page.tsx; app/f/timetable/page.tsx; app/f/timetable/projects/[slug]/page.tsx; app/f/timetable/projects/page.tsx; app/f/timetable/resume/page.tsx; app/f/timetable/work/page.tsx; flavors/drawing-set/components/site/page.tsx; flavors/press/components/site/page.tsx; flavors/surface/components/site/page.tsx; flavors/survey/components/site/page.tsx; flavors/timetable/components/site/page.tsx	
app/f/surface/resume/page.tsx	route:resume	app/f/drawing-set/resume/page.tsx; app/f/minimal/resume/page.tsx; app/f/press/resume/page.tsx; app/f/survey/resume/page.tsx; app/f/timetable/resume/page.tsx	app/f/drawing-set/[...missing]/page.tsx; app/f/drawing-set/about/page.tsx; app/f/drawing-set/ask/[slug]/page.tsx; app/f/drawing-set/ask/page.tsx; app/f/drawing-set/ask/page/[page]/page.tsx; app/f/drawing-set/changelog/page.tsx; app/f/drawing-set/lab/[slug]/page.tsx; app/f/drawing-set/lab/page.tsx; app/f/drawing-set/now/page.tsx; app/f/drawing-set/owner/page.tsx; app/f/drawing-set/page.tsx; app/f/drawing-set/projects/[slug]/page.tsx; app/f/drawing-set/projects/page.tsx; app/f/drawing-set/resume/page.tsx; app/f/drawing-set/work/page.tsx; app/f/minimal/[...missing]/page.tsx; app/f/minimal/about/page.tsx; app/f/minimal/ask/[slug]/page.tsx; app/f/minimal/ask/page.tsx; app/f/minimal/ask/page/[page]/page.tsx; app/f/minimal/changelog/page.tsx; app/f/minimal/lab/[slug]/page.tsx; app/f/minimal/lab/page.tsx; app/f/minimal/now/page.tsx; app/f/minimal/owner/page.tsx; app/f/minimal/page.tsx; app/f/minimal/projects/[slug]/page.tsx; app/f/minimal/projects/page.tsx; app/f/minimal/resume/page.tsx; app/f/minimal/work/page.tsx; app/f/press/[...missing]/page.tsx; app/f/press/about/page.tsx; app/f/press/ask/[slug]/page.tsx; app/f/press/ask/page.tsx; app/f/press/ask/page/[page]/page.tsx; app/f/press/changelog/page.tsx; app/f/press/lab/[slug]/page.tsx; app/f/press/lab/page.tsx; app/f/press/now/page.tsx; app/f/press/owner/page.tsx; app/f/press/page.tsx; app/f/press/projects/[slug]/page.tsx; app/f/press/projects/page.tsx; app/f/press/resume/page.tsx; app/f/press/work/page.tsx; app/f/surface/[...missing]/page.tsx; app/f/surface/about/page.tsx; app/f/surface/ask/[slug]/page.tsx; app/f/surface/ask/page.tsx; app/f/surface/ask/page/[page]/page.tsx; app/f/surface/changelog/page.tsx; app/f/surface/lab/[slug]/page.tsx; app/f/surface/lab/page.tsx; app/f/surface/now/page.tsx; app/f/surface/owner/page.tsx; app/f/surface/page.tsx; app/f/surface/projects/[slug]/page.tsx; app/f/surface/projects/page.tsx; app/f/surface/work/page.tsx; app/f/survey/[...missing]/page.tsx; app/f/survey/about/page.tsx; app/f/survey/ask/[slug]/page.tsx; app/f/survey/ask/page.tsx; app/f/survey/ask/page/[page]/page.tsx; app/f/survey/changelog/page.tsx; app/f/survey/lab/[slug]/page.tsx; app/f/survey/lab/page.tsx; app/f/survey/now/page.tsx; app/f/survey/owner/page.tsx; app/f/survey/page.tsx; app/f/survey/projects/[slug]/page.tsx; app/f/survey/projects/page.tsx; app/f/survey/resume/page.tsx; app/f/survey/work/page.tsx; app/f/timetable/[...missing]/page.tsx; app/f/timetable/about/page.tsx; app/f/timetable/ask/[slug]/page.tsx; app/f/timetable/ask/page.tsx; app/f/timetable/ask/page/[page]/page.tsx; app/f/timetable/changelog/page.tsx; app/f/timetable/lab/[slug]/page.tsx; app/f/timetable/lab/page.tsx; app/f/timetable/now/page.tsx; app/f/timetable/owner/page.tsx; app/f/timetable/page.tsx; app/f/timetable/projects/[slug]/page.tsx; app/f/timetable/projects/page.tsx; app/f/timetable/resume/page.tsx; app/f/timetable/work/page.tsx; flavors/drawing-set/components/site/page.tsx; flavors/press/components/site/page.tsx; flavors/surface/components/site/page.tsx; flavors/survey/components/site/page.tsx; flavors/timetable/components/site/page.tsx	
app/f/surface/work/page.tsx	route:work	app/f/drawing-set/work/page.tsx; app/f/minimal/work/page.tsx; app/f/press/work/page.tsx; app/f/survey/work/page.tsx; app/f/timetable/work/page.tsx	app/f/drawing-set/[...missing]/page.tsx; app/f/drawing-set/about/page.tsx; app/f/drawing-set/ask/[slug]/page.tsx; app/f/drawing-set/ask/page.tsx; app/f/drawing-set/ask/page/[page]/page.tsx; app/f/drawing-set/changelog/page.tsx; app/f/drawing-set/lab/[slug]/page.tsx; app/f/drawing-set/lab/page.tsx; app/f/drawing-set/now/page.tsx; app/f/drawing-set/owner/page.tsx; app/f/drawing-set/page.tsx; app/f/drawing-set/projects/[slug]/page.tsx; app/f/drawing-set/projects/page.tsx; app/f/drawing-set/resume/page.tsx; app/f/drawing-set/work/page.tsx; app/f/minimal/[...missing]/page.tsx; app/f/minimal/about/page.tsx; app/f/minimal/ask/[slug]/page.tsx; app/f/minimal/ask/page.tsx; app/f/minimal/ask/page/[page]/page.tsx; app/f/minimal/changelog/page.tsx; app/f/minimal/lab/[slug]/page.tsx; app/f/minimal/lab/page.tsx; app/f/minimal/now/page.tsx; app/f/minimal/owner/page.tsx; app/f/minimal/page.tsx; app/f/minimal/projects/[slug]/page.tsx; app/f/minimal/projects/page.tsx; app/f/minimal/resume/page.tsx; app/f/minimal/work/page.tsx; app/f/press/[...missing]/page.tsx; app/f/press/about/page.tsx; app/f/press/ask/[slug]/page.tsx; app/f/press/ask/page.tsx; app/f/press/ask/page/[page]/page.tsx; app/f/press/changelog/page.tsx; app/f/press/lab/[slug]/page.tsx; app/f/press/lab/page.tsx; app/f/press/now/page.tsx; app/f/press/owner/page.tsx; app/f/press/page.tsx; app/f/press/projects/[slug]/page.tsx; app/f/press/projects/page.tsx; app/f/press/resume/page.tsx; app/f/press/work/page.tsx; app/f/surface/[...missing]/page.tsx; app/f/surface/about/page.tsx; app/f/surface/ask/[slug]/page.tsx; app/f/surface/ask/page.tsx; app/f/surface/ask/page/[page]/page.tsx; app/f/surface/changelog/page.tsx; app/f/surface/lab/[slug]/page.tsx; app/f/surface/lab/page.tsx; app/f/surface/now/page.tsx; app/f/surface/owner/page.tsx; app/f/surface/page.tsx; app/f/surface/projects/[slug]/page.tsx; app/f/surface/projects/page.tsx; app/f/surface/resume/page.tsx; app/f/survey/[...missing]/page.tsx; app/f/survey/about/page.tsx; app/f/survey/ask/[slug]/page.tsx; app/f/survey/ask/page.tsx; app/f/survey/ask/page/[page]/page.tsx; app/f/survey/changelog/page.tsx; app/f/survey/lab/[slug]/page.tsx; app/f/survey/lab/page.tsx; app/f/survey/now/page.tsx; app/f/survey/owner/page.tsx; app/f/survey/page.tsx; app/f/survey/projects/[slug]/page.tsx; app/f/survey/projects/page.tsx; app/f/survey/resume/page.tsx; app/f/survey/work/page.tsx; app/f/timetable/[...missing]/page.tsx; app/f/timetable/about/page.tsx; app/f/timetable/ask/[slug]/page.tsx; app/f/timetable/ask/page.tsx; app/f/timetable/ask/page/[page]/page.tsx; app/f/timetable/changelog/page.tsx; app/f/timetable/lab/[slug]/page.tsx; app/f/timetable/lab/page.tsx; app/f/timetable/now/page.tsx; app/f/timetable/owner/page.tsx; app/f/timetable/page.tsx; app/f/timetable/projects/[slug]/page.tsx; app/f/timetable/projects/page.tsx; app/f/timetable/resume/page.tsx; app/f/timetable/work/page.tsx; flavors/drawing-set/components/site/page.tsx; flavors/press/components/site/page.tsx; flavors/surface/components/site/page.tsx; flavors/survey/components/site/page.tsx; flavors/timetable/components/site/page.tsx	
app/f/survey/[...missing]/page.tsx	route:[...missing]	app/f/drawing-set/[...missing]/page.tsx; app/f/minimal/[...missing]/page.tsx; app/f/press/[...missing]/page.tsx; app/f/surface/[...missing]/page.tsx; app/f/timetable/[...missing]/page.tsx	app/f/drawing-set/[...missing]/page.tsx; app/f/drawing-set/about/page.tsx; app/f/drawing-set/ask/[slug]/page.tsx; app/f/drawing-set/ask/page.tsx; app/f/drawing-set/ask/page/[page]/page.tsx; app/f/drawing-set/changelog/page.tsx; app/f/drawing-set/lab/[slug]/page.tsx; app/f/drawing-set/lab/page.tsx; app/f/drawing-set/now/page.tsx; app/f/drawing-set/owner/page.tsx; app/f/drawing-set/page.tsx; app/f/drawing-set/projects/[slug]/page.tsx; app/f/drawing-set/projects/page.tsx; app/f/drawing-set/resume/page.tsx; app/f/drawing-set/work/page.tsx; app/f/minimal/[...missing]/page.tsx; app/f/minimal/about/page.tsx; app/f/minimal/ask/[slug]/page.tsx; app/f/minimal/ask/page.tsx; app/f/minimal/ask/page/[page]/page.tsx; app/f/minimal/changelog/page.tsx; app/f/minimal/lab/[slug]/page.tsx; app/f/minimal/lab/page.tsx; app/f/minimal/now/page.tsx; app/f/minimal/owner/page.tsx; app/f/minimal/page.tsx; app/f/minimal/projects/[slug]/page.tsx; app/f/minimal/projects/page.tsx; app/f/minimal/resume/page.tsx; app/f/minimal/work/page.tsx; app/f/press/[...missing]/page.tsx; app/f/press/about/page.tsx; app/f/press/ask/[slug]/page.tsx; app/f/press/ask/page.tsx; app/f/press/ask/page/[page]/page.tsx; app/f/press/changelog/page.tsx; app/f/press/lab/[slug]/page.tsx; app/f/press/lab/page.tsx; app/f/press/now/page.tsx; app/f/press/owner/page.tsx; app/f/press/page.tsx; app/f/press/projects/[slug]/page.tsx; app/f/press/projects/page.tsx; app/f/press/resume/page.tsx; app/f/press/work/page.tsx; app/f/surface/[...missing]/page.tsx; app/f/surface/about/page.tsx; app/f/surface/ask/[slug]/page.tsx; app/f/surface/ask/page.tsx; app/f/surface/ask/page/[page]/page.tsx; app/f/surface/changelog/page.tsx; app/f/surface/lab/[slug]/page.tsx; app/f/surface/lab/page.tsx; app/f/surface/now/page.tsx; app/f/surface/owner/page.tsx; app/f/surface/page.tsx; app/f/surface/projects/[slug]/page.tsx; app/f/surface/projects/page.tsx; app/f/surface/resume/page.tsx; app/f/surface/work/page.tsx; app/f/survey/about/page.tsx; app/f/survey/ask/[slug]/page.tsx; app/f/survey/ask/page.tsx; app/f/survey/ask/page/[page]/page.tsx; app/f/survey/changelog/page.tsx; app/f/survey/lab/[slug]/page.tsx; app/f/survey/lab/page.tsx; app/f/survey/now/page.tsx; app/f/survey/owner/page.tsx; app/f/survey/page.tsx; app/f/survey/projects/[slug]/page.tsx; app/f/survey/projects/page.tsx; app/f/survey/resume/page.tsx; app/f/survey/work/page.tsx; app/f/timetable/[...missing]/page.tsx; app/f/timetable/about/page.tsx; app/f/timetable/ask/[slug]/page.tsx; app/f/timetable/ask/page.tsx; app/f/timetable/ask/page/[page]/page.tsx; app/f/timetable/changelog/page.tsx; app/f/timetable/lab/[slug]/page.tsx; app/f/timetable/lab/page.tsx; app/f/timetable/now/page.tsx; app/f/timetable/owner/page.tsx; app/f/timetable/page.tsx; app/f/timetable/projects/[slug]/page.tsx; app/f/timetable/projects/page.tsx; app/f/timetable/resume/page.tsx; app/f/timetable/work/page.tsx; flavors/drawing-set/components/site/page.tsx; flavors/press/components/site/page.tsx; flavors/surface/components/site/page.tsx; flavors/survey/components/site/page.tsx; flavors/timetable/components/site/page.tsx	app/f/drawing-set/[...missing]/page.tsx; app/f/minimal/[...missing]/page.tsx; app/f/press/[...missing]/page.tsx; app/f/surface/[...missing]/page.tsx; app/f/timetable/[...missing]/page.tsx
app/f/survey/about/page.tsx	route:about	app/f/drawing-set/about/page.tsx; app/f/minimal/about/page.tsx; app/f/press/about/page.tsx; app/f/surface/about/page.tsx; app/f/timetable/about/page.tsx	app/f/drawing-set/[...missing]/page.tsx; app/f/drawing-set/about/page.tsx; app/f/drawing-set/ask/[slug]/page.tsx; app/f/drawing-set/ask/page.tsx; app/f/drawing-set/ask/page/[page]/page.tsx; app/f/drawing-set/changelog/page.tsx; app/f/drawing-set/lab/[slug]/page.tsx; app/f/drawing-set/lab/page.tsx; app/f/drawing-set/now/page.tsx; app/f/drawing-set/owner/page.tsx; app/f/drawing-set/page.tsx; app/f/drawing-set/projects/[slug]/page.tsx; app/f/drawing-set/projects/page.tsx; app/f/drawing-set/resume/page.tsx; app/f/drawing-set/work/page.tsx; app/f/minimal/[...missing]/page.tsx; app/f/minimal/about/page.tsx; app/f/minimal/ask/[slug]/page.tsx; app/f/minimal/ask/page.tsx; app/f/minimal/ask/page/[page]/page.tsx; app/f/minimal/changelog/page.tsx; app/f/minimal/lab/[slug]/page.tsx; app/f/minimal/lab/page.tsx; app/f/minimal/now/page.tsx; app/f/minimal/owner/page.tsx; app/f/minimal/page.tsx; app/f/minimal/projects/[slug]/page.tsx; app/f/minimal/projects/page.tsx; app/f/minimal/resume/page.tsx; app/f/minimal/work/page.tsx; app/f/press/[...missing]/page.tsx; app/f/press/about/page.tsx; app/f/press/ask/[slug]/page.tsx; app/f/press/ask/page.tsx; app/f/press/ask/page/[page]/page.tsx; app/f/press/changelog/page.tsx; app/f/press/lab/[slug]/page.tsx; app/f/press/lab/page.tsx; app/f/press/now/page.tsx; app/f/press/owner/page.tsx; app/f/press/page.tsx; app/f/press/projects/[slug]/page.tsx; app/f/press/projects/page.tsx; app/f/press/resume/page.tsx; app/f/press/work/page.tsx; app/f/surface/[...missing]/page.tsx; app/f/surface/about/page.tsx; app/f/surface/ask/[slug]/page.tsx; app/f/surface/ask/page.tsx; app/f/surface/ask/page/[page]/page.tsx; app/f/surface/changelog/page.tsx; app/f/surface/lab/[slug]/page.tsx; app/f/surface/lab/page.tsx; app/f/surface/now/page.tsx; app/f/surface/owner/page.tsx; app/f/surface/page.tsx; app/f/surface/projects/[slug]/page.tsx; app/f/surface/projects/page.tsx; app/f/surface/resume/page.tsx; app/f/surface/work/page.tsx; app/f/survey/[...missing]/page.tsx; app/f/survey/ask/[slug]/page.tsx; app/f/survey/ask/page.tsx; app/f/survey/ask/page/[page]/page.tsx; app/f/survey/changelog/page.tsx; app/f/survey/lab/[slug]/page.tsx; app/f/survey/lab/page.tsx; app/f/survey/now/page.tsx; app/f/survey/owner/page.tsx; app/f/survey/page.tsx; app/f/survey/projects/[slug]/page.tsx; app/f/survey/projects/page.tsx; app/f/survey/resume/page.tsx; app/f/survey/work/page.tsx; app/f/timetable/[...missing]/page.tsx; app/f/timetable/about/page.tsx; app/f/timetable/ask/[slug]/page.tsx; app/f/timetable/ask/page.tsx; app/f/timetable/ask/page/[page]/page.tsx; app/f/timetable/changelog/page.tsx; app/f/timetable/lab/[slug]/page.tsx; app/f/timetable/lab/page.tsx; app/f/timetable/now/page.tsx; app/f/timetable/owner/page.tsx; app/f/timetable/page.tsx; app/f/timetable/projects/[slug]/page.tsx; app/f/timetable/projects/page.tsx; app/f/timetable/resume/page.tsx; app/f/timetable/work/page.tsx; flavors/drawing-set/components/site/page.tsx; flavors/press/components/site/page.tsx; flavors/surface/components/site/page.tsx; flavors/survey/components/site/page.tsx; flavors/timetable/components/site/page.tsx	
app/f/survey/ask/[slug]/opengraph-image.tsx	route:ask/[slug]/opengraph-image	app/f/drawing-set/ask/[slug]/opengraph-image.tsx; app/f/minimal/ask/[slug]/opengraph-image.tsx; app/f/press/ask/[slug]/opengraph-image.tsx; app/f/surface/ask/[slug]/opengraph-image.tsx; app/f/timetable/ask/[slug]/opengraph-image.tsx	app/f/drawing-set/ask/[slug]/opengraph-image.tsx; app/f/drawing-set/ask/opengraph-image.tsx; app/f/minimal/ask/[slug]/opengraph-image.tsx; app/f/minimal/ask/opengraph-image.tsx; app/f/press/ask/[slug]/opengraph-image.tsx; app/f/press/ask/opengraph-image.tsx; app/f/surface/ask/[slug]/opengraph-image.tsx; app/f/surface/ask/opengraph-image.tsx; app/f/survey/ask/opengraph-image.tsx; app/f/timetable/ask/[slug]/opengraph-image.tsx; app/f/timetable/ask/opengraph-image.tsx	app/f/drawing-set/ask/[slug]/opengraph-image.tsx; app/f/minimal/ask/[slug]/opengraph-image.tsx; app/f/press/ask/[slug]/opengraph-image.tsx; app/f/surface/ask/[slug]/opengraph-image.tsx; app/f/timetable/ask/[slug]/opengraph-image.tsx
app/f/survey/ask/[slug]/page.tsx	route:ask/[slug]	app/f/drawing-set/ask/[slug]/page.tsx; app/f/minimal/ask/[slug]/page.tsx; app/f/press/ask/[slug]/page.tsx; app/f/surface/ask/[slug]/page.tsx; app/f/timetable/ask/[slug]/page.tsx	app/f/drawing-set/[...missing]/page.tsx; app/f/drawing-set/about/page.tsx; app/f/drawing-set/ask/[slug]/page.tsx; app/f/drawing-set/ask/page.tsx; app/f/drawing-set/ask/page/[page]/page.tsx; app/f/drawing-set/changelog/page.tsx; app/f/drawing-set/lab/[slug]/page.tsx; app/f/drawing-set/lab/page.tsx; app/f/drawing-set/now/page.tsx; app/f/drawing-set/owner/page.tsx; app/f/drawing-set/page.tsx; app/f/drawing-set/projects/[slug]/page.tsx; app/f/drawing-set/projects/page.tsx; app/f/drawing-set/resume/page.tsx; app/f/drawing-set/work/page.tsx; app/f/minimal/[...missing]/page.tsx; app/f/minimal/about/page.tsx; app/f/minimal/ask/[slug]/page.tsx; app/f/minimal/ask/page.tsx; app/f/minimal/ask/page/[page]/page.tsx; app/f/minimal/changelog/page.tsx; app/f/minimal/lab/[slug]/page.tsx; app/f/minimal/lab/page.tsx; app/f/minimal/now/page.tsx; app/f/minimal/owner/page.tsx; app/f/minimal/page.tsx; app/f/minimal/projects/[slug]/page.tsx; app/f/minimal/projects/page.tsx; app/f/minimal/resume/page.tsx; app/f/minimal/work/page.tsx; app/f/press/[...missing]/page.tsx; app/f/press/about/page.tsx; app/f/press/ask/[slug]/page.tsx; app/f/press/ask/page.tsx; app/f/press/ask/page/[page]/page.tsx; app/f/press/changelog/page.tsx; app/f/press/lab/[slug]/page.tsx; app/f/press/lab/page.tsx; app/f/press/now/page.tsx; app/f/press/owner/page.tsx; app/f/press/page.tsx; app/f/press/projects/[slug]/page.tsx; app/f/press/projects/page.tsx; app/f/press/resume/page.tsx; app/f/press/work/page.tsx; app/f/surface/[...missing]/page.tsx; app/f/surface/about/page.tsx; app/f/surface/ask/[slug]/page.tsx; app/f/surface/ask/page.tsx; app/f/surface/ask/page/[page]/page.tsx; app/f/surface/changelog/page.tsx; app/f/surface/lab/[slug]/page.tsx; app/f/surface/lab/page.tsx; app/f/surface/now/page.tsx; app/f/surface/owner/page.tsx; app/f/surface/page.tsx; app/f/surface/projects/[slug]/page.tsx; app/f/surface/projects/page.tsx; app/f/surface/resume/page.tsx; app/f/surface/work/page.tsx; app/f/survey/[...missing]/page.tsx; app/f/survey/about/page.tsx; app/f/survey/ask/page.tsx; app/f/survey/ask/page/[page]/page.tsx; app/f/survey/changelog/page.tsx; app/f/survey/lab/[slug]/page.tsx; app/f/survey/lab/page.tsx; app/f/survey/now/page.tsx; app/f/survey/owner/page.tsx; app/f/survey/page.tsx; app/f/survey/projects/[slug]/page.tsx; app/f/survey/projects/page.tsx; app/f/survey/resume/page.tsx; app/f/survey/work/page.tsx; app/f/timetable/[...missing]/page.tsx; app/f/timetable/about/page.tsx; app/f/timetable/ask/[slug]/page.tsx; app/f/timetable/ask/page.tsx; app/f/timetable/ask/page/[page]/page.tsx; app/f/timetable/changelog/page.tsx; app/f/timetable/lab/[slug]/page.tsx; app/f/timetable/lab/page.tsx; app/f/timetable/now/page.tsx; app/f/timetable/owner/page.tsx; app/f/timetable/page.tsx; app/f/timetable/projects/[slug]/page.tsx; app/f/timetable/projects/page.tsx; app/f/timetable/resume/page.tsx; app/f/timetable/work/page.tsx; flavors/drawing-set/components/site/page.tsx; flavors/press/components/site/page.tsx; flavors/surface/components/site/page.tsx; flavors/survey/components/site/page.tsx; flavors/timetable/components/site/page.tsx	
app/f/survey/ask/opengraph-image.tsx	route:ask/opengraph-image	app/f/drawing-set/ask/opengraph-image.tsx; app/f/minimal/ask/opengraph-image.tsx; app/f/press/ask/opengraph-image.tsx; app/f/surface/ask/opengraph-image.tsx; app/f/timetable/ask/opengraph-image.tsx	app/f/drawing-set/ask/[slug]/opengraph-image.tsx; app/f/drawing-set/ask/opengraph-image.tsx; app/f/minimal/ask/[slug]/opengraph-image.tsx; app/f/minimal/ask/opengraph-image.tsx; app/f/press/ask/[slug]/opengraph-image.tsx; app/f/press/ask/opengraph-image.tsx; app/f/surface/ask/[slug]/opengraph-image.tsx; app/f/surface/ask/opengraph-image.tsx; app/f/survey/ask/[slug]/opengraph-image.tsx; app/f/timetable/ask/[slug]/opengraph-image.tsx; app/f/timetable/ask/opengraph-image.tsx	app/f/drawing-set/ask/opengraph-image.tsx; app/f/minimal/ask/opengraph-image.tsx; app/f/press/ask/opengraph-image.tsx; app/f/surface/ask/opengraph-image.tsx; app/f/timetable/ask/opengraph-image.tsx
app/f/survey/ask/page.tsx	route:ask	app/f/drawing-set/ask/page.tsx; app/f/minimal/ask/page.tsx; app/f/press/ask/page.tsx; app/f/surface/ask/page.tsx; app/f/timetable/ask/page.tsx	app/f/drawing-set/[...missing]/page.tsx; app/f/drawing-set/about/page.tsx; app/f/drawing-set/ask/[slug]/page.tsx; app/f/drawing-set/ask/page.tsx; app/f/drawing-set/ask/page/[page]/page.tsx; app/f/drawing-set/changelog/page.tsx; app/f/drawing-set/lab/[slug]/page.tsx; app/f/drawing-set/lab/page.tsx; app/f/drawing-set/now/page.tsx; app/f/drawing-set/owner/page.tsx; app/f/drawing-set/page.tsx; app/f/drawing-set/projects/[slug]/page.tsx; app/f/drawing-set/projects/page.tsx; app/f/drawing-set/resume/page.tsx; app/f/drawing-set/work/page.tsx; app/f/minimal/[...missing]/page.tsx; app/f/minimal/about/page.tsx; app/f/minimal/ask/[slug]/page.tsx; app/f/minimal/ask/page.tsx; app/f/minimal/ask/page/[page]/page.tsx; app/f/minimal/changelog/page.tsx; app/f/minimal/lab/[slug]/page.tsx; app/f/minimal/lab/page.tsx; app/f/minimal/now/page.tsx; app/f/minimal/owner/page.tsx; app/f/minimal/page.tsx; app/f/minimal/projects/[slug]/page.tsx; app/f/minimal/projects/page.tsx; app/f/minimal/resume/page.tsx; app/f/minimal/work/page.tsx; app/f/press/[...missing]/page.tsx; app/f/press/about/page.tsx; app/f/press/ask/[slug]/page.tsx; app/f/press/ask/page.tsx; app/f/press/ask/page/[page]/page.tsx; app/f/press/changelog/page.tsx; app/f/press/lab/[slug]/page.tsx; app/f/press/lab/page.tsx; app/f/press/now/page.tsx; app/f/press/owner/page.tsx; app/f/press/page.tsx; app/f/press/projects/[slug]/page.tsx; app/f/press/projects/page.tsx; app/f/press/resume/page.tsx; app/f/press/work/page.tsx; app/f/surface/[...missing]/page.tsx; app/f/surface/about/page.tsx; app/f/surface/ask/[slug]/page.tsx; app/f/surface/ask/page.tsx; app/f/surface/ask/page/[page]/page.tsx; app/f/surface/changelog/page.tsx; app/f/surface/lab/[slug]/page.tsx; app/f/surface/lab/page.tsx; app/f/surface/now/page.tsx; app/f/surface/owner/page.tsx; app/f/surface/page.tsx; app/f/surface/projects/[slug]/page.tsx; app/f/surface/projects/page.tsx; app/f/surface/resume/page.tsx; app/f/surface/work/page.tsx; app/f/survey/[...missing]/page.tsx; app/f/survey/about/page.tsx; app/f/survey/ask/[slug]/page.tsx; app/f/survey/ask/page/[page]/page.tsx; app/f/survey/changelog/page.tsx; app/f/survey/lab/[slug]/page.tsx; app/f/survey/lab/page.tsx; app/f/survey/now/page.tsx; app/f/survey/owner/page.tsx; app/f/survey/page.tsx; app/f/survey/projects/[slug]/page.tsx; app/f/survey/projects/page.tsx; app/f/survey/resume/page.tsx; app/f/survey/work/page.tsx; app/f/timetable/[...missing]/page.tsx; app/f/timetable/about/page.tsx; app/f/timetable/ask/[slug]/page.tsx; app/f/timetable/ask/page.tsx; app/f/timetable/ask/page/[page]/page.tsx; app/f/timetable/changelog/page.tsx; app/f/timetable/lab/[slug]/page.tsx; app/f/timetable/lab/page.tsx; app/f/timetable/now/page.tsx; app/f/timetable/owner/page.tsx; app/f/timetable/page.tsx; app/f/timetable/projects/[slug]/page.tsx; app/f/timetable/projects/page.tsx; app/f/timetable/resume/page.tsx; app/f/timetable/work/page.tsx; flavors/drawing-set/components/site/page.tsx; flavors/press/components/site/page.tsx; flavors/surface/components/site/page.tsx; flavors/survey/components/site/page.tsx; flavors/timetable/components/site/page.tsx	
app/f/survey/ask/page/[page]/page.tsx	route:ask/page/[page]	app/f/drawing-set/ask/page/[page]/page.tsx; app/f/minimal/ask/page/[page]/page.tsx; app/f/press/ask/page/[page]/page.tsx; app/f/surface/ask/page/[page]/page.tsx; app/f/timetable/ask/page/[page]/page.tsx	app/f/drawing-set/[...missing]/page.tsx; app/f/drawing-set/about/page.tsx; app/f/drawing-set/ask/[slug]/page.tsx; app/f/drawing-set/ask/page.tsx; app/f/drawing-set/ask/page/[page]/page.tsx; app/f/drawing-set/changelog/page.tsx; app/f/drawing-set/lab/[slug]/page.tsx; app/f/drawing-set/lab/page.tsx; app/f/drawing-set/now/page.tsx; app/f/drawing-set/owner/page.tsx; app/f/drawing-set/page.tsx; app/f/drawing-set/projects/[slug]/page.tsx; app/f/drawing-set/projects/page.tsx; app/f/drawing-set/resume/page.tsx; app/f/drawing-set/work/page.tsx; app/f/minimal/[...missing]/page.tsx; app/f/minimal/about/page.tsx; app/f/minimal/ask/[slug]/page.tsx; app/f/minimal/ask/page.tsx; app/f/minimal/ask/page/[page]/page.tsx; app/f/minimal/changelog/page.tsx; app/f/minimal/lab/[slug]/page.tsx; app/f/minimal/lab/page.tsx; app/f/minimal/now/page.tsx; app/f/minimal/owner/page.tsx; app/f/minimal/page.tsx; app/f/minimal/projects/[slug]/page.tsx; app/f/minimal/projects/page.tsx; app/f/minimal/resume/page.tsx; app/f/minimal/work/page.tsx; app/f/press/[...missing]/page.tsx; app/f/press/about/page.tsx; app/f/press/ask/[slug]/page.tsx; app/f/press/ask/page.tsx; app/f/press/ask/page/[page]/page.tsx; app/f/press/changelog/page.tsx; app/f/press/lab/[slug]/page.tsx; app/f/press/lab/page.tsx; app/f/press/now/page.tsx; app/f/press/owner/page.tsx; app/f/press/page.tsx; app/f/press/projects/[slug]/page.tsx; app/f/press/projects/page.tsx; app/f/press/resume/page.tsx; app/f/press/work/page.tsx; app/f/surface/[...missing]/page.tsx; app/f/surface/about/page.tsx; app/f/surface/ask/[slug]/page.tsx; app/f/surface/ask/page.tsx; app/f/surface/ask/page/[page]/page.tsx; app/f/surface/changelog/page.tsx; app/f/surface/lab/[slug]/page.tsx; app/f/surface/lab/page.tsx; app/f/surface/now/page.tsx; app/f/surface/owner/page.tsx; app/f/surface/page.tsx; app/f/surface/projects/[slug]/page.tsx; app/f/surface/projects/page.tsx; app/f/surface/resume/page.tsx; app/f/surface/work/page.tsx; app/f/survey/[...missing]/page.tsx; app/f/survey/about/page.tsx; app/f/survey/ask/[slug]/page.tsx; app/f/survey/ask/page.tsx; app/f/survey/changelog/page.tsx; app/f/survey/lab/[slug]/page.tsx; app/f/survey/lab/page.tsx; app/f/survey/now/page.tsx; app/f/survey/owner/page.tsx; app/f/survey/page.tsx; app/f/survey/projects/[slug]/page.tsx; app/f/survey/projects/page.tsx; app/f/survey/resume/page.tsx; app/f/survey/work/page.tsx; app/f/timetable/[...missing]/page.tsx; app/f/timetable/about/page.tsx; app/f/timetable/ask/[slug]/page.tsx; app/f/timetable/ask/page.tsx; app/f/timetable/ask/page/[page]/page.tsx; app/f/timetable/changelog/page.tsx; app/f/timetable/lab/[slug]/page.tsx; app/f/timetable/lab/page.tsx; app/f/timetable/now/page.tsx; app/f/timetable/owner/page.tsx; app/f/timetable/page.tsx; app/f/timetable/projects/[slug]/page.tsx; app/f/timetable/projects/page.tsx; app/f/timetable/resume/page.tsx; app/f/timetable/work/page.tsx; flavors/drawing-set/components/site/page.tsx; flavors/press/components/site/page.tsx; flavors/surface/components/site/page.tsx; flavors/survey/components/site/page.tsx; flavors/timetable/components/site/page.tsx	
app/f/survey/changelog/page.tsx	route:changelog	app/f/drawing-set/changelog/page.tsx; app/f/minimal/changelog/page.tsx; app/f/press/changelog/page.tsx; app/f/surface/changelog/page.tsx; app/f/timetable/changelog/page.tsx	app/f/drawing-set/[...missing]/page.tsx; app/f/drawing-set/about/page.tsx; app/f/drawing-set/ask/[slug]/page.tsx; app/f/drawing-set/ask/page.tsx; app/f/drawing-set/ask/page/[page]/page.tsx; app/f/drawing-set/changelog/page.tsx; app/f/drawing-set/lab/[slug]/page.tsx; app/f/drawing-set/lab/page.tsx; app/f/drawing-set/now/page.tsx; app/f/drawing-set/owner/page.tsx; app/f/drawing-set/page.tsx; app/f/drawing-set/projects/[slug]/page.tsx; app/f/drawing-set/projects/page.tsx; app/f/drawing-set/resume/page.tsx; app/f/drawing-set/work/page.tsx; app/f/minimal/[...missing]/page.tsx; app/f/minimal/about/page.tsx; app/f/minimal/ask/[slug]/page.tsx; app/f/minimal/ask/page.tsx; app/f/minimal/ask/page/[page]/page.tsx; app/f/minimal/changelog/page.tsx; app/f/minimal/lab/[slug]/page.tsx; app/f/minimal/lab/page.tsx; app/f/minimal/now/page.tsx; app/f/minimal/owner/page.tsx; app/f/minimal/page.tsx; app/f/minimal/projects/[slug]/page.tsx; app/f/minimal/projects/page.tsx; app/f/minimal/resume/page.tsx; app/f/minimal/work/page.tsx; app/f/press/[...missing]/page.tsx; app/f/press/about/page.tsx; app/f/press/ask/[slug]/page.tsx; app/f/press/ask/page.tsx; app/f/press/ask/page/[page]/page.tsx; app/f/press/changelog/page.tsx; app/f/press/lab/[slug]/page.tsx; app/f/press/lab/page.tsx; app/f/press/now/page.tsx; app/f/press/owner/page.tsx; app/f/press/page.tsx; app/f/press/projects/[slug]/page.tsx; app/f/press/projects/page.tsx; app/f/press/resume/page.tsx; app/f/press/work/page.tsx; app/f/surface/[...missing]/page.tsx; app/f/surface/about/page.tsx; app/f/surface/ask/[slug]/page.tsx; app/f/surface/ask/page.tsx; app/f/surface/ask/page/[page]/page.tsx; app/f/surface/changelog/page.tsx; app/f/surface/lab/[slug]/page.tsx; app/f/surface/lab/page.tsx; app/f/surface/now/page.tsx; app/f/surface/owner/page.tsx; app/f/surface/page.tsx; app/f/surface/projects/[slug]/page.tsx; app/f/surface/projects/page.tsx; app/f/surface/resume/page.tsx; app/f/surface/work/page.tsx; app/f/survey/[...missing]/page.tsx; app/f/survey/about/page.tsx; app/f/survey/ask/[slug]/page.tsx; app/f/survey/ask/page.tsx; app/f/survey/ask/page/[page]/page.tsx; app/f/survey/lab/[slug]/page.tsx; app/f/survey/lab/page.tsx; app/f/survey/now/page.tsx; app/f/survey/owner/page.tsx; app/f/survey/page.tsx; app/f/survey/projects/[slug]/page.tsx; app/f/survey/projects/page.tsx; app/f/survey/resume/page.tsx; app/f/survey/work/page.tsx; app/f/timetable/[...missing]/page.tsx; app/f/timetable/about/page.tsx; app/f/timetable/ask/[slug]/page.tsx; app/f/timetable/ask/page.tsx; app/f/timetable/ask/page/[page]/page.tsx; app/f/timetable/changelog/page.tsx; app/f/timetable/lab/[slug]/page.tsx; app/f/timetable/lab/page.tsx; app/f/timetable/now/page.tsx; app/f/timetable/owner/page.tsx; app/f/timetable/page.tsx; app/f/timetable/projects/[slug]/page.tsx; app/f/timetable/projects/page.tsx; app/f/timetable/resume/page.tsx; app/f/timetable/work/page.tsx; flavors/drawing-set/components/site/page.tsx; flavors/press/components/site/page.tsx; flavors/surface/components/site/page.tsx; flavors/survey/components/site/page.tsx; flavors/timetable/components/site/page.tsx	
app/f/survey/lab/[slug]/page.tsx	route:lab/[slug]	app/f/drawing-set/lab/[slug]/page.tsx; app/f/minimal/lab/[slug]/page.tsx; app/f/press/lab/[slug]/page.tsx; app/f/surface/lab/[slug]/page.tsx; app/f/timetable/lab/[slug]/page.tsx	app/f/drawing-set/[...missing]/page.tsx; app/f/drawing-set/about/page.tsx; app/f/drawing-set/ask/[slug]/page.tsx; app/f/drawing-set/ask/page.tsx; app/f/drawing-set/ask/page/[page]/page.tsx; app/f/drawing-set/changelog/page.tsx; app/f/drawing-set/lab/[slug]/page.tsx; app/f/drawing-set/lab/page.tsx; app/f/drawing-set/now/page.tsx; app/f/drawing-set/owner/page.tsx; app/f/drawing-set/page.tsx; app/f/drawing-set/projects/[slug]/page.tsx; app/f/drawing-set/projects/page.tsx; app/f/drawing-set/resume/page.tsx; app/f/drawing-set/work/page.tsx; app/f/minimal/[...missing]/page.tsx; app/f/minimal/about/page.tsx; app/f/minimal/ask/[slug]/page.tsx; app/f/minimal/ask/page.tsx; app/f/minimal/ask/page/[page]/page.tsx; app/f/minimal/changelog/page.tsx; app/f/minimal/lab/[slug]/page.tsx; app/f/minimal/lab/page.tsx; app/f/minimal/now/page.tsx; app/f/minimal/owner/page.tsx; app/f/minimal/page.tsx; app/f/minimal/projects/[slug]/page.tsx; app/f/minimal/projects/page.tsx; app/f/minimal/resume/page.tsx; app/f/minimal/work/page.tsx; app/f/press/[...missing]/page.tsx; app/f/press/about/page.tsx; app/f/press/ask/[slug]/page.tsx; app/f/press/ask/page.tsx; app/f/press/ask/page/[page]/page.tsx; app/f/press/changelog/page.tsx; app/f/press/lab/[slug]/page.tsx; app/f/press/lab/page.tsx; app/f/press/now/page.tsx; app/f/press/owner/page.tsx; app/f/press/page.tsx; app/f/press/projects/[slug]/page.tsx; app/f/press/projects/page.tsx; app/f/press/resume/page.tsx; app/f/press/work/page.tsx; app/f/surface/[...missing]/page.tsx; app/f/surface/about/page.tsx; app/f/surface/ask/[slug]/page.tsx; app/f/surface/ask/page.tsx; app/f/surface/ask/page/[page]/page.tsx; app/f/surface/changelog/page.tsx; app/f/surface/lab/[slug]/page.tsx; app/f/surface/lab/page.tsx; app/f/surface/now/page.tsx; app/f/surface/owner/page.tsx; app/f/surface/page.tsx; app/f/surface/projects/[slug]/page.tsx; app/f/surface/projects/page.tsx; app/f/surface/resume/page.tsx; app/f/surface/work/page.tsx; app/f/survey/[...missing]/page.tsx; app/f/survey/about/page.tsx; app/f/survey/ask/[slug]/page.tsx; app/f/survey/ask/page.tsx; app/f/survey/ask/page/[page]/page.tsx; app/f/survey/changelog/page.tsx; app/f/survey/lab/page.tsx; app/f/survey/now/page.tsx; app/f/survey/owner/page.tsx; app/f/survey/page.tsx; app/f/survey/projects/[slug]/page.tsx; app/f/survey/projects/page.tsx; app/f/survey/resume/page.tsx; app/f/survey/work/page.tsx; app/f/timetable/[...missing]/page.tsx; app/f/timetable/about/page.tsx; app/f/timetable/ask/[slug]/page.tsx; app/f/timetable/ask/page.tsx; app/f/timetable/ask/page/[page]/page.tsx; app/f/timetable/changelog/page.tsx; app/f/timetable/lab/[slug]/page.tsx; app/f/timetable/lab/page.tsx; app/f/timetable/now/page.tsx; app/f/timetable/owner/page.tsx; app/f/timetable/page.tsx; app/f/timetable/projects/[slug]/page.tsx; app/f/timetable/projects/page.tsx; app/f/timetable/resume/page.tsx; app/f/timetable/work/page.tsx; flavors/drawing-set/components/site/page.tsx; flavors/press/components/site/page.tsx; flavors/surface/components/site/page.tsx; flavors/survey/components/site/page.tsx; flavors/timetable/components/site/page.tsx	
app/f/survey/lab/page.tsx	route:lab	app/f/drawing-set/lab/page.tsx; app/f/minimal/lab/page.tsx; app/f/press/lab/page.tsx; app/f/surface/lab/page.tsx; app/f/timetable/lab/page.tsx	app/f/drawing-set/[...missing]/page.tsx; app/f/drawing-set/about/page.tsx; app/f/drawing-set/ask/[slug]/page.tsx; app/f/drawing-set/ask/page.tsx; app/f/drawing-set/ask/page/[page]/page.tsx; app/f/drawing-set/changelog/page.tsx; app/f/drawing-set/lab/[slug]/page.tsx; app/f/drawing-set/lab/page.tsx; app/f/drawing-set/now/page.tsx; app/f/drawing-set/owner/page.tsx; app/f/drawing-set/page.tsx; app/f/drawing-set/projects/[slug]/page.tsx; app/f/drawing-set/projects/page.tsx; app/f/drawing-set/resume/page.tsx; app/f/drawing-set/work/page.tsx; app/f/minimal/[...missing]/page.tsx; app/f/minimal/about/page.tsx; app/f/minimal/ask/[slug]/page.tsx; app/f/minimal/ask/page.tsx; app/f/minimal/ask/page/[page]/page.tsx; app/f/minimal/changelog/page.tsx; app/f/minimal/lab/[slug]/page.tsx; app/f/minimal/lab/page.tsx; app/f/minimal/now/page.tsx; app/f/minimal/owner/page.tsx; app/f/minimal/page.tsx; app/f/minimal/projects/[slug]/page.tsx; app/f/minimal/projects/page.tsx; app/f/minimal/resume/page.tsx; app/f/minimal/work/page.tsx; app/f/press/[...missing]/page.tsx; app/f/press/about/page.tsx; app/f/press/ask/[slug]/page.tsx; app/f/press/ask/page.tsx; app/f/press/ask/page/[page]/page.tsx; app/f/press/changelog/page.tsx; app/f/press/lab/[slug]/page.tsx; app/f/press/lab/page.tsx; app/f/press/now/page.tsx; app/f/press/owner/page.tsx; app/f/press/page.tsx; app/f/press/projects/[slug]/page.tsx; app/f/press/projects/page.tsx; app/f/press/resume/page.tsx; app/f/press/work/page.tsx; app/f/surface/[...missing]/page.tsx; app/f/surface/about/page.tsx; app/f/surface/ask/[slug]/page.tsx; app/f/surface/ask/page.tsx; app/f/surface/ask/page/[page]/page.tsx; app/f/surface/changelog/page.tsx; app/f/surface/lab/[slug]/page.tsx; app/f/surface/lab/page.tsx; app/f/surface/now/page.tsx; app/f/surface/owner/page.tsx; app/f/surface/page.tsx; app/f/surface/projects/[slug]/page.tsx; app/f/surface/projects/page.tsx; app/f/surface/resume/page.tsx; app/f/surface/work/page.tsx; app/f/survey/[...missing]/page.tsx; app/f/survey/about/page.tsx; app/f/survey/ask/[slug]/page.tsx; app/f/survey/ask/page.tsx; app/f/survey/ask/page/[page]/page.tsx; app/f/survey/changelog/page.tsx; app/f/survey/lab/[slug]/page.tsx; app/f/survey/now/page.tsx; app/f/survey/owner/page.tsx; app/f/survey/page.tsx; app/f/survey/projects/[slug]/page.tsx; app/f/survey/projects/page.tsx; app/f/survey/resume/page.tsx; app/f/survey/work/page.tsx; app/f/timetable/[...missing]/page.tsx; app/f/timetable/about/page.tsx; app/f/timetable/ask/[slug]/page.tsx; app/f/timetable/ask/page.tsx; app/f/timetable/ask/page/[page]/page.tsx; app/f/timetable/changelog/page.tsx; app/f/timetable/lab/[slug]/page.tsx; app/f/timetable/lab/page.tsx; app/f/timetable/now/page.tsx; app/f/timetable/owner/page.tsx; app/f/timetable/page.tsx; app/f/timetable/projects/[slug]/page.tsx; app/f/timetable/projects/page.tsx; app/f/timetable/resume/page.tsx; app/f/timetable/work/page.tsx; flavors/drawing-set/components/site/page.tsx; flavors/press/components/site/page.tsx; flavors/surface/components/site/page.tsx; flavors/survey/components/site/page.tsx; flavors/timetable/components/site/page.tsx	
app/f/survey/layout.tsx	route:home	app/f/drawing-set/layout.tsx; app/f/minimal/layout.tsx; app/f/press/layout.tsx; app/f/surface/layout.tsx; app/f/timetable/layout.tsx	app/f/drawing-set/layout.tsx; app/f/minimal/layout.tsx; app/f/press/layout.tsx; app/f/surface/layout.tsx; app/f/timetable/layout.tsx	
app/f/survey/not-found.tsx	route:home	app/f/drawing-set/not-found.tsx; app/f/minimal/not-found.tsx; app/f/press/not-found.tsx; app/f/surface/not-found.tsx; app/f/timetable/not-found.tsx	app/f/drawing-set/not-found.tsx; app/f/minimal/not-found.tsx; app/f/press/not-found.tsx; app/f/surface/not-found.tsx; app/f/timetable/not-found.tsx	
app/f/survey/now/page.tsx	route:now	app/f/drawing-set/now/page.tsx; app/f/minimal/now/page.tsx; app/f/press/now/page.tsx; app/f/surface/now/page.tsx; app/f/timetable/now/page.tsx	app/f/drawing-set/[...missing]/page.tsx; app/f/drawing-set/about/page.tsx; app/f/drawing-set/ask/[slug]/page.tsx; app/f/drawing-set/ask/page.tsx; app/f/drawing-set/ask/page/[page]/page.tsx; app/f/drawing-set/changelog/page.tsx; app/f/drawing-set/lab/[slug]/page.tsx; app/f/drawing-set/lab/page.tsx; app/f/drawing-set/now/page.tsx; app/f/drawing-set/owner/page.tsx; app/f/drawing-set/page.tsx; app/f/drawing-set/projects/[slug]/page.tsx; app/f/drawing-set/projects/page.tsx; app/f/drawing-set/resume/page.tsx; app/f/drawing-set/work/page.tsx; app/f/minimal/[...missing]/page.tsx; app/f/minimal/about/page.tsx; app/f/minimal/ask/[slug]/page.tsx; app/f/minimal/ask/page.tsx; app/f/minimal/ask/page/[page]/page.tsx; app/f/minimal/changelog/page.tsx; app/f/minimal/lab/[slug]/page.tsx; app/f/minimal/lab/page.tsx; app/f/minimal/now/page.tsx; app/f/minimal/owner/page.tsx; app/f/minimal/page.tsx; app/f/minimal/projects/[slug]/page.tsx; app/f/minimal/projects/page.tsx; app/f/minimal/resume/page.tsx; app/f/minimal/work/page.tsx; app/f/press/[...missing]/page.tsx; app/f/press/about/page.tsx; app/f/press/ask/[slug]/page.tsx; app/f/press/ask/page.tsx; app/f/press/ask/page/[page]/page.tsx; app/f/press/changelog/page.tsx; app/f/press/lab/[slug]/page.tsx; app/f/press/lab/page.tsx; app/f/press/now/page.tsx; app/f/press/owner/page.tsx; app/f/press/page.tsx; app/f/press/projects/[slug]/page.tsx; app/f/press/projects/page.tsx; app/f/press/resume/page.tsx; app/f/press/work/page.tsx; app/f/surface/[...missing]/page.tsx; app/f/surface/about/page.tsx; app/f/surface/ask/[slug]/page.tsx; app/f/surface/ask/page.tsx; app/f/surface/ask/page/[page]/page.tsx; app/f/surface/changelog/page.tsx; app/f/surface/lab/[slug]/page.tsx; app/f/surface/lab/page.tsx; app/f/surface/now/page.tsx; app/f/surface/owner/page.tsx; app/f/surface/page.tsx; app/f/surface/projects/[slug]/page.tsx; app/f/surface/projects/page.tsx; app/f/surface/resume/page.tsx; app/f/surface/work/page.tsx; app/f/survey/[...missing]/page.tsx; app/f/survey/about/page.tsx; app/f/survey/ask/[slug]/page.tsx; app/f/survey/ask/page.tsx; app/f/survey/ask/page/[page]/page.tsx; app/f/survey/changelog/page.tsx; app/f/survey/lab/[slug]/page.tsx; app/f/survey/lab/page.tsx; app/f/survey/owner/page.tsx; app/f/survey/page.tsx; app/f/survey/projects/[slug]/page.tsx; app/f/survey/projects/page.tsx; app/f/survey/resume/page.tsx; app/f/survey/work/page.tsx; app/f/timetable/[...missing]/page.tsx; app/f/timetable/about/page.tsx; app/f/timetable/ask/[slug]/page.tsx; app/f/timetable/ask/page.tsx; app/f/timetable/ask/page/[page]/page.tsx; app/f/timetable/changelog/page.tsx; app/f/timetable/lab/[slug]/page.tsx; app/f/timetable/lab/page.tsx; app/f/timetable/now/page.tsx; app/f/timetable/owner/page.tsx; app/f/timetable/page.tsx; app/f/timetable/projects/[slug]/page.tsx; app/f/timetable/projects/page.tsx; app/f/timetable/resume/page.tsx; app/f/timetable/work/page.tsx; flavors/drawing-set/components/site/page.tsx; flavors/press/components/site/page.tsx; flavors/surface/components/site/page.tsx; flavors/survey/components/site/page.tsx; flavors/timetable/components/site/page.tsx	
app/f/survey/owner/page.tsx	route:owner	app/f/drawing-set/owner/page.tsx; app/f/minimal/owner/page.tsx; app/f/press/owner/page.tsx; app/f/surface/owner/page.tsx; app/f/timetable/owner/page.tsx	app/f/drawing-set/[...missing]/page.tsx; app/f/drawing-set/about/page.tsx; app/f/drawing-set/ask/[slug]/page.tsx; app/f/drawing-set/ask/page.tsx; app/f/drawing-set/ask/page/[page]/page.tsx; app/f/drawing-set/changelog/page.tsx; app/f/drawing-set/lab/[slug]/page.tsx; app/f/drawing-set/lab/page.tsx; app/f/drawing-set/now/page.tsx; app/f/drawing-set/owner/page.tsx; app/f/drawing-set/page.tsx; app/f/drawing-set/projects/[slug]/page.tsx; app/f/drawing-set/projects/page.tsx; app/f/drawing-set/resume/page.tsx; app/f/drawing-set/work/page.tsx; app/f/minimal/[...missing]/page.tsx; app/f/minimal/about/page.tsx; app/f/minimal/ask/[slug]/page.tsx; app/f/minimal/ask/page.tsx; app/f/minimal/ask/page/[page]/page.tsx; app/f/minimal/changelog/page.tsx; app/f/minimal/lab/[slug]/page.tsx; app/f/minimal/lab/page.tsx; app/f/minimal/now/page.tsx; app/f/minimal/owner/page.tsx; app/f/minimal/page.tsx; app/f/minimal/projects/[slug]/page.tsx; app/f/minimal/projects/page.tsx; app/f/minimal/resume/page.tsx; app/f/minimal/work/page.tsx; app/f/press/[...missing]/page.tsx; app/f/press/about/page.tsx; app/f/press/ask/[slug]/page.tsx; app/f/press/ask/page.tsx; app/f/press/ask/page/[page]/page.tsx; app/f/press/changelog/page.tsx; app/f/press/lab/[slug]/page.tsx; app/f/press/lab/page.tsx; app/f/press/now/page.tsx; app/f/press/owner/page.tsx; app/f/press/page.tsx; app/f/press/projects/[slug]/page.tsx; app/f/press/projects/page.tsx; app/f/press/resume/page.tsx; app/f/press/work/page.tsx; app/f/surface/[...missing]/page.tsx; app/f/surface/about/page.tsx; app/f/surface/ask/[slug]/page.tsx; app/f/surface/ask/page.tsx; app/f/surface/ask/page/[page]/page.tsx; app/f/surface/changelog/page.tsx; app/f/surface/lab/[slug]/page.tsx; app/f/surface/lab/page.tsx; app/f/surface/now/page.tsx; app/f/surface/owner/page.tsx; app/f/surface/page.tsx; app/f/surface/projects/[slug]/page.tsx; app/f/surface/projects/page.tsx; app/f/surface/resume/page.tsx; app/f/surface/work/page.tsx; app/f/survey/[...missing]/page.tsx; app/f/survey/about/page.tsx; app/f/survey/ask/[slug]/page.tsx; app/f/survey/ask/page.tsx; app/f/survey/ask/page/[page]/page.tsx; app/f/survey/changelog/page.tsx; app/f/survey/lab/[slug]/page.tsx; app/f/survey/lab/page.tsx; app/f/survey/now/page.tsx; app/f/survey/page.tsx; app/f/survey/projects/[slug]/page.tsx; app/f/survey/projects/page.tsx; app/f/survey/resume/page.tsx; app/f/survey/work/page.tsx; app/f/timetable/[...missing]/page.tsx; app/f/timetable/about/page.tsx; app/f/timetable/ask/[slug]/page.tsx; app/f/timetable/ask/page.tsx; app/f/timetable/ask/page/[page]/page.tsx; app/f/timetable/changelog/page.tsx; app/f/timetable/lab/[slug]/page.tsx; app/f/timetable/lab/page.tsx; app/f/timetable/now/page.tsx; app/f/timetable/owner/page.tsx; app/f/timetable/page.tsx; app/f/timetable/projects/[slug]/page.tsx; app/f/timetable/projects/page.tsx; app/f/timetable/resume/page.tsx; app/f/timetable/work/page.tsx; flavors/drawing-set/components/site/page.tsx; flavors/press/components/site/page.tsx; flavors/surface/components/site/page.tsx; flavors/survey/components/site/page.tsx; flavors/timetable/components/site/page.tsx	
app/f/survey/page.tsx	route:home	app/f/drawing-set/page.tsx; app/f/minimal/page.tsx; app/f/press/page.tsx; app/f/surface/page.tsx; app/f/timetable/page.tsx	app/f/drawing-set/[...missing]/page.tsx; app/f/drawing-set/about/page.tsx; app/f/drawing-set/ask/[slug]/page.tsx; app/f/drawing-set/ask/page.tsx; app/f/drawing-set/ask/page/[page]/page.tsx; app/f/drawing-set/changelog/page.tsx; app/f/drawing-set/lab/[slug]/page.tsx; app/f/drawing-set/lab/page.tsx; app/f/drawing-set/now/page.tsx; app/f/drawing-set/owner/page.tsx; app/f/drawing-set/page.tsx; app/f/drawing-set/projects/[slug]/page.tsx; app/f/drawing-set/projects/page.tsx; app/f/drawing-set/resume/page.tsx; app/f/drawing-set/work/page.tsx; app/f/minimal/[...missing]/page.tsx; app/f/minimal/about/page.tsx; app/f/minimal/ask/[slug]/page.tsx; app/f/minimal/ask/page.tsx; app/f/minimal/ask/page/[page]/page.tsx; app/f/minimal/changelog/page.tsx; app/f/minimal/lab/[slug]/page.tsx; app/f/minimal/lab/page.tsx; app/f/minimal/now/page.tsx; app/f/minimal/owner/page.tsx; app/f/minimal/page.tsx; app/f/minimal/projects/[slug]/page.tsx; app/f/minimal/projects/page.tsx; app/f/minimal/resume/page.tsx; app/f/minimal/work/page.tsx; app/f/press/[...missing]/page.tsx; app/f/press/about/page.tsx; app/f/press/ask/[slug]/page.tsx; app/f/press/ask/page.tsx; app/f/press/ask/page/[page]/page.tsx; app/f/press/changelog/page.tsx; app/f/press/lab/[slug]/page.tsx; app/f/press/lab/page.tsx; app/f/press/now/page.tsx; app/f/press/owner/page.tsx; app/f/press/page.tsx; app/f/press/projects/[slug]/page.tsx; app/f/press/projects/page.tsx; app/f/press/resume/page.tsx; app/f/press/work/page.tsx; app/f/surface/[...missing]/page.tsx; app/f/surface/about/page.tsx; app/f/surface/ask/[slug]/page.tsx; app/f/surface/ask/page.tsx; app/f/surface/ask/page/[page]/page.tsx; app/f/surface/changelog/page.tsx; app/f/surface/lab/[slug]/page.tsx; app/f/surface/lab/page.tsx; app/f/surface/now/page.tsx; app/f/surface/owner/page.tsx; app/f/surface/page.tsx; app/f/surface/projects/[slug]/page.tsx; app/f/surface/projects/page.tsx; app/f/surface/resume/page.tsx; app/f/surface/work/page.tsx; app/f/survey/[...missing]/page.tsx; app/f/survey/about/page.tsx; app/f/survey/ask/[slug]/page.tsx; app/f/survey/ask/page.tsx; app/f/survey/ask/page/[page]/page.tsx; app/f/survey/changelog/page.tsx; app/f/survey/lab/[slug]/page.tsx; app/f/survey/lab/page.tsx; app/f/survey/now/page.tsx; app/f/survey/owner/page.tsx; app/f/survey/projects/[slug]/page.tsx; app/f/survey/projects/page.tsx; app/f/survey/resume/page.tsx; app/f/survey/work/page.tsx; app/f/timetable/[...missing]/page.tsx; app/f/timetable/about/page.tsx; app/f/timetable/ask/[slug]/page.tsx; app/f/timetable/ask/page.tsx; app/f/timetable/ask/page/[page]/page.tsx; app/f/timetable/changelog/page.tsx; app/f/timetable/lab/[slug]/page.tsx; app/f/timetable/lab/page.tsx; app/f/timetable/now/page.tsx; app/f/timetable/owner/page.tsx; app/f/timetable/page.tsx; app/f/timetable/projects/[slug]/page.tsx; app/f/timetable/projects/page.tsx; app/f/timetable/resume/page.tsx; app/f/timetable/work/page.tsx; flavors/drawing-set/components/site/page.tsx; flavors/press/components/site/page.tsx; flavors/surface/components/site/page.tsx; flavors/survey/components/site/page.tsx; flavors/timetable/components/site/page.tsx	
app/f/survey/projects/[slug]/page.tsx	route:projects/[slug]	app/f/drawing-set/projects/[slug]/page.tsx; app/f/minimal/projects/[slug]/page.tsx; app/f/press/projects/[slug]/page.tsx; app/f/surface/projects/[slug]/page.tsx; app/f/timetable/projects/[slug]/page.tsx	app/f/drawing-set/[...missing]/page.tsx; app/f/drawing-set/about/page.tsx; app/f/drawing-set/ask/[slug]/page.tsx; app/f/drawing-set/ask/page.tsx; app/f/drawing-set/ask/page/[page]/page.tsx; app/f/drawing-set/changelog/page.tsx; app/f/drawing-set/lab/[slug]/page.tsx; app/f/drawing-set/lab/page.tsx; app/f/drawing-set/now/page.tsx; app/f/drawing-set/owner/page.tsx; app/f/drawing-set/page.tsx; app/f/drawing-set/projects/[slug]/page.tsx; app/f/drawing-set/projects/page.tsx; app/f/drawing-set/resume/page.tsx; app/f/drawing-set/work/page.tsx; app/f/minimal/[...missing]/page.tsx; app/f/minimal/about/page.tsx; app/f/minimal/ask/[slug]/page.tsx; app/f/minimal/ask/page.tsx; app/f/minimal/ask/page/[page]/page.tsx; app/f/minimal/changelog/page.tsx; app/f/minimal/lab/[slug]/page.tsx; app/f/minimal/lab/page.tsx; app/f/minimal/now/page.tsx; app/f/minimal/owner/page.tsx; app/f/minimal/page.tsx; app/f/minimal/projects/[slug]/page.tsx; app/f/minimal/projects/page.tsx; app/f/minimal/resume/page.tsx; app/f/minimal/work/page.tsx; app/f/press/[...missing]/page.tsx; app/f/press/about/page.tsx; app/f/press/ask/[slug]/page.tsx; app/f/press/ask/page.tsx; app/f/press/ask/page/[page]/page.tsx; app/f/press/changelog/page.tsx; app/f/press/lab/[slug]/page.tsx; app/f/press/lab/page.tsx; app/f/press/now/page.tsx; app/f/press/owner/page.tsx; app/f/press/page.tsx; app/f/press/projects/[slug]/page.tsx; app/f/press/projects/page.tsx; app/f/press/resume/page.tsx; app/f/press/work/page.tsx; app/f/surface/[...missing]/page.tsx; app/f/surface/about/page.tsx; app/f/surface/ask/[slug]/page.tsx; app/f/surface/ask/page.tsx; app/f/surface/ask/page/[page]/page.tsx; app/f/surface/changelog/page.tsx; app/f/surface/lab/[slug]/page.tsx; app/f/surface/lab/page.tsx; app/f/surface/now/page.tsx; app/f/surface/owner/page.tsx; app/f/surface/page.tsx; app/f/surface/projects/[slug]/page.tsx; app/f/surface/projects/page.tsx; app/f/surface/resume/page.tsx; app/f/surface/work/page.tsx; app/f/survey/[...missing]/page.tsx; app/f/survey/about/page.tsx; app/f/survey/ask/[slug]/page.tsx; app/f/survey/ask/page.tsx; app/f/survey/ask/page/[page]/page.tsx; app/f/survey/changelog/page.tsx; app/f/survey/lab/[slug]/page.tsx; app/f/survey/lab/page.tsx; app/f/survey/now/page.tsx; app/f/survey/owner/page.tsx; app/f/survey/page.tsx; app/f/survey/projects/page.tsx; app/f/survey/resume/page.tsx; app/f/survey/work/page.tsx; app/f/timetable/[...missing]/page.tsx; app/f/timetable/about/page.tsx; app/f/timetable/ask/[slug]/page.tsx; app/f/timetable/ask/page.tsx; app/f/timetable/ask/page/[page]/page.tsx; app/f/timetable/changelog/page.tsx; app/f/timetable/lab/[slug]/page.tsx; app/f/timetable/lab/page.tsx; app/f/timetable/now/page.tsx; app/f/timetable/owner/page.tsx; app/f/timetable/page.tsx; app/f/timetable/projects/[slug]/page.tsx; app/f/timetable/projects/page.tsx; app/f/timetable/resume/page.tsx; app/f/timetable/work/page.tsx; flavors/drawing-set/components/site/page.tsx; flavors/press/components/site/page.tsx; flavors/surface/components/site/page.tsx; flavors/survey/components/site/page.tsx; flavors/timetable/components/site/page.tsx	
app/f/survey/projects/page.tsx	route:projects	app/f/drawing-set/projects/page.tsx; app/f/minimal/projects/page.tsx; app/f/press/projects/page.tsx; app/f/surface/projects/page.tsx; app/f/timetable/projects/page.tsx	app/f/drawing-set/[...missing]/page.tsx; app/f/drawing-set/about/page.tsx; app/f/drawing-set/ask/[slug]/page.tsx; app/f/drawing-set/ask/page.tsx; app/f/drawing-set/ask/page/[page]/page.tsx; app/f/drawing-set/changelog/page.tsx; app/f/drawing-set/lab/[slug]/page.tsx; app/f/drawing-set/lab/page.tsx; app/f/drawing-set/now/page.tsx; app/f/drawing-set/owner/page.tsx; app/f/drawing-set/page.tsx; app/f/drawing-set/projects/[slug]/page.tsx; app/f/drawing-set/projects/page.tsx; app/f/drawing-set/resume/page.tsx; app/f/drawing-set/work/page.tsx; app/f/minimal/[...missing]/page.tsx; app/f/minimal/about/page.tsx; app/f/minimal/ask/[slug]/page.tsx; app/f/minimal/ask/page.tsx; app/f/minimal/ask/page/[page]/page.tsx; app/f/minimal/changelog/page.tsx; app/f/minimal/lab/[slug]/page.tsx; app/f/minimal/lab/page.tsx; app/f/minimal/now/page.tsx; app/f/minimal/owner/page.tsx; app/f/minimal/page.tsx; app/f/minimal/projects/[slug]/page.tsx; app/f/minimal/projects/page.tsx; app/f/minimal/resume/page.tsx; app/f/minimal/work/page.tsx; app/f/press/[...missing]/page.tsx; app/f/press/about/page.tsx; app/f/press/ask/[slug]/page.tsx; app/f/press/ask/page.tsx; app/f/press/ask/page/[page]/page.tsx; app/f/press/changelog/page.tsx; app/f/press/lab/[slug]/page.tsx; app/f/press/lab/page.tsx; app/f/press/now/page.tsx; app/f/press/owner/page.tsx; app/f/press/page.tsx; app/f/press/projects/[slug]/page.tsx; app/f/press/projects/page.tsx; app/f/press/resume/page.tsx; app/f/press/work/page.tsx; app/f/surface/[...missing]/page.tsx; app/f/surface/about/page.tsx; app/f/surface/ask/[slug]/page.tsx; app/f/surface/ask/page.tsx; app/f/surface/ask/page/[page]/page.tsx; app/f/surface/changelog/page.tsx; app/f/surface/lab/[slug]/page.tsx; app/f/surface/lab/page.tsx; app/f/surface/now/page.tsx; app/f/surface/owner/page.tsx; app/f/surface/page.tsx; app/f/surface/projects/[slug]/page.tsx; app/f/surface/projects/page.tsx; app/f/surface/resume/page.tsx; app/f/surface/work/page.tsx; app/f/survey/[...missing]/page.tsx; app/f/survey/about/page.tsx; app/f/survey/ask/[slug]/page.tsx; app/f/survey/ask/page.tsx; app/f/survey/ask/page/[page]/page.tsx; app/f/survey/changelog/page.tsx; app/f/survey/lab/[slug]/page.tsx; app/f/survey/lab/page.tsx; app/f/survey/now/page.tsx; app/f/survey/owner/page.tsx; app/f/survey/page.tsx; app/f/survey/projects/[slug]/page.tsx; app/f/survey/resume/page.tsx; app/f/survey/work/page.tsx; app/f/timetable/[...missing]/page.tsx; app/f/timetable/about/page.tsx; app/f/timetable/ask/[slug]/page.tsx; app/f/timetable/ask/page.tsx; app/f/timetable/ask/page/[page]/page.tsx; app/f/timetable/changelog/page.tsx; app/f/timetable/lab/[slug]/page.tsx; app/f/timetable/lab/page.tsx; app/f/timetable/now/page.tsx; app/f/timetable/owner/page.tsx; app/f/timetable/page.tsx; app/f/timetable/projects/[slug]/page.tsx; app/f/timetable/projects/page.tsx; app/f/timetable/resume/page.tsx; app/f/timetable/work/page.tsx; flavors/drawing-set/components/site/page.tsx; flavors/press/components/site/page.tsx; flavors/surface/components/site/page.tsx; flavors/survey/components/site/page.tsx; flavors/timetable/components/site/page.tsx	
app/f/survey/resume/page.tsx	route:resume	app/f/drawing-set/resume/page.tsx; app/f/minimal/resume/page.tsx; app/f/press/resume/page.tsx; app/f/surface/resume/page.tsx; app/f/timetable/resume/page.tsx	app/f/drawing-set/[...missing]/page.tsx; app/f/drawing-set/about/page.tsx; app/f/drawing-set/ask/[slug]/page.tsx; app/f/drawing-set/ask/page.tsx; app/f/drawing-set/ask/page/[page]/page.tsx; app/f/drawing-set/changelog/page.tsx; app/f/drawing-set/lab/[slug]/page.tsx; app/f/drawing-set/lab/page.tsx; app/f/drawing-set/now/page.tsx; app/f/drawing-set/owner/page.tsx; app/f/drawing-set/page.tsx; app/f/drawing-set/projects/[slug]/page.tsx; app/f/drawing-set/projects/page.tsx; app/f/drawing-set/resume/page.tsx; app/f/drawing-set/work/page.tsx; app/f/minimal/[...missing]/page.tsx; app/f/minimal/about/page.tsx; app/f/minimal/ask/[slug]/page.tsx; app/f/minimal/ask/page.tsx; app/f/minimal/ask/page/[page]/page.tsx; app/f/minimal/changelog/page.tsx; app/f/minimal/lab/[slug]/page.tsx; app/f/minimal/lab/page.tsx; app/f/minimal/now/page.tsx; app/f/minimal/owner/page.tsx; app/f/minimal/page.tsx; app/f/minimal/projects/[slug]/page.tsx; app/f/minimal/projects/page.tsx; app/f/minimal/resume/page.tsx; app/f/minimal/work/page.tsx; app/f/press/[...missing]/page.tsx; app/f/press/about/page.tsx; app/f/press/ask/[slug]/page.tsx; app/f/press/ask/page.tsx; app/f/press/ask/page/[page]/page.tsx; app/f/press/changelog/page.tsx; app/f/press/lab/[slug]/page.tsx; app/f/press/lab/page.tsx; app/f/press/now/page.tsx; app/f/press/owner/page.tsx; app/f/press/page.tsx; app/f/press/projects/[slug]/page.tsx; app/f/press/projects/page.tsx; app/f/press/resume/page.tsx; app/f/press/work/page.tsx; app/f/surface/[...missing]/page.tsx; app/f/surface/about/page.tsx; app/f/surface/ask/[slug]/page.tsx; app/f/surface/ask/page.tsx; app/f/surface/ask/page/[page]/page.tsx; app/f/surface/changelog/page.tsx; app/f/surface/lab/[slug]/page.tsx; app/f/surface/lab/page.tsx; app/f/surface/now/page.tsx; app/f/surface/owner/page.tsx; app/f/surface/page.tsx; app/f/surface/projects/[slug]/page.tsx; app/f/surface/projects/page.tsx; app/f/surface/resume/page.tsx; app/f/surface/work/page.tsx; app/f/survey/[...missing]/page.tsx; app/f/survey/about/page.tsx; app/f/survey/ask/[slug]/page.tsx; app/f/survey/ask/page.tsx; app/f/survey/ask/page/[page]/page.tsx; app/f/survey/changelog/page.tsx; app/f/survey/lab/[slug]/page.tsx; app/f/survey/lab/page.tsx; app/f/survey/now/page.tsx; app/f/survey/owner/page.tsx; app/f/survey/page.tsx; app/f/survey/projects/[slug]/page.tsx; app/f/survey/projects/page.tsx; app/f/survey/work/page.tsx; app/f/timetable/[...missing]/page.tsx; app/f/timetable/about/page.tsx; app/f/timetable/ask/[slug]/page.tsx; app/f/timetable/ask/page.tsx; app/f/timetable/ask/page/[page]/page.tsx; app/f/timetable/changelog/page.tsx; app/f/timetable/lab/[slug]/page.tsx; app/f/timetable/lab/page.tsx; app/f/timetable/now/page.tsx; app/f/timetable/owner/page.tsx; app/f/timetable/page.tsx; app/f/timetable/projects/[slug]/page.tsx; app/f/timetable/projects/page.tsx; app/f/timetable/resume/page.tsx; app/f/timetable/work/page.tsx; flavors/drawing-set/components/site/page.tsx; flavors/press/components/site/page.tsx; flavors/surface/components/site/page.tsx; flavors/survey/components/site/page.tsx; flavors/timetable/components/site/page.tsx	
app/f/survey/work/page.tsx	route:work	app/f/drawing-set/work/page.tsx; app/f/minimal/work/page.tsx; app/f/press/work/page.tsx; app/f/surface/work/page.tsx; app/f/timetable/work/page.tsx	app/f/drawing-set/[...missing]/page.tsx; app/f/drawing-set/about/page.tsx; app/f/drawing-set/ask/[slug]/page.tsx; app/f/drawing-set/ask/page.tsx; app/f/drawing-set/ask/page/[page]/page.tsx; app/f/drawing-set/changelog/page.tsx; app/f/drawing-set/lab/[slug]/page.tsx; app/f/drawing-set/lab/page.tsx; app/f/drawing-set/now/page.tsx; app/f/drawing-set/owner/page.tsx; app/f/drawing-set/page.tsx; app/f/drawing-set/projects/[slug]/page.tsx; app/f/drawing-set/projects/page.tsx; app/f/drawing-set/resume/page.tsx; app/f/drawing-set/work/page.tsx; app/f/minimal/[...missing]/page.tsx; app/f/minimal/about/page.tsx; app/f/minimal/ask/[slug]/page.tsx; app/f/minimal/ask/page.tsx; app/f/minimal/ask/page/[page]/page.tsx; app/f/minimal/changelog/page.tsx; app/f/minimal/lab/[slug]/page.tsx; app/f/minimal/lab/page.tsx; app/f/minimal/now/page.tsx; app/f/minimal/owner/page.tsx; app/f/minimal/page.tsx; app/f/minimal/projects/[slug]/page.tsx; app/f/minimal/projects/page.tsx; app/f/minimal/resume/page.tsx; app/f/minimal/work/page.tsx; app/f/press/[...missing]/page.tsx; app/f/press/about/page.tsx; app/f/press/ask/[slug]/page.tsx; app/f/press/ask/page.tsx; app/f/press/ask/page/[page]/page.tsx; app/f/press/changelog/page.tsx; app/f/press/lab/[slug]/page.tsx; app/f/press/lab/page.tsx; app/f/press/now/page.tsx; app/f/press/owner/page.tsx; app/f/press/page.tsx; app/f/press/projects/[slug]/page.tsx; app/f/press/projects/page.tsx; app/f/press/resume/page.tsx; app/f/press/work/page.tsx; app/f/surface/[...missing]/page.tsx; app/f/surface/about/page.tsx; app/f/surface/ask/[slug]/page.tsx; app/f/surface/ask/page.tsx; app/f/surface/ask/page/[page]/page.tsx; app/f/surface/changelog/page.tsx; app/f/surface/lab/[slug]/page.tsx; app/f/surface/lab/page.tsx; app/f/surface/now/page.tsx; app/f/surface/owner/page.tsx; app/f/surface/page.tsx; app/f/surface/projects/[slug]/page.tsx; app/f/surface/projects/page.tsx; app/f/surface/resume/page.tsx; app/f/surface/work/page.tsx; app/f/survey/[...missing]/page.tsx; app/f/survey/about/page.tsx; app/f/survey/ask/[slug]/page.tsx; app/f/survey/ask/page.tsx; app/f/survey/ask/page/[page]/page.tsx; app/f/survey/changelog/page.tsx; app/f/survey/lab/[slug]/page.tsx; app/f/survey/lab/page.tsx; app/f/survey/now/page.tsx; app/f/survey/owner/page.tsx; app/f/survey/page.tsx; app/f/survey/projects/[slug]/page.tsx; app/f/survey/projects/page.tsx; app/f/survey/resume/page.tsx; app/f/timetable/[...missing]/page.tsx; app/f/timetable/about/page.tsx; app/f/timetable/ask/[slug]/page.tsx; app/f/timetable/ask/page.tsx; app/f/timetable/ask/page/[page]/page.tsx; app/f/timetable/changelog/page.tsx; app/f/timetable/lab/[slug]/page.tsx; app/f/timetable/lab/page.tsx; app/f/timetable/now/page.tsx; app/f/timetable/owner/page.tsx; app/f/timetable/page.tsx; app/f/timetable/projects/[slug]/page.tsx; app/f/timetable/projects/page.tsx; app/f/timetable/resume/page.tsx; app/f/timetable/work/page.tsx; flavors/drawing-set/components/site/page.tsx; flavors/press/components/site/page.tsx; flavors/surface/components/site/page.tsx; flavors/survey/components/site/page.tsx; flavors/timetable/components/site/page.tsx	
app/f/timetable/[...missing]/page.tsx	route:[...missing]	app/f/drawing-set/[...missing]/page.tsx; app/f/minimal/[...missing]/page.tsx; app/f/press/[...missing]/page.tsx; app/f/surface/[...missing]/page.tsx; app/f/survey/[...missing]/page.tsx	app/f/drawing-set/[...missing]/page.tsx; app/f/drawing-set/about/page.tsx; app/f/drawing-set/ask/[slug]/page.tsx; app/f/drawing-set/ask/page.tsx; app/f/drawing-set/ask/page/[page]/page.tsx; app/f/drawing-set/changelog/page.tsx; app/f/drawing-set/lab/[slug]/page.tsx; app/f/drawing-set/lab/page.tsx; app/f/drawing-set/now/page.tsx; app/f/drawing-set/owner/page.tsx; app/f/drawing-set/page.tsx; app/f/drawing-set/projects/[slug]/page.tsx; app/f/drawing-set/projects/page.tsx; app/f/drawing-set/resume/page.tsx; app/f/drawing-set/work/page.tsx; app/f/minimal/[...missing]/page.tsx; app/f/minimal/about/page.tsx; app/f/minimal/ask/[slug]/page.tsx; app/f/minimal/ask/page.tsx; app/f/minimal/ask/page/[page]/page.tsx; app/f/minimal/changelog/page.tsx; app/f/minimal/lab/[slug]/page.tsx; app/f/minimal/lab/page.tsx; app/f/minimal/now/page.tsx; app/f/minimal/owner/page.tsx; app/f/minimal/page.tsx; app/f/minimal/projects/[slug]/page.tsx; app/f/minimal/projects/page.tsx; app/f/minimal/resume/page.tsx; app/f/minimal/work/page.tsx; app/f/press/[...missing]/page.tsx; app/f/press/about/page.tsx; app/f/press/ask/[slug]/page.tsx; app/f/press/ask/page.tsx; app/f/press/ask/page/[page]/page.tsx; app/f/press/changelog/page.tsx; app/f/press/lab/[slug]/page.tsx; app/f/press/lab/page.tsx; app/f/press/now/page.tsx; app/f/press/owner/page.tsx; app/f/press/page.tsx; app/f/press/projects/[slug]/page.tsx; app/f/press/projects/page.tsx; app/f/press/resume/page.tsx; app/f/press/work/page.tsx; app/f/surface/[...missing]/page.tsx; app/f/surface/about/page.tsx; app/f/surface/ask/[slug]/page.tsx; app/f/surface/ask/page.tsx; app/f/surface/ask/page/[page]/page.tsx; app/f/surface/changelog/page.tsx; app/f/surface/lab/[slug]/page.tsx; app/f/surface/lab/page.tsx; app/f/surface/now/page.tsx; app/f/surface/owner/page.tsx; app/f/surface/page.tsx; app/f/surface/projects/[slug]/page.tsx; app/f/surface/projects/page.tsx; app/f/surface/resume/page.tsx; app/f/surface/work/page.tsx; app/f/survey/[...missing]/page.tsx; app/f/survey/about/page.tsx; app/f/survey/ask/[slug]/page.tsx; app/f/survey/ask/page.tsx; app/f/survey/ask/page/[page]/page.tsx; app/f/survey/changelog/page.tsx; app/f/survey/lab/[slug]/page.tsx; app/f/survey/lab/page.tsx; app/f/survey/now/page.tsx; app/f/survey/owner/page.tsx; app/f/survey/page.tsx; app/f/survey/projects/[slug]/page.tsx; app/f/survey/projects/page.tsx; app/f/survey/resume/page.tsx; app/f/survey/work/page.tsx; app/f/timetable/about/page.tsx; app/f/timetable/ask/[slug]/page.tsx; app/f/timetable/ask/page.tsx; app/f/timetable/ask/page/[page]/page.tsx; app/f/timetable/changelog/page.tsx; app/f/timetable/lab/[slug]/page.tsx; app/f/timetable/lab/page.tsx; app/f/timetable/now/page.tsx; app/f/timetable/owner/page.tsx; app/f/timetable/page.tsx; app/f/timetable/projects/[slug]/page.tsx; app/f/timetable/projects/page.tsx; app/f/timetable/resume/page.tsx; app/f/timetable/work/page.tsx; flavors/drawing-set/components/site/page.tsx; flavors/press/components/site/page.tsx; flavors/surface/components/site/page.tsx; flavors/survey/components/site/page.tsx; flavors/timetable/components/site/page.tsx	app/f/drawing-set/[...missing]/page.tsx; app/f/minimal/[...missing]/page.tsx; app/f/press/[...missing]/page.tsx; app/f/surface/[...missing]/page.tsx; app/f/survey/[...missing]/page.tsx
app/f/timetable/about/page.tsx	route:about	app/f/drawing-set/about/page.tsx; app/f/minimal/about/page.tsx; app/f/press/about/page.tsx; app/f/surface/about/page.tsx; app/f/survey/about/page.tsx	app/f/drawing-set/[...missing]/page.tsx; app/f/drawing-set/about/page.tsx; app/f/drawing-set/ask/[slug]/page.tsx; app/f/drawing-set/ask/page.tsx; app/f/drawing-set/ask/page/[page]/page.tsx; app/f/drawing-set/changelog/page.tsx; app/f/drawing-set/lab/[slug]/page.tsx; app/f/drawing-set/lab/page.tsx; app/f/drawing-set/now/page.tsx; app/f/drawing-set/owner/page.tsx; app/f/drawing-set/page.tsx; app/f/drawing-set/projects/[slug]/page.tsx; app/f/drawing-set/projects/page.tsx; app/f/drawing-set/resume/page.tsx; app/f/drawing-set/work/page.tsx; app/f/minimal/[...missing]/page.tsx; app/f/minimal/about/page.tsx; app/f/minimal/ask/[slug]/page.tsx; app/f/minimal/ask/page.tsx; app/f/minimal/ask/page/[page]/page.tsx; app/f/minimal/changelog/page.tsx; app/f/minimal/lab/[slug]/page.tsx; app/f/minimal/lab/page.tsx; app/f/minimal/now/page.tsx; app/f/minimal/owner/page.tsx; app/f/minimal/page.tsx; app/f/minimal/projects/[slug]/page.tsx; app/f/minimal/projects/page.tsx; app/f/minimal/resume/page.tsx; app/f/minimal/work/page.tsx; app/f/press/[...missing]/page.tsx; app/f/press/about/page.tsx; app/f/press/ask/[slug]/page.tsx; app/f/press/ask/page.tsx; app/f/press/ask/page/[page]/page.tsx; app/f/press/changelog/page.tsx; app/f/press/lab/[slug]/page.tsx; app/f/press/lab/page.tsx; app/f/press/now/page.tsx; app/f/press/owner/page.tsx; app/f/press/page.tsx; app/f/press/projects/[slug]/page.tsx; app/f/press/projects/page.tsx; app/f/press/resume/page.tsx; app/f/press/work/page.tsx; app/f/surface/[...missing]/page.tsx; app/f/surface/about/page.tsx; app/f/surface/ask/[slug]/page.tsx; app/f/surface/ask/page.tsx; app/f/surface/ask/page/[page]/page.tsx; app/f/surface/changelog/page.tsx; app/f/surface/lab/[slug]/page.tsx; app/f/surface/lab/page.tsx; app/f/surface/now/page.tsx; app/f/surface/owner/page.tsx; app/f/surface/page.tsx; app/f/surface/projects/[slug]/page.tsx; app/f/surface/projects/page.tsx; app/f/surface/resume/page.tsx; app/f/surface/work/page.tsx; app/f/survey/[...missing]/page.tsx; app/f/survey/about/page.tsx; app/f/survey/ask/[slug]/page.tsx; app/f/survey/ask/page.tsx; app/f/survey/ask/page/[page]/page.tsx; app/f/survey/changelog/page.tsx; app/f/survey/lab/[slug]/page.tsx; app/f/survey/lab/page.tsx; app/f/survey/now/page.tsx; app/f/survey/owner/page.tsx; app/f/survey/page.tsx; app/f/survey/projects/[slug]/page.tsx; app/f/survey/projects/page.tsx; app/f/survey/resume/page.tsx; app/f/survey/work/page.tsx; app/f/timetable/[...missing]/page.tsx; app/f/timetable/ask/[slug]/page.tsx; app/f/timetable/ask/page.tsx; app/f/timetable/ask/page/[page]/page.tsx; app/f/timetable/changelog/page.tsx; app/f/timetable/lab/[slug]/page.tsx; app/f/timetable/lab/page.tsx; app/f/timetable/now/page.tsx; app/f/timetable/owner/page.tsx; app/f/timetable/page.tsx; app/f/timetable/projects/[slug]/page.tsx; app/f/timetable/projects/page.tsx; app/f/timetable/resume/page.tsx; app/f/timetable/work/page.tsx; flavors/drawing-set/components/site/page.tsx; flavors/press/components/site/page.tsx; flavors/surface/components/site/page.tsx; flavors/survey/components/site/page.tsx; flavors/timetable/components/site/page.tsx	
app/f/timetable/ask/[slug]/opengraph-image.tsx	route:ask/[slug]/opengraph-image	app/f/drawing-set/ask/[slug]/opengraph-image.tsx; app/f/minimal/ask/[slug]/opengraph-image.tsx; app/f/press/ask/[slug]/opengraph-image.tsx; app/f/surface/ask/[slug]/opengraph-image.tsx; app/f/survey/ask/[slug]/opengraph-image.tsx	app/f/drawing-set/ask/[slug]/opengraph-image.tsx; app/f/drawing-set/ask/opengraph-image.tsx; app/f/minimal/ask/[slug]/opengraph-image.tsx; app/f/minimal/ask/opengraph-image.tsx; app/f/press/ask/[slug]/opengraph-image.tsx; app/f/press/ask/opengraph-image.tsx; app/f/surface/ask/[slug]/opengraph-image.tsx; app/f/surface/ask/opengraph-image.tsx; app/f/survey/ask/[slug]/opengraph-image.tsx; app/f/survey/ask/opengraph-image.tsx; app/f/timetable/ask/opengraph-image.tsx	app/f/drawing-set/ask/[slug]/opengraph-image.tsx; app/f/minimal/ask/[slug]/opengraph-image.tsx; app/f/press/ask/[slug]/opengraph-image.tsx; app/f/surface/ask/[slug]/opengraph-image.tsx; app/f/survey/ask/[slug]/opengraph-image.tsx
app/f/timetable/ask/[slug]/page.tsx	route:ask/[slug]	app/f/drawing-set/ask/[slug]/page.tsx; app/f/minimal/ask/[slug]/page.tsx; app/f/press/ask/[slug]/page.tsx; app/f/surface/ask/[slug]/page.tsx; app/f/survey/ask/[slug]/page.tsx	app/f/drawing-set/[...missing]/page.tsx; app/f/drawing-set/about/page.tsx; app/f/drawing-set/ask/[slug]/page.tsx; app/f/drawing-set/ask/page.tsx; app/f/drawing-set/ask/page/[page]/page.tsx; app/f/drawing-set/changelog/page.tsx; app/f/drawing-set/lab/[slug]/page.tsx; app/f/drawing-set/lab/page.tsx; app/f/drawing-set/now/page.tsx; app/f/drawing-set/owner/page.tsx; app/f/drawing-set/page.tsx; app/f/drawing-set/projects/[slug]/page.tsx; app/f/drawing-set/projects/page.tsx; app/f/drawing-set/resume/page.tsx; app/f/drawing-set/work/page.tsx; app/f/minimal/[...missing]/page.tsx; app/f/minimal/about/page.tsx; app/f/minimal/ask/[slug]/page.tsx; app/f/minimal/ask/page.tsx; app/f/minimal/ask/page/[page]/page.tsx; app/f/minimal/changelog/page.tsx; app/f/minimal/lab/[slug]/page.tsx; app/f/minimal/lab/page.tsx; app/f/minimal/now/page.tsx; app/f/minimal/owner/page.tsx; app/f/minimal/page.tsx; app/f/minimal/projects/[slug]/page.tsx; app/f/minimal/projects/page.tsx; app/f/minimal/resume/page.tsx; app/f/minimal/work/page.tsx; app/f/press/[...missing]/page.tsx; app/f/press/about/page.tsx; app/f/press/ask/[slug]/page.tsx; app/f/press/ask/page.tsx; app/f/press/ask/page/[page]/page.tsx; app/f/press/changelog/page.tsx; app/f/press/lab/[slug]/page.tsx; app/f/press/lab/page.tsx; app/f/press/now/page.tsx; app/f/press/owner/page.tsx; app/f/press/page.tsx; app/f/press/projects/[slug]/page.tsx; app/f/press/projects/page.tsx; app/f/press/resume/page.tsx; app/f/press/work/page.tsx; app/f/surface/[...missing]/page.tsx; app/f/surface/about/page.tsx; app/f/surface/ask/[slug]/page.tsx; app/f/surface/ask/page.tsx; app/f/surface/ask/page/[page]/page.tsx; app/f/surface/changelog/page.tsx; app/f/surface/lab/[slug]/page.tsx; app/f/surface/lab/page.tsx; app/f/surface/now/page.tsx; app/f/surface/owner/page.tsx; app/f/surface/page.tsx; app/f/surface/projects/[slug]/page.tsx; app/f/surface/projects/page.tsx; app/f/surface/resume/page.tsx; app/f/surface/work/page.tsx; app/f/survey/[...missing]/page.tsx; app/f/survey/about/page.tsx; app/f/survey/ask/[slug]/page.tsx; app/f/survey/ask/page.tsx; app/f/survey/ask/page/[page]/page.tsx; app/f/survey/changelog/page.tsx; app/f/survey/lab/[slug]/page.tsx; app/f/survey/lab/page.tsx; app/f/survey/now/page.tsx; app/f/survey/owner/page.tsx; app/f/survey/page.tsx; app/f/survey/projects/[slug]/page.tsx; app/f/survey/projects/page.tsx; app/f/survey/resume/page.tsx; app/f/survey/work/page.tsx; app/f/timetable/[...missing]/page.tsx; app/f/timetable/about/page.tsx; app/f/timetable/ask/page.tsx; app/f/timetable/ask/page/[page]/page.tsx; app/f/timetable/changelog/page.tsx; app/f/timetable/lab/[slug]/page.tsx; app/f/timetable/lab/page.tsx; app/f/timetable/now/page.tsx; app/f/timetable/owner/page.tsx; app/f/timetable/page.tsx; app/f/timetable/projects/[slug]/page.tsx; app/f/timetable/projects/page.tsx; app/f/timetable/resume/page.tsx; app/f/timetable/work/page.tsx; flavors/drawing-set/components/site/page.tsx; flavors/press/components/site/page.tsx; flavors/surface/components/site/page.tsx; flavors/survey/components/site/page.tsx; flavors/timetable/components/site/page.tsx	
app/f/timetable/ask/opengraph-image.tsx	route:ask/opengraph-image	app/f/drawing-set/ask/opengraph-image.tsx; app/f/minimal/ask/opengraph-image.tsx; app/f/press/ask/opengraph-image.tsx; app/f/surface/ask/opengraph-image.tsx; app/f/survey/ask/opengraph-image.tsx	app/f/drawing-set/ask/[slug]/opengraph-image.tsx; app/f/drawing-set/ask/opengraph-image.tsx; app/f/minimal/ask/[slug]/opengraph-image.tsx; app/f/minimal/ask/opengraph-image.tsx; app/f/press/ask/[slug]/opengraph-image.tsx; app/f/press/ask/opengraph-image.tsx; app/f/surface/ask/[slug]/opengraph-image.tsx; app/f/surface/ask/opengraph-image.tsx; app/f/survey/ask/[slug]/opengraph-image.tsx; app/f/survey/ask/opengraph-image.tsx; app/f/timetable/ask/[slug]/opengraph-image.tsx	app/f/drawing-set/ask/opengraph-image.tsx; app/f/minimal/ask/opengraph-image.tsx; app/f/press/ask/opengraph-image.tsx; app/f/surface/ask/opengraph-image.tsx; app/f/survey/ask/opengraph-image.tsx
app/f/timetable/ask/page.tsx	route:ask	app/f/drawing-set/ask/page.tsx; app/f/minimal/ask/page.tsx; app/f/press/ask/page.tsx; app/f/surface/ask/page.tsx; app/f/survey/ask/page.tsx	app/f/drawing-set/[...missing]/page.tsx; app/f/drawing-set/about/page.tsx; app/f/drawing-set/ask/[slug]/page.tsx; app/f/drawing-set/ask/page.tsx; app/f/drawing-set/ask/page/[page]/page.tsx; app/f/drawing-set/changelog/page.tsx; app/f/drawing-set/lab/[slug]/page.tsx; app/f/drawing-set/lab/page.tsx; app/f/drawing-set/now/page.tsx; app/f/drawing-set/owner/page.tsx; app/f/drawing-set/page.tsx; app/f/drawing-set/projects/[slug]/page.tsx; app/f/drawing-set/projects/page.tsx; app/f/drawing-set/resume/page.tsx; app/f/drawing-set/work/page.tsx; app/f/minimal/[...missing]/page.tsx; app/f/minimal/about/page.tsx; app/f/minimal/ask/[slug]/page.tsx; app/f/minimal/ask/page.tsx; app/f/minimal/ask/page/[page]/page.tsx; app/f/minimal/changelog/page.tsx; app/f/minimal/lab/[slug]/page.tsx; app/f/minimal/lab/page.tsx; app/f/minimal/now/page.tsx; app/f/minimal/owner/page.tsx; app/f/minimal/page.tsx; app/f/minimal/projects/[slug]/page.tsx; app/f/minimal/projects/page.tsx; app/f/minimal/resume/page.tsx; app/f/minimal/work/page.tsx; app/f/press/[...missing]/page.tsx; app/f/press/about/page.tsx; app/f/press/ask/[slug]/page.tsx; app/f/press/ask/page.tsx; app/f/press/ask/page/[page]/page.tsx; app/f/press/changelog/page.tsx; app/f/press/lab/[slug]/page.tsx; app/f/press/lab/page.tsx; app/f/press/now/page.tsx; app/f/press/owner/page.tsx; app/f/press/page.tsx; app/f/press/projects/[slug]/page.tsx; app/f/press/projects/page.tsx; app/f/press/resume/page.tsx; app/f/press/work/page.tsx; app/f/surface/[...missing]/page.tsx; app/f/surface/about/page.tsx; app/f/surface/ask/[slug]/page.tsx; app/f/surface/ask/page.tsx; app/f/surface/ask/page/[page]/page.tsx; app/f/surface/changelog/page.tsx; app/f/surface/lab/[slug]/page.tsx; app/f/surface/lab/page.tsx; app/f/surface/now/page.tsx; app/f/surface/owner/page.tsx; app/f/surface/page.tsx; app/f/surface/projects/[slug]/page.tsx; app/f/surface/projects/page.tsx; app/f/surface/resume/page.tsx; app/f/surface/work/page.tsx; app/f/survey/[...missing]/page.tsx; app/f/survey/about/page.tsx; app/f/survey/ask/[slug]/page.tsx; app/f/survey/ask/page.tsx; app/f/survey/ask/page/[page]/page.tsx; app/f/survey/changelog/page.tsx; app/f/survey/lab/[slug]/page.tsx; app/f/survey/lab/page.tsx; app/f/survey/now/page.tsx; app/f/survey/owner/page.tsx; app/f/survey/page.tsx; app/f/survey/projects/[slug]/page.tsx; app/f/survey/projects/page.tsx; app/f/survey/resume/page.tsx; app/f/survey/work/page.tsx; app/f/timetable/[...missing]/page.tsx; app/f/timetable/about/page.tsx; app/f/timetable/ask/[slug]/page.tsx; app/f/timetable/ask/page/[page]/page.tsx; app/f/timetable/changelog/page.tsx; app/f/timetable/lab/[slug]/page.tsx; app/f/timetable/lab/page.tsx; app/f/timetable/now/page.tsx; app/f/timetable/owner/page.tsx; app/f/timetable/page.tsx; app/f/timetable/projects/[slug]/page.tsx; app/f/timetable/projects/page.tsx; app/f/timetable/resume/page.tsx; app/f/timetable/work/page.tsx; flavors/drawing-set/components/site/page.tsx; flavors/press/components/site/page.tsx; flavors/surface/components/site/page.tsx; flavors/survey/components/site/page.tsx; flavors/timetable/components/site/page.tsx	
app/f/timetable/ask/page/[page]/page.tsx	route:ask/page/[page]	app/f/drawing-set/ask/page/[page]/page.tsx; app/f/minimal/ask/page/[page]/page.tsx; app/f/press/ask/page/[page]/page.tsx; app/f/surface/ask/page/[page]/page.tsx; app/f/survey/ask/page/[page]/page.tsx	app/f/drawing-set/[...missing]/page.tsx; app/f/drawing-set/about/page.tsx; app/f/drawing-set/ask/[slug]/page.tsx; app/f/drawing-set/ask/page.tsx; app/f/drawing-set/ask/page/[page]/page.tsx; app/f/drawing-set/changelog/page.tsx; app/f/drawing-set/lab/[slug]/page.tsx; app/f/drawing-set/lab/page.tsx; app/f/drawing-set/now/page.tsx; app/f/drawing-set/owner/page.tsx; app/f/drawing-set/page.tsx; app/f/drawing-set/projects/[slug]/page.tsx; app/f/drawing-set/projects/page.tsx; app/f/drawing-set/resume/page.tsx; app/f/drawing-set/work/page.tsx; app/f/minimal/[...missing]/page.tsx; app/f/minimal/about/page.tsx; app/f/minimal/ask/[slug]/page.tsx; app/f/minimal/ask/page.tsx; app/f/minimal/ask/page/[page]/page.tsx; app/f/minimal/changelog/page.tsx; app/f/minimal/lab/[slug]/page.tsx; app/f/minimal/lab/page.tsx; app/f/minimal/now/page.tsx; app/f/minimal/owner/page.tsx; app/f/minimal/page.tsx; app/f/minimal/projects/[slug]/page.tsx; app/f/minimal/projects/page.tsx; app/f/minimal/resume/page.tsx; app/f/minimal/work/page.tsx; app/f/press/[...missing]/page.tsx; app/f/press/about/page.tsx; app/f/press/ask/[slug]/page.tsx; app/f/press/ask/page.tsx; app/f/press/ask/page/[page]/page.tsx; app/f/press/changelog/page.tsx; app/f/press/lab/[slug]/page.tsx; app/f/press/lab/page.tsx; app/f/press/now/page.tsx; app/f/press/owner/page.tsx; app/f/press/page.tsx; app/f/press/projects/[slug]/page.tsx; app/f/press/projects/page.tsx; app/f/press/resume/page.tsx; app/f/press/work/page.tsx; app/f/surface/[...missing]/page.tsx; app/f/surface/about/page.tsx; app/f/surface/ask/[slug]/page.tsx; app/f/surface/ask/page.tsx; app/f/surface/ask/page/[page]/page.tsx; app/f/surface/changelog/page.tsx; app/f/surface/lab/[slug]/page.tsx; app/f/surface/lab/page.tsx; app/f/surface/now/page.tsx; app/f/surface/owner/page.tsx; app/f/surface/page.tsx; app/f/surface/projects/[slug]/page.tsx; app/f/surface/projects/page.tsx; app/f/surface/resume/page.tsx; app/f/surface/work/page.tsx; app/f/survey/[...missing]/page.tsx; app/f/survey/about/page.tsx; app/f/survey/ask/[slug]/page.tsx; app/f/survey/ask/page.tsx; app/f/survey/ask/page/[page]/page.tsx; app/f/survey/changelog/page.tsx; app/f/survey/lab/[slug]/page.tsx; app/f/survey/lab/page.tsx; app/f/survey/now/page.tsx; app/f/survey/owner/page.tsx; app/f/survey/page.tsx; app/f/survey/projects/[slug]/page.tsx; app/f/survey/projects/page.tsx; app/f/survey/resume/page.tsx; app/f/survey/work/page.tsx; app/f/timetable/[...missing]/page.tsx; app/f/timetable/about/page.tsx; app/f/timetable/ask/[slug]/page.tsx; app/f/timetable/ask/page.tsx; app/f/timetable/changelog/page.tsx; app/f/timetable/lab/[slug]/page.tsx; app/f/timetable/lab/page.tsx; app/f/timetable/now/page.tsx; app/f/timetable/owner/page.tsx; app/f/timetable/page.tsx; app/f/timetable/projects/[slug]/page.tsx; app/f/timetable/projects/page.tsx; app/f/timetable/resume/page.tsx; app/f/timetable/work/page.tsx; flavors/drawing-set/components/site/page.tsx; flavors/press/components/site/page.tsx; flavors/surface/components/site/page.tsx; flavors/survey/components/site/page.tsx; flavors/timetable/components/site/page.tsx	
app/f/timetable/changelog/page.tsx	route:changelog	app/f/drawing-set/changelog/page.tsx; app/f/minimal/changelog/page.tsx; app/f/press/changelog/page.tsx; app/f/surface/changelog/page.tsx; app/f/survey/changelog/page.tsx	app/f/drawing-set/[...missing]/page.tsx; app/f/drawing-set/about/page.tsx; app/f/drawing-set/ask/[slug]/page.tsx; app/f/drawing-set/ask/page.tsx; app/f/drawing-set/ask/page/[page]/page.tsx; app/f/drawing-set/changelog/page.tsx; app/f/drawing-set/lab/[slug]/page.tsx; app/f/drawing-set/lab/page.tsx; app/f/drawing-set/now/page.tsx; app/f/drawing-set/owner/page.tsx; app/f/drawing-set/page.tsx; app/f/drawing-set/projects/[slug]/page.tsx; app/f/drawing-set/projects/page.tsx; app/f/drawing-set/resume/page.tsx; app/f/drawing-set/work/page.tsx; app/f/minimal/[...missing]/page.tsx; app/f/minimal/about/page.tsx; app/f/minimal/ask/[slug]/page.tsx; app/f/minimal/ask/page.tsx; app/f/minimal/ask/page/[page]/page.tsx; app/f/minimal/changelog/page.tsx; app/f/minimal/lab/[slug]/page.tsx; app/f/minimal/lab/page.tsx; app/f/minimal/now/page.tsx; app/f/minimal/owner/page.tsx; app/f/minimal/page.tsx; app/f/minimal/projects/[slug]/page.tsx; app/f/minimal/projects/page.tsx; app/f/minimal/resume/page.tsx; app/f/minimal/work/page.tsx; app/f/press/[...missing]/page.tsx; app/f/press/about/page.tsx; app/f/press/ask/[slug]/page.tsx; app/f/press/ask/page.tsx; app/f/press/ask/page/[page]/page.tsx; app/f/press/changelog/page.tsx; app/f/press/lab/[slug]/page.tsx; app/f/press/lab/page.tsx; app/f/press/now/page.tsx; app/f/press/owner/page.tsx; app/f/press/page.tsx; app/f/press/projects/[slug]/page.tsx; app/f/press/projects/page.tsx; app/f/press/resume/page.tsx; app/f/press/work/page.tsx; app/f/surface/[...missing]/page.tsx; app/f/surface/about/page.tsx; app/f/surface/ask/[slug]/page.tsx; app/f/surface/ask/page.tsx; app/f/surface/ask/page/[page]/page.tsx; app/f/surface/changelog/page.tsx; app/f/surface/lab/[slug]/page.tsx; app/f/surface/lab/page.tsx; app/f/surface/now/page.tsx; app/f/surface/owner/page.tsx; app/f/surface/page.tsx; app/f/surface/projects/[slug]/page.tsx; app/f/surface/projects/page.tsx; app/f/surface/resume/page.tsx; app/f/surface/work/page.tsx; app/f/survey/[...missing]/page.tsx; app/f/survey/about/page.tsx; app/f/survey/ask/[slug]/page.tsx; app/f/survey/ask/page.tsx; app/f/survey/ask/page/[page]/page.tsx; app/f/survey/changelog/page.tsx; app/f/survey/lab/[slug]/page.tsx; app/f/survey/lab/page.tsx; app/f/survey/now/page.tsx; app/f/survey/owner/page.tsx; app/f/survey/page.tsx; app/f/survey/projects/[slug]/page.tsx; app/f/survey/projects/page.tsx; app/f/survey/resume/page.tsx; app/f/survey/work/page.tsx; app/f/timetable/[...missing]/page.tsx; app/f/timetable/about/page.tsx; app/f/timetable/ask/[slug]/page.tsx; app/f/timetable/ask/page.tsx; app/f/timetable/ask/page/[page]/page.tsx; app/f/timetable/lab/[slug]/page.tsx; app/f/timetable/lab/page.tsx; app/f/timetable/now/page.tsx; app/f/timetable/owner/page.tsx; app/f/timetable/page.tsx; app/f/timetable/projects/[slug]/page.tsx; app/f/timetable/projects/page.tsx; app/f/timetable/resume/page.tsx; app/f/timetable/work/page.tsx; flavors/drawing-set/components/site/page.tsx; flavors/press/components/site/page.tsx; flavors/surface/components/site/page.tsx; flavors/survey/components/site/page.tsx; flavors/timetable/components/site/page.tsx	
app/f/timetable/lab/[slug]/page.tsx	route:lab/[slug]	app/f/drawing-set/lab/[slug]/page.tsx; app/f/minimal/lab/[slug]/page.tsx; app/f/press/lab/[slug]/page.tsx; app/f/surface/lab/[slug]/page.tsx; app/f/survey/lab/[slug]/page.tsx	app/f/drawing-set/[...missing]/page.tsx; app/f/drawing-set/about/page.tsx; app/f/drawing-set/ask/[slug]/page.tsx; app/f/drawing-set/ask/page.tsx; app/f/drawing-set/ask/page/[page]/page.tsx; app/f/drawing-set/changelog/page.tsx; app/f/drawing-set/lab/[slug]/page.tsx; app/f/drawing-set/lab/page.tsx; app/f/drawing-set/now/page.tsx; app/f/drawing-set/owner/page.tsx; app/f/drawing-set/page.tsx; app/f/drawing-set/projects/[slug]/page.tsx; app/f/drawing-set/projects/page.tsx; app/f/drawing-set/resume/page.tsx; app/f/drawing-set/work/page.tsx; app/f/minimal/[...missing]/page.tsx; app/f/minimal/about/page.tsx; app/f/minimal/ask/[slug]/page.tsx; app/f/minimal/ask/page.tsx; app/f/minimal/ask/page/[page]/page.tsx; app/f/minimal/changelog/page.tsx; app/f/minimal/lab/[slug]/page.tsx; app/f/minimal/lab/page.tsx; app/f/minimal/now/page.tsx; app/f/minimal/owner/page.tsx; app/f/minimal/page.tsx; app/f/minimal/projects/[slug]/page.tsx; app/f/minimal/projects/page.tsx; app/f/minimal/resume/page.tsx; app/f/minimal/work/page.tsx; app/f/press/[...missing]/page.tsx; app/f/press/about/page.tsx; app/f/press/ask/[slug]/page.tsx; app/f/press/ask/page.tsx; app/f/press/ask/page/[page]/page.tsx; app/f/press/changelog/page.tsx; app/f/press/lab/[slug]/page.tsx; app/f/press/lab/page.tsx; app/f/press/now/page.tsx; app/f/press/owner/page.tsx; app/f/press/page.tsx; app/f/press/projects/[slug]/page.tsx; app/f/press/projects/page.tsx; app/f/press/resume/page.tsx; app/f/press/work/page.tsx; app/f/surface/[...missing]/page.tsx; app/f/surface/about/page.tsx; app/f/surface/ask/[slug]/page.tsx; app/f/surface/ask/page.tsx; app/f/surface/ask/page/[page]/page.tsx; app/f/surface/changelog/page.tsx; app/f/surface/lab/[slug]/page.tsx; app/f/surface/lab/page.tsx; app/f/surface/now/page.tsx; app/f/surface/owner/page.tsx; app/f/surface/page.tsx; app/f/surface/projects/[slug]/page.tsx; app/f/surface/projects/page.tsx; app/f/surface/resume/page.tsx; app/f/surface/work/page.tsx; app/f/survey/[...missing]/page.tsx; app/f/survey/about/page.tsx; app/f/survey/ask/[slug]/page.tsx; app/f/survey/ask/page.tsx; app/f/survey/ask/page/[page]/page.tsx; app/f/survey/changelog/page.tsx; app/f/survey/lab/[slug]/page.tsx; app/f/survey/lab/page.tsx; app/f/survey/now/page.tsx; app/f/survey/owner/page.tsx; app/f/survey/page.tsx; app/f/survey/projects/[slug]/page.tsx; app/f/survey/projects/page.tsx; app/f/survey/resume/page.tsx; app/f/survey/work/page.tsx; app/f/timetable/[...missing]/page.tsx; app/f/timetable/about/page.tsx; app/f/timetable/ask/[slug]/page.tsx; app/f/timetable/ask/page.tsx; app/f/timetable/ask/page/[page]/page.tsx; app/f/timetable/changelog/page.tsx; app/f/timetable/lab/page.tsx; app/f/timetable/now/page.tsx; app/f/timetable/owner/page.tsx; app/f/timetable/page.tsx; app/f/timetable/projects/[slug]/page.tsx; app/f/timetable/projects/page.tsx; app/f/timetable/resume/page.tsx; app/f/timetable/work/page.tsx; flavors/drawing-set/components/site/page.tsx; flavors/press/components/site/page.tsx; flavors/surface/components/site/page.tsx; flavors/survey/components/site/page.tsx; flavors/timetable/components/site/page.tsx	
app/f/timetable/lab/page.tsx	route:lab	app/f/drawing-set/lab/page.tsx; app/f/minimal/lab/page.tsx; app/f/press/lab/page.tsx; app/f/surface/lab/page.tsx; app/f/survey/lab/page.tsx	app/f/drawing-set/[...missing]/page.tsx; app/f/drawing-set/about/page.tsx; app/f/drawing-set/ask/[slug]/page.tsx; app/f/drawing-set/ask/page.tsx; app/f/drawing-set/ask/page/[page]/page.tsx; app/f/drawing-set/changelog/page.tsx; app/f/drawing-set/lab/[slug]/page.tsx; app/f/drawing-set/lab/page.tsx; app/f/drawing-set/now/page.tsx; app/f/drawing-set/owner/page.tsx; app/f/drawing-set/page.tsx; app/f/drawing-set/projects/[slug]/page.tsx; app/f/drawing-set/projects/page.tsx; app/f/drawing-set/resume/page.tsx; app/f/drawing-set/work/page.tsx; app/f/minimal/[...missing]/page.tsx; app/f/minimal/about/page.tsx; app/f/minimal/ask/[slug]/page.tsx; app/f/minimal/ask/page.tsx; app/f/minimal/ask/page/[page]/page.tsx; app/f/minimal/changelog/page.tsx; app/f/minimal/lab/[slug]/page.tsx; app/f/minimal/lab/page.tsx; app/f/minimal/now/page.tsx; app/f/minimal/owner/page.tsx; app/f/minimal/page.tsx; app/f/minimal/projects/[slug]/page.tsx; app/f/minimal/projects/page.tsx; app/f/minimal/resume/page.tsx; app/f/minimal/work/page.tsx; app/f/press/[...missing]/page.tsx; app/f/press/about/page.tsx; app/f/press/ask/[slug]/page.tsx; app/f/press/ask/page.tsx; app/f/press/ask/page/[page]/page.tsx; app/f/press/changelog/page.tsx; app/f/press/lab/[slug]/page.tsx; app/f/press/lab/page.tsx; app/f/press/now/page.tsx; app/f/press/owner/page.tsx; app/f/press/page.tsx; app/f/press/projects/[slug]/page.tsx; app/f/press/projects/page.tsx; app/f/press/resume/page.tsx; app/f/press/work/page.tsx; app/f/surface/[...missing]/page.tsx; app/f/surface/about/page.tsx; app/f/surface/ask/[slug]/page.tsx; app/f/surface/ask/page.tsx; app/f/surface/ask/page/[page]/page.tsx; app/f/surface/changelog/page.tsx; app/f/surface/lab/[slug]/page.tsx; app/f/surface/lab/page.tsx; app/f/surface/now/page.tsx; app/f/surface/owner/page.tsx; app/f/surface/page.tsx; app/f/surface/projects/[slug]/page.tsx; app/f/surface/projects/page.tsx; app/f/surface/resume/page.tsx; app/f/surface/work/page.tsx; app/f/survey/[...missing]/page.tsx; app/f/survey/about/page.tsx; app/f/survey/ask/[slug]/page.tsx; app/f/survey/ask/page.tsx; app/f/survey/ask/page/[page]/page.tsx; app/f/survey/changelog/page.tsx; app/f/survey/lab/[slug]/page.tsx; app/f/survey/lab/page.tsx; app/f/survey/now/page.tsx; app/f/survey/owner/page.tsx; app/f/survey/page.tsx; app/f/survey/projects/[slug]/page.tsx; app/f/survey/projects/page.tsx; app/f/survey/resume/page.tsx; app/f/survey/work/page.tsx; app/f/timetable/[...missing]/page.tsx; app/f/timetable/about/page.tsx; app/f/timetable/ask/[slug]/page.tsx; app/f/timetable/ask/page.tsx; app/f/timetable/ask/page/[page]/page.tsx; app/f/timetable/changelog/page.tsx; app/f/timetable/lab/[slug]/page.tsx; app/f/timetable/now/page.tsx; app/f/timetable/owner/page.tsx; app/f/timetable/page.tsx; app/f/timetable/projects/[slug]/page.tsx; app/f/timetable/projects/page.tsx; app/f/timetable/resume/page.tsx; app/f/timetable/work/page.tsx; flavors/drawing-set/components/site/page.tsx; flavors/press/components/site/page.tsx; flavors/surface/components/site/page.tsx; flavors/survey/components/site/page.tsx; flavors/timetable/components/site/page.tsx	
app/f/timetable/layout.tsx	route:home	app/f/drawing-set/layout.tsx; app/f/minimal/layout.tsx; app/f/press/layout.tsx; app/f/surface/layout.tsx; app/f/survey/layout.tsx	app/f/drawing-set/layout.tsx; app/f/minimal/layout.tsx; app/f/press/layout.tsx; app/f/surface/layout.tsx; app/f/survey/layout.tsx	
app/f/timetable/not-found.tsx	route:home	app/f/drawing-set/not-found.tsx; app/f/minimal/not-found.tsx; app/f/press/not-found.tsx; app/f/surface/not-found.tsx; app/f/survey/not-found.tsx	app/f/drawing-set/not-found.tsx; app/f/minimal/not-found.tsx; app/f/press/not-found.tsx; app/f/surface/not-found.tsx; app/f/survey/not-found.tsx	
app/f/timetable/now/page.tsx	route:now	app/f/drawing-set/now/page.tsx; app/f/minimal/now/page.tsx; app/f/press/now/page.tsx; app/f/surface/now/page.tsx; app/f/survey/now/page.tsx	app/f/drawing-set/[...missing]/page.tsx; app/f/drawing-set/about/page.tsx; app/f/drawing-set/ask/[slug]/page.tsx; app/f/drawing-set/ask/page.tsx; app/f/drawing-set/ask/page/[page]/page.tsx; app/f/drawing-set/changelog/page.tsx; app/f/drawing-set/lab/[slug]/page.tsx; app/f/drawing-set/lab/page.tsx; app/f/drawing-set/now/page.tsx; app/f/drawing-set/owner/page.tsx; app/f/drawing-set/page.tsx; app/f/drawing-set/projects/[slug]/page.tsx; app/f/drawing-set/projects/page.tsx; app/f/drawing-set/resume/page.tsx; app/f/drawing-set/work/page.tsx; app/f/minimal/[...missing]/page.tsx; app/f/minimal/about/page.tsx; app/f/minimal/ask/[slug]/page.tsx; app/f/minimal/ask/page.tsx; app/f/minimal/ask/page/[page]/page.tsx; app/f/minimal/changelog/page.tsx; app/f/minimal/lab/[slug]/page.tsx; app/f/minimal/lab/page.tsx; app/f/minimal/now/page.tsx; app/f/minimal/owner/page.tsx; app/f/minimal/page.tsx; app/f/minimal/projects/[slug]/page.tsx; app/f/minimal/projects/page.tsx; app/f/minimal/resume/page.tsx; app/f/minimal/work/page.tsx; app/f/press/[...missing]/page.tsx; app/f/press/about/page.tsx; app/f/press/ask/[slug]/page.tsx; app/f/press/ask/page.tsx; app/f/press/ask/page/[page]/page.tsx; app/f/press/changelog/page.tsx; app/f/press/lab/[slug]/page.tsx; app/f/press/lab/page.tsx; app/f/press/now/page.tsx; app/f/press/owner/page.tsx; app/f/press/page.tsx; app/f/press/projects/[slug]/page.tsx; app/f/press/projects/page.tsx; app/f/press/resume/page.tsx; app/f/press/work/page.tsx; app/f/surface/[...missing]/page.tsx; app/f/surface/about/page.tsx; app/f/surface/ask/[slug]/page.tsx; app/f/surface/ask/page.tsx; app/f/surface/ask/page/[page]/page.tsx; app/f/surface/changelog/page.tsx; app/f/surface/lab/[slug]/page.tsx; app/f/surface/lab/page.tsx; app/f/surface/now/page.tsx; app/f/surface/owner/page.tsx; app/f/surface/page.tsx; app/f/surface/projects/[slug]/page.tsx; app/f/surface/projects/page.tsx; app/f/surface/resume/page.tsx; app/f/surface/work/page.tsx; app/f/survey/[...missing]/page.tsx; app/f/survey/about/page.tsx; app/f/survey/ask/[slug]/page.tsx; app/f/survey/ask/page.tsx; app/f/survey/ask/page/[page]/page.tsx; app/f/survey/changelog/page.tsx; app/f/survey/lab/[slug]/page.tsx; app/f/survey/lab/page.tsx; app/f/survey/now/page.tsx; app/f/survey/owner/page.tsx; app/f/survey/page.tsx; app/f/survey/projects/[slug]/page.tsx; app/f/survey/projects/page.tsx; app/f/survey/resume/page.tsx; app/f/survey/work/page.tsx; app/f/timetable/[...missing]/page.tsx; app/f/timetable/about/page.tsx; app/f/timetable/ask/[slug]/page.tsx; app/f/timetable/ask/page.tsx; app/f/timetable/ask/page/[page]/page.tsx; app/f/timetable/changelog/page.tsx; app/f/timetable/lab/[slug]/page.tsx; app/f/timetable/lab/page.tsx; app/f/timetable/owner/page.tsx; app/f/timetable/page.tsx; app/f/timetable/projects/[slug]/page.tsx; app/f/timetable/projects/page.tsx; app/f/timetable/resume/page.tsx; app/f/timetable/work/page.tsx; flavors/drawing-set/components/site/page.tsx; flavors/press/components/site/page.tsx; flavors/surface/components/site/page.tsx; flavors/survey/components/site/page.tsx; flavors/timetable/components/site/page.tsx	
app/f/timetable/owner/page.tsx	route:owner	app/f/drawing-set/owner/page.tsx; app/f/minimal/owner/page.tsx; app/f/press/owner/page.tsx; app/f/surface/owner/page.tsx; app/f/survey/owner/page.tsx	app/f/drawing-set/[...missing]/page.tsx; app/f/drawing-set/about/page.tsx; app/f/drawing-set/ask/[slug]/page.tsx; app/f/drawing-set/ask/page.tsx; app/f/drawing-set/ask/page/[page]/page.tsx; app/f/drawing-set/changelog/page.tsx; app/f/drawing-set/lab/[slug]/page.tsx; app/f/drawing-set/lab/page.tsx; app/f/drawing-set/now/page.tsx; app/f/drawing-set/owner/page.tsx; app/f/drawing-set/page.tsx; app/f/drawing-set/projects/[slug]/page.tsx; app/f/drawing-set/projects/page.tsx; app/f/drawing-set/resume/page.tsx; app/f/drawing-set/work/page.tsx; app/f/minimal/[...missing]/page.tsx; app/f/minimal/about/page.tsx; app/f/minimal/ask/[slug]/page.tsx; app/f/minimal/ask/page.tsx; app/f/minimal/ask/page/[page]/page.tsx; app/f/minimal/changelog/page.tsx; app/f/minimal/lab/[slug]/page.tsx; app/f/minimal/lab/page.tsx; app/f/minimal/now/page.tsx; app/f/minimal/owner/page.tsx; app/f/minimal/page.tsx; app/f/minimal/projects/[slug]/page.tsx; app/f/minimal/projects/page.tsx; app/f/minimal/resume/page.tsx; app/f/minimal/work/page.tsx; app/f/press/[...missing]/page.tsx; app/f/press/about/page.tsx; app/f/press/ask/[slug]/page.tsx; app/f/press/ask/page.tsx; app/f/press/ask/page/[page]/page.tsx; app/f/press/changelog/page.tsx; app/f/press/lab/[slug]/page.tsx; app/f/press/lab/page.tsx; app/f/press/now/page.tsx; app/f/press/owner/page.tsx; app/f/press/page.tsx; app/f/press/projects/[slug]/page.tsx; app/f/press/projects/page.tsx; app/f/press/resume/page.tsx; app/f/press/work/page.tsx; app/f/surface/[...missing]/page.tsx; app/f/surface/about/page.tsx; app/f/surface/ask/[slug]/page.tsx; app/f/surface/ask/page.tsx; app/f/surface/ask/page/[page]/page.tsx; app/f/surface/changelog/page.tsx; app/f/surface/lab/[slug]/page.tsx; app/f/surface/lab/page.tsx; app/f/surface/now/page.tsx; app/f/surface/owner/page.tsx; app/f/surface/page.tsx; app/f/surface/projects/[slug]/page.tsx; app/f/surface/projects/page.tsx; app/f/surface/resume/page.tsx; app/f/surface/work/page.tsx; app/f/survey/[...missing]/page.tsx; app/f/survey/about/page.tsx; app/f/survey/ask/[slug]/page.tsx; app/f/survey/ask/page.tsx; app/f/survey/ask/page/[page]/page.tsx; app/f/survey/changelog/page.tsx; app/f/survey/lab/[slug]/page.tsx; app/f/survey/lab/page.tsx; app/f/survey/now/page.tsx; app/f/survey/owner/page.tsx; app/f/survey/page.tsx; app/f/survey/projects/[slug]/page.tsx; app/f/survey/projects/page.tsx; app/f/survey/resume/page.tsx; app/f/survey/work/page.tsx; app/f/timetable/[...missing]/page.tsx; app/f/timetable/about/page.tsx; app/f/timetable/ask/[slug]/page.tsx; app/f/timetable/ask/page.tsx; app/f/timetable/ask/page/[page]/page.tsx; app/f/timetable/changelog/page.tsx; app/f/timetable/lab/[slug]/page.tsx; app/f/timetable/lab/page.tsx; app/f/timetable/now/page.tsx; app/f/timetable/page.tsx; app/f/timetable/projects/[slug]/page.tsx; app/f/timetable/projects/page.tsx; app/f/timetable/resume/page.tsx; app/f/timetable/work/page.tsx; flavors/drawing-set/components/site/page.tsx; flavors/press/components/site/page.tsx; flavors/surface/components/site/page.tsx; flavors/survey/components/site/page.tsx; flavors/timetable/components/site/page.tsx	
app/f/timetable/page.tsx	route:home	app/f/drawing-set/page.tsx; app/f/minimal/page.tsx; app/f/press/page.tsx; app/f/surface/page.tsx; app/f/survey/page.tsx	app/f/drawing-set/[...missing]/page.tsx; app/f/drawing-set/about/page.tsx; app/f/drawing-set/ask/[slug]/page.tsx; app/f/drawing-set/ask/page.tsx; app/f/drawing-set/ask/page/[page]/page.tsx; app/f/drawing-set/changelog/page.tsx; app/f/drawing-set/lab/[slug]/page.tsx; app/f/drawing-set/lab/page.tsx; app/f/drawing-set/now/page.tsx; app/f/drawing-set/owner/page.tsx; app/f/drawing-set/page.tsx; app/f/drawing-set/projects/[slug]/page.tsx; app/f/drawing-set/projects/page.tsx; app/f/drawing-set/resume/page.tsx; app/f/drawing-set/work/page.tsx; app/f/minimal/[...missing]/page.tsx; app/f/minimal/about/page.tsx; app/f/minimal/ask/[slug]/page.tsx; app/f/minimal/ask/page.tsx; app/f/minimal/ask/page/[page]/page.tsx; app/f/minimal/changelog/page.tsx; app/f/minimal/lab/[slug]/page.tsx; app/f/minimal/lab/page.tsx; app/f/minimal/now/page.tsx; app/f/minimal/owner/page.tsx; app/f/minimal/page.tsx; app/f/minimal/projects/[slug]/page.tsx; app/f/minimal/projects/page.tsx; app/f/minimal/resume/page.tsx; app/f/minimal/work/page.tsx; app/f/press/[...missing]/page.tsx; app/f/press/about/page.tsx; app/f/press/ask/[slug]/page.tsx; app/f/press/ask/page.tsx; app/f/press/ask/page/[page]/page.tsx; app/f/press/changelog/page.tsx; app/f/press/lab/[slug]/page.tsx; app/f/press/lab/page.tsx; app/f/press/now/page.tsx; app/f/press/owner/page.tsx; app/f/press/page.tsx; app/f/press/projects/[slug]/page.tsx; app/f/press/projects/page.tsx; app/f/press/resume/page.tsx; app/f/press/work/page.tsx; app/f/surface/[...missing]/page.tsx; app/f/surface/about/page.tsx; app/f/surface/ask/[slug]/page.tsx; app/f/surface/ask/page.tsx; app/f/surface/ask/page/[page]/page.tsx; app/f/surface/changelog/page.tsx; app/f/surface/lab/[slug]/page.tsx; app/f/surface/lab/page.tsx; app/f/surface/now/page.tsx; app/f/surface/owner/page.tsx; app/f/surface/page.tsx; app/f/surface/projects/[slug]/page.tsx; app/f/surface/projects/page.tsx; app/f/surface/resume/page.tsx; app/f/surface/work/page.tsx; app/f/survey/[...missing]/page.tsx; app/f/survey/about/page.tsx; app/f/survey/ask/[slug]/page.tsx; app/f/survey/ask/page.tsx; app/f/survey/ask/page/[page]/page.tsx; app/f/survey/changelog/page.tsx; app/f/survey/lab/[slug]/page.tsx; app/f/survey/lab/page.tsx; app/f/survey/now/page.tsx; app/f/survey/owner/page.tsx; app/f/survey/page.tsx; app/f/survey/projects/[slug]/page.tsx; app/f/survey/projects/page.tsx; app/f/survey/resume/page.tsx; app/f/survey/work/page.tsx; app/f/timetable/[...missing]/page.tsx; app/f/timetable/about/page.tsx; app/f/timetable/ask/[slug]/page.tsx; app/f/timetable/ask/page.tsx; app/f/timetable/ask/page/[page]/page.tsx; app/f/timetable/changelog/page.tsx; app/f/timetable/lab/[slug]/page.tsx; app/f/timetable/lab/page.tsx; app/f/timetable/now/page.tsx; app/f/timetable/owner/page.tsx; app/f/timetable/projects/[slug]/page.tsx; app/f/timetable/projects/page.tsx; app/f/timetable/resume/page.tsx; app/f/timetable/work/page.tsx; flavors/drawing-set/components/site/page.tsx; flavors/press/components/site/page.tsx; flavors/surface/components/site/page.tsx; flavors/survey/components/site/page.tsx; flavors/timetable/components/site/page.tsx	
app/f/timetable/projects/[slug]/page.tsx	route:projects/[slug]	app/f/drawing-set/projects/[slug]/page.tsx; app/f/minimal/projects/[slug]/page.tsx; app/f/press/projects/[slug]/page.tsx; app/f/surface/projects/[slug]/page.tsx; app/f/survey/projects/[slug]/page.tsx	app/f/drawing-set/[...missing]/page.tsx; app/f/drawing-set/about/page.tsx; app/f/drawing-set/ask/[slug]/page.tsx; app/f/drawing-set/ask/page.tsx; app/f/drawing-set/ask/page/[page]/page.tsx; app/f/drawing-set/changelog/page.tsx; app/f/drawing-set/lab/[slug]/page.tsx; app/f/drawing-set/lab/page.tsx; app/f/drawing-set/now/page.tsx; app/f/drawing-set/owner/page.tsx; app/f/drawing-set/page.tsx; app/f/drawing-set/projects/[slug]/page.tsx; app/f/drawing-set/projects/page.tsx; app/f/drawing-set/resume/page.tsx; app/f/drawing-set/work/page.tsx; app/f/minimal/[...missing]/page.tsx; app/f/minimal/about/page.tsx; app/f/minimal/ask/[slug]/page.tsx; app/f/minimal/ask/page.tsx; app/f/minimal/ask/page/[page]/page.tsx; app/f/minimal/changelog/page.tsx; app/f/minimal/lab/[slug]/page.tsx; app/f/minimal/lab/page.tsx; app/f/minimal/now/page.tsx; app/f/minimal/owner/page.tsx; app/f/minimal/page.tsx; app/f/minimal/projects/[slug]/page.tsx; app/f/minimal/projects/page.tsx; app/f/minimal/resume/page.tsx; app/f/minimal/work/page.tsx; app/f/press/[...missing]/page.tsx; app/f/press/about/page.tsx; app/f/press/ask/[slug]/page.tsx; app/f/press/ask/page.tsx; app/f/press/ask/page/[page]/page.tsx; app/f/press/changelog/page.tsx; app/f/press/lab/[slug]/page.tsx; app/f/press/lab/page.tsx; app/f/press/now/page.tsx; app/f/press/owner/page.tsx; app/f/press/page.tsx; app/f/press/projects/[slug]/page.tsx; app/f/press/projects/page.tsx; app/f/press/resume/page.tsx; app/f/press/work/page.tsx; app/f/surface/[...missing]/page.tsx; app/f/surface/about/page.tsx; app/f/surface/ask/[slug]/page.tsx; app/f/surface/ask/page.tsx; app/f/surface/ask/page/[page]/page.tsx; app/f/surface/changelog/page.tsx; app/f/surface/lab/[slug]/page.tsx; app/f/surface/lab/page.tsx; app/f/surface/now/page.tsx; app/f/surface/owner/page.tsx; app/f/surface/page.tsx; app/f/surface/projects/[slug]/page.tsx; app/f/surface/projects/page.tsx; app/f/surface/resume/page.tsx; app/f/surface/work/page.tsx; app/f/survey/[...missing]/page.tsx; app/f/survey/about/page.tsx; app/f/survey/ask/[slug]/page.tsx; app/f/survey/ask/page.tsx; app/f/survey/ask/page/[page]/page.tsx; app/f/survey/changelog/page.tsx; app/f/survey/lab/[slug]/page.tsx; app/f/survey/lab/page.tsx; app/f/survey/now/page.tsx; app/f/survey/owner/page.tsx; app/f/survey/page.tsx; app/f/survey/projects/[slug]/page.tsx; app/f/survey/projects/page.tsx; app/f/survey/resume/page.tsx; app/f/survey/work/page.tsx; app/f/timetable/[...missing]/page.tsx; app/f/timetable/about/page.tsx; app/f/timetable/ask/[slug]/page.tsx; app/f/timetable/ask/page.tsx; app/f/timetable/ask/page/[page]/page.tsx; app/f/timetable/changelog/page.tsx; app/f/timetable/lab/[slug]/page.tsx; app/f/timetable/lab/page.tsx; app/f/timetable/now/page.tsx; app/f/timetable/owner/page.tsx; app/f/timetable/page.tsx; app/f/timetable/projects/page.tsx; app/f/timetable/resume/page.tsx; app/f/timetable/work/page.tsx; flavors/drawing-set/components/site/page.tsx; flavors/press/components/site/page.tsx; flavors/surface/components/site/page.tsx; flavors/survey/components/site/page.tsx; flavors/timetable/components/site/page.tsx	
app/f/timetable/projects/page.tsx	route:projects	app/f/drawing-set/projects/page.tsx; app/f/minimal/projects/page.tsx; app/f/press/projects/page.tsx; app/f/surface/projects/page.tsx; app/f/survey/projects/page.tsx	app/f/drawing-set/[...missing]/page.tsx; app/f/drawing-set/about/page.tsx; app/f/drawing-set/ask/[slug]/page.tsx; app/f/drawing-set/ask/page.tsx; app/f/drawing-set/ask/page/[page]/page.tsx; app/f/drawing-set/changelog/page.tsx; app/f/drawing-set/lab/[slug]/page.tsx; app/f/drawing-set/lab/page.tsx; app/f/drawing-set/now/page.tsx; app/f/drawing-set/owner/page.tsx; app/f/drawing-set/page.tsx; app/f/drawing-set/projects/[slug]/page.tsx; app/f/drawing-set/projects/page.tsx; app/f/drawing-set/resume/page.tsx; app/f/drawing-set/work/page.tsx; app/f/minimal/[...missing]/page.tsx; app/f/minimal/about/page.tsx; app/f/minimal/ask/[slug]/page.tsx; app/f/minimal/ask/page.tsx; app/f/minimal/ask/page/[page]/page.tsx; app/f/minimal/changelog/page.tsx; app/f/minimal/lab/[slug]/page.tsx; app/f/minimal/lab/page.tsx; app/f/minimal/now/page.tsx; app/f/minimal/owner/page.tsx; app/f/minimal/page.tsx; app/f/minimal/projects/[slug]/page.tsx; app/f/minimal/projects/page.tsx; app/f/minimal/resume/page.tsx; app/f/minimal/work/page.tsx; app/f/press/[...missing]/page.tsx; app/f/press/about/page.tsx; app/f/press/ask/[slug]/page.tsx; app/f/press/ask/page.tsx; app/f/press/ask/page/[page]/page.tsx; app/f/press/changelog/page.tsx; app/f/press/lab/[slug]/page.tsx; app/f/press/lab/page.tsx; app/f/press/now/page.tsx; app/f/press/owner/page.tsx; app/f/press/page.tsx; app/f/press/projects/[slug]/page.tsx; app/f/press/projects/page.tsx; app/f/press/resume/page.tsx; app/f/press/work/page.tsx; app/f/surface/[...missing]/page.tsx; app/f/surface/about/page.tsx; app/f/surface/ask/[slug]/page.tsx; app/f/surface/ask/page.tsx; app/f/surface/ask/page/[page]/page.tsx; app/f/surface/changelog/page.tsx; app/f/surface/lab/[slug]/page.tsx; app/f/surface/lab/page.tsx; app/f/surface/now/page.tsx; app/f/surface/owner/page.tsx; app/f/surface/page.tsx; app/f/surface/projects/[slug]/page.tsx; app/f/surface/projects/page.tsx; app/f/surface/resume/page.tsx; app/f/surface/work/page.tsx; app/f/survey/[...missing]/page.tsx; app/f/survey/about/page.tsx; app/f/survey/ask/[slug]/page.tsx; app/f/survey/ask/page.tsx; app/f/survey/ask/page/[page]/page.tsx; app/f/survey/changelog/page.tsx; app/f/survey/lab/[slug]/page.tsx; app/f/survey/lab/page.tsx; app/f/survey/now/page.tsx; app/f/survey/owner/page.tsx; app/f/survey/page.tsx; app/f/survey/projects/[slug]/page.tsx; app/f/survey/projects/page.tsx; app/f/survey/resume/page.tsx; app/f/survey/work/page.tsx; app/f/timetable/[...missing]/page.tsx; app/f/timetable/about/page.tsx; app/f/timetable/ask/[slug]/page.tsx; app/f/timetable/ask/page.tsx; app/f/timetable/ask/page/[page]/page.tsx; app/f/timetable/changelog/page.tsx; app/f/timetable/lab/[slug]/page.tsx; app/f/timetable/lab/page.tsx; app/f/timetable/now/page.tsx; app/f/timetable/owner/page.tsx; app/f/timetable/page.tsx; app/f/timetable/projects/[slug]/page.tsx; app/f/timetable/resume/page.tsx; app/f/timetable/work/page.tsx; flavors/drawing-set/components/site/page.tsx; flavors/press/components/site/page.tsx; flavors/surface/components/site/page.tsx; flavors/survey/components/site/page.tsx; flavors/timetable/components/site/page.tsx	
app/f/timetable/resume/page.tsx	route:resume	app/f/drawing-set/resume/page.tsx; app/f/minimal/resume/page.tsx; app/f/press/resume/page.tsx; app/f/surface/resume/page.tsx; app/f/survey/resume/page.tsx	app/f/drawing-set/[...missing]/page.tsx; app/f/drawing-set/about/page.tsx; app/f/drawing-set/ask/[slug]/page.tsx; app/f/drawing-set/ask/page.tsx; app/f/drawing-set/ask/page/[page]/page.tsx; app/f/drawing-set/changelog/page.tsx; app/f/drawing-set/lab/[slug]/page.tsx; app/f/drawing-set/lab/page.tsx; app/f/drawing-set/now/page.tsx; app/f/drawing-set/owner/page.tsx; app/f/drawing-set/page.tsx; app/f/drawing-set/projects/[slug]/page.tsx; app/f/drawing-set/projects/page.tsx; app/f/drawing-set/resume/page.tsx; app/f/drawing-set/work/page.tsx; app/f/minimal/[...missing]/page.tsx; app/f/minimal/about/page.tsx; app/f/minimal/ask/[slug]/page.tsx; app/f/minimal/ask/page.tsx; app/f/minimal/ask/page/[page]/page.tsx; app/f/minimal/changelog/page.tsx; app/f/minimal/lab/[slug]/page.tsx; app/f/minimal/lab/page.tsx; app/f/minimal/now/page.tsx; app/f/minimal/owner/page.tsx; app/f/minimal/page.tsx; app/f/minimal/projects/[slug]/page.tsx; app/f/minimal/projects/page.tsx; app/f/minimal/resume/page.tsx; app/f/minimal/work/page.tsx; app/f/press/[...missing]/page.tsx; app/f/press/about/page.tsx; app/f/press/ask/[slug]/page.tsx; app/f/press/ask/page.tsx; app/f/press/ask/page/[page]/page.tsx; app/f/press/changelog/page.tsx; app/f/press/lab/[slug]/page.tsx; app/f/press/lab/page.tsx; app/f/press/now/page.tsx; app/f/press/owner/page.tsx; app/f/press/page.tsx; app/f/press/projects/[slug]/page.tsx; app/f/press/projects/page.tsx; app/f/press/resume/page.tsx; app/f/press/work/page.tsx; app/f/surface/[...missing]/page.tsx; app/f/surface/about/page.tsx; app/f/surface/ask/[slug]/page.tsx; app/f/surface/ask/page.tsx; app/f/surface/ask/page/[page]/page.tsx; app/f/surface/changelog/page.tsx; app/f/surface/lab/[slug]/page.tsx; app/f/surface/lab/page.tsx; app/f/surface/now/page.tsx; app/f/surface/owner/page.tsx; app/f/surface/page.tsx; app/f/surface/projects/[slug]/page.tsx; app/f/surface/projects/page.tsx; app/f/surface/resume/page.tsx; app/f/surface/work/page.tsx; app/f/survey/[...missing]/page.tsx; app/f/survey/about/page.tsx; app/f/survey/ask/[slug]/page.tsx; app/f/survey/ask/page.tsx; app/f/survey/ask/page/[page]/page.tsx; app/f/survey/changelog/page.tsx; app/f/survey/lab/[slug]/page.tsx; app/f/survey/lab/page.tsx; app/f/survey/now/page.tsx; app/f/survey/owner/page.tsx; app/f/survey/page.tsx; app/f/survey/projects/[slug]/page.tsx; app/f/survey/projects/page.tsx; app/f/survey/resume/page.tsx; app/f/survey/work/page.tsx; app/f/timetable/[...missing]/page.tsx; app/f/timetable/about/page.tsx; app/f/timetable/ask/[slug]/page.tsx; app/f/timetable/ask/page.tsx; app/f/timetable/ask/page/[page]/page.tsx; app/f/timetable/changelog/page.tsx; app/f/timetable/lab/[slug]/page.tsx; app/f/timetable/lab/page.tsx; app/f/timetable/now/page.tsx; app/f/timetable/owner/page.tsx; app/f/timetable/page.tsx; app/f/timetable/projects/[slug]/page.tsx; app/f/timetable/projects/page.tsx; app/f/timetable/work/page.tsx; flavors/drawing-set/components/site/page.tsx; flavors/press/components/site/page.tsx; flavors/surface/components/site/page.tsx; flavors/survey/components/site/page.tsx; flavors/timetable/components/site/page.tsx	
app/f/timetable/work/page.tsx	route:work	app/f/drawing-set/work/page.tsx; app/f/minimal/work/page.tsx; app/f/press/work/page.tsx; app/f/surface/work/page.tsx; app/f/survey/work/page.tsx	app/f/drawing-set/[...missing]/page.tsx; app/f/drawing-set/about/page.tsx; app/f/drawing-set/ask/[slug]/page.tsx; app/f/drawing-set/ask/page.tsx; app/f/drawing-set/ask/page/[page]/page.tsx; app/f/drawing-set/changelog/page.tsx; app/f/drawing-set/lab/[slug]/page.tsx; app/f/drawing-set/lab/page.tsx; app/f/drawing-set/now/page.tsx; app/f/drawing-set/owner/page.tsx; app/f/drawing-set/page.tsx; app/f/drawing-set/projects/[slug]/page.tsx; app/f/drawing-set/projects/page.tsx; app/f/drawing-set/resume/page.tsx; app/f/drawing-set/work/page.tsx; app/f/minimal/[...missing]/page.tsx; app/f/minimal/about/page.tsx; app/f/minimal/ask/[slug]/page.tsx; app/f/minimal/ask/page.tsx; app/f/minimal/ask/page/[page]/page.tsx; app/f/minimal/changelog/page.tsx; app/f/minimal/lab/[slug]/page.tsx; app/f/minimal/lab/page.tsx; app/f/minimal/now/page.tsx; app/f/minimal/owner/page.tsx; app/f/minimal/page.tsx; app/f/minimal/projects/[slug]/page.tsx; app/f/minimal/projects/page.tsx; app/f/minimal/resume/page.tsx; app/f/minimal/work/page.tsx; app/f/press/[...missing]/page.tsx; app/f/press/about/page.tsx; app/f/press/ask/[slug]/page.tsx; app/f/press/ask/page.tsx; app/f/press/ask/page/[page]/page.tsx; app/f/press/changelog/page.tsx; app/f/press/lab/[slug]/page.tsx; app/f/press/lab/page.tsx; app/f/press/now/page.tsx; app/f/press/owner/page.tsx; app/f/press/page.tsx; app/f/press/projects/[slug]/page.tsx; app/f/press/projects/page.tsx; app/f/press/resume/page.tsx; app/f/press/work/page.tsx; app/f/surface/[...missing]/page.tsx; app/f/surface/about/page.tsx; app/f/surface/ask/[slug]/page.tsx; app/f/surface/ask/page.tsx; app/f/surface/ask/page/[page]/page.tsx; app/f/surface/changelog/page.tsx; app/f/surface/lab/[slug]/page.tsx; app/f/surface/lab/page.tsx; app/f/surface/now/page.tsx; app/f/surface/owner/page.tsx; app/f/surface/page.tsx; app/f/surface/projects/[slug]/page.tsx; app/f/surface/projects/page.tsx; app/f/surface/resume/page.tsx; app/f/surface/work/page.tsx; app/f/survey/[...missing]/page.tsx; app/f/survey/about/page.tsx; app/f/survey/ask/[slug]/page.tsx; app/f/survey/ask/page.tsx; app/f/survey/ask/page/[page]/page.tsx; app/f/survey/changelog/page.tsx; app/f/survey/lab/[slug]/page.tsx; app/f/survey/lab/page.tsx; app/f/survey/now/page.tsx; app/f/survey/owner/page.tsx; app/f/survey/page.tsx; app/f/survey/projects/[slug]/page.tsx; app/f/survey/projects/page.tsx; app/f/survey/resume/page.tsx; app/f/survey/work/page.tsx; app/f/timetable/[...missing]/page.tsx; app/f/timetable/about/page.tsx; app/f/timetable/ask/[slug]/page.tsx; app/f/timetable/ask/page.tsx; app/f/timetable/ask/page/[page]/page.tsx; app/f/timetable/changelog/page.tsx; app/f/timetable/lab/[slug]/page.tsx; app/f/timetable/lab/page.tsx; app/f/timetable/now/page.tsx; app/f/timetable/owner/page.tsx; app/f/timetable/page.tsx; app/f/timetable/projects/[slug]/page.tsx; app/f/timetable/projects/page.tsx; app/f/timetable/resume/page.tsx; flavors/drawing-set/components/site/page.tsx; flavors/press/components/site/page.tsx; flavors/surface/components/site/page.tsx; flavors/survey/components/site/page.tsx; flavors/timetable/components/site/page.tsx	
components/semantic/ask/__tests__/owner-actions.test.ts	semantic:ask/__tests__			
components/semantic/ask/__tests__/pending-messages.test.ts	semantic:ask/__tests__			
components/semantic/ask/__tests__/use-composer.test.ts	semantic:ask/__tests__			
components/semantic/ask/__tests__/use-moderation.test.ts	semantic:ask/__tests__			
components/semantic/ask/owner-provider.tsx	semantic:ask/owner-provider.tsx			
components/semantic/ask/pending-messages.ts	semantic:ask/pending-messages.ts			
components/semantic/ask/use-composer.ts	semantic:ask/use-composer.ts			
components/semantic/ask/use-message-moderation.ts	semantic:ask/use-message-moderation.ts			
components/semantic/ask/use-moderation.ts	semantic:ask/use-moderation.ts			
components/semantic/ask/use-owner-sign-in.ts	semantic:ask/use-owner-sign-in.ts			
components/semantic/ask/use-thread-reply.ts	semantic:ask/use-thread-reply.ts			
components/semantic/click-sound.tsx	semantic:click-sound.tsx			
components/semantic/command/__tests__/use-command-data.test.tsx	semantic:command/__tests__			
components/semantic/command/__tests__/use-command-menu.test.tsx	semantic:command/__tests__			
components/semantic/command/__tests__/use-command-shortcuts.test.tsx	semantic:command/__tests__			
components/semantic/command/use-command-data.ts	semantic:command/use-command-data.ts			
components/semantic/command/use-command-dialog.ts	semantic:command/use-command-dialog.ts			
components/semantic/command/use-command-menu.ts	semantic:command/use-command-menu.ts			
components/semantic/command/use-command-shortcuts.ts	semantic:command/use-command-shortcuts.ts			
components/semantic/copy-email/__tests__/use-copy-email.test.ts	semantic:copy-email/__tests__			
components/semantic/copy-email/use-copy-email.ts	semantic:copy-email/use-copy-email.ts			
components/semantic/disclosure/use-hash-open.ts	semantic:disclosure/use-hash-open.ts			
components/semantic/filter/use-row-filter.ts	semantic:filter/use-row-filter.ts			
components/semantic/interaction/__tests__/cursor-portal.test.tsx	semantic:interaction/__tests__			
components/semantic/interaction/__tests__/fixed-containing-block.test.ts	semantic:interaction/__tests__			
components/semantic/interaction/__tests__/tilt-surface-css.test.ts	semantic:interaction/__tests__			
components/semantic/interaction/__tests__/tilt-surface.test.ts	semantic:interaction/__tests__			
components/semantic/interaction/cursor-follow.ts	semantic:interaction/cursor-follow.ts			
components/semantic/interaction/cursor-portal.tsx	semantic:interaction/cursor-portal.tsx			
components/semantic/interaction/fixed-containing-block.ts	semantic:interaction/fixed-containing-block.ts			
components/semantic/interaction/tilt-surface.ts	semantic:interaction/tilt-surface.ts			
components/semantic/interaction/use-pointer-effects.ts	semantic:interaction/use-pointer-effects.ts			
components/semantic/interaction/use-pointer-tracking.ts	semantic:interaction/use-pointer-tracking.ts			
components/semantic/lab/canvas-stage.tsx	semantic:lab/canvas-stage.tsx			
components/semantic/lab/signature-field-scene.tsx	semantic:lab/signature-field-scene.tsx			
components/semantic/link-preview/use-link-preview.ts	semantic:link-preview/use-link-preview.ts			
components/semantic/motion/smooth-scroll.tsx	semantic:motion/smooth-scroll.tsx		flavors/minimal/components/interaction/smooth-scroll.tsx	
components/semantic/motion/use-reveal.ts	semantic:motion/use-reveal.ts			
components/semantic/motion/use-split-reveal.ts	semantic:motion/use-split-reveal.ts			
components/semantic/prefs/__tests__/color-scheme.test.ts	semantic:prefs/__tests__			
components/semantic/prefs/color-scheme.css	semantic:prefs/color-scheme.css			
components/semantic/prefs/pre-paint-script.tsx	semantic:prefs/pre-paint-script.tsx			
components/semantic/prefs/server-html.ts	semantic:prefs/server-html.ts			
components/semantic/prefs/use-prefs-sync.ts	semantic:prefs/use-prefs-sync.ts			
components/semantic/scene/scene-monitor.tsx	semantic:scene/scene-monitor.tsx			
components/semantic/scene/use-scene-mount.ts	semantic:scene/use-scene-mount.ts			
components/semantic/use-idle-ready.ts	semantic:use-idle-ready.ts			
components/semantic/use-media-query.ts	semantic:use-media-query.ts			
components/semantic/use-root-data.ts	semantic:use-root-data.ts			
components/semantic/visitor-count/animated-count.tsx	semantic:visitor-count/animated-count.tsx		flavors/minimal/components/visitor-counter/animated-count.tsx	
components/semantic/visitor-count/use-visitor-count.ts	semantic:visitor-count/use-visitor-count.ts			
flavors/drawing-set/components/about/bio.tsx	edition:components/about			
flavors/drawing-set/components/about/contact-block.tsx	edition:components/about			
flavors/drawing-set/components/about/education-volume.tsx	edition:components/about			
flavors/drawing-set/components/about/skills-case.tsx	edition:components/about			
flavors/drawing-set/components/ask/answered-stamp.tsx	edition:components/ask			
flavors/drawing-set/components/ask/ask-pagination.tsx	edition:components/ask	flavors/minimal/components/ask/ask-pagination.tsx; flavors/surface/components/ask/ask-pagination.tsx; flavors/survey/components/ask/ask-pagination.tsx; flavors/timetable/components/ask/ask-pagination.tsx	flavors/minimal/components/ask/ask-pagination.tsx; flavors/surface/components/ask/ask-pagination.tsx; flavors/survey/components/ask/ask-pagination.tsx; flavors/timetable/components/ask/ask-pagination.tsx	
flavors/drawing-set/components/ask/chat-bubble.tsx	edition:components/ask	flavors/minimal/components/ask/chat-bubble.tsx; flavors/surface/components/ask/chat-bubble.tsx; flavors/survey/components/ask/chat-bubble.tsx; flavors/timetable/components/ask/chat-bubble.tsx	flavors/minimal/components/ask/chat-bubble.tsx; flavors/surface/components/ask/chat-bubble.tsx; flavors/survey/components/ask/chat-bubble.tsx; flavors/timetable/components/ask/chat-bubble.tsx	
flavors/drawing-set/components/ask/chat-composer.tsx	edition:components/ask	flavors/minimal/components/ask/chat-composer.tsx; flavors/surface/components/ask/chat-composer.tsx; flavors/survey/components/ask/chat-composer.tsx; flavors/timetable/components/ask/chat-composer.tsx	flavors/minimal/components/ask/chat-composer.tsx; flavors/surface/components/ask/chat-composer.tsx; flavors/survey/components/ask/chat-composer.tsx; flavors/timetable/components/ask/chat-composer.tsx	
flavors/drawing-set/components/ask/chat-feed.tsx	edition:components/ask	flavors/minimal/components/ask/chat-feed.tsx; flavors/surface/components/ask/chat-feed.tsx; flavors/survey/components/ask/chat-feed.tsx; flavors/timetable/components/ask/chat-feed.tsx	flavors/minimal/components/ask/chat-feed.tsx; flavors/surface/components/ask/chat-feed.tsx; flavors/survey/components/ask/chat-feed.tsx; flavors/timetable/components/ask/chat-feed.tsx	
flavors/drawing-set/components/ask/chat-thread.tsx	edition:components/ask	flavors/minimal/components/ask/chat-thread.tsx; flavors/surface/components/ask/chat-thread.tsx; flavors/survey/components/ask/chat-thread.tsx; flavors/timetable/components/ask/chat-thread.tsx	flavors/minimal/components/ask/chat-thread.tsx; flavors/surface/components/ask/chat-thread.tsx; flavors/survey/components/ask/chat-thread.tsx; flavors/timetable/components/ask/chat-thread.tsx	
flavors/drawing-set/components/ask/message-body.tsx	edition:components/ask	flavors/minimal/components/ask/message-body.tsx; flavors/press/components/ask/message-body.tsx; flavors/surface/components/ask/message-body.tsx; flavors/survey/components/ask/message-body.tsx; flavors/timetable/components/ask/message-body.tsx	flavors/minimal/components/ask/message-body.tsx; flavors/press/components/ask/message-body.tsx; flavors/surface/components/ask/message-body.tsx; flavors/survey/components/ask/message-body.tsx; flavors/timetable/components/ask/message-body.tsx	
flavors/drawing-set/components/ask/message-menu.tsx	edition:components/ask	flavors/minimal/components/ask/message-menu.tsx; flavors/press/components/ask/message-menu.tsx; flavors/surface/components/ask/message-menu.tsx; flavors/survey/components/ask/message-menu.tsx; flavors/timetable/components/ask/message-menu.tsx	flavors/minimal/components/ask/message-menu.tsx; flavors/press/components/ask/message-menu.tsx; flavors/surface/components/ask/message-menu.tsx; flavors/survey/components/ask/message-menu.tsx; flavors/timetable/components/ask/message-menu.tsx	
flavors/drawing-set/components/ask/moderation-strip.tsx	edition:components/ask	flavors/minimal/components/ask/moderation-strip.tsx; flavors/press/components/ask/moderation-strip.tsx; flavors/surface/components/ask/moderation-strip.tsx; flavors/survey/components/ask/moderation-strip.tsx; flavors/timetable/components/ask/moderation-strip.tsx	flavors/minimal/components/ask/moderation-strip.tsx; flavors/press/components/ask/moderation-strip.tsx; flavors/surface/components/ask/moderation-strip.tsx; flavors/survey/components/ask/moderation-strip.tsx; flavors/timetable/components/ask/moderation-strip.tsx	
flavors/drawing-set/components/ask/owner-sign-in.tsx	edition:components/ask	flavors/minimal/components/ask/owner-sign-in.tsx; flavors/press/components/ask/owner-sign-in.tsx; flavors/surface/components/ask/owner-sign-in.tsx; flavors/survey/components/ask/owner-sign-in.tsx; flavors/timetable/components/ask/owner-sign-in.tsx	flavors/minimal/components/ask/owner-sign-in.tsx; flavors/press/components/ask/owner-sign-in.tsx; flavors/surface/components/ask/owner-sign-in.tsx; flavors/survey/components/ask/owner-sign-in.tsx; flavors/timetable/components/ask/owner-sign-in.tsx	
flavors/drawing-set/components/ask/pending-echo.tsx	edition:components/ask	flavors/minimal/components/ask/pending-echo.tsx; flavors/surface/components/ask/pending-echo.tsx; flavors/survey/components/ask/pending-echo.tsx; flavors/timetable/components/ask/pending-echo.tsx	flavors/minimal/components/ask/pending-echo.tsx; flavors/surface/components/ask/pending-echo.tsx; flavors/survey/components/ask/pending-echo.tsx; flavors/timetable/components/ask/pending-echo.tsx	
flavors/drawing-set/components/ask/rfi-number.ts	edition:components/ask			
flavors/drawing-set/components/ask/thread-line.ts	edition:components/ask	flavors/minimal/components/ask/thread-line.ts; flavors/surface/components/ask/thread-line.ts; flavors/survey/components/ask/thread-line.ts; flavors/timetable/components/ask/thread-line.ts	flavors/minimal/components/ask/thread-line.ts; flavors/surface/components/ask/thread-line.ts; flavors/survey/components/ask/thread-line.ts; flavors/timetable/components/ask/thread-line.ts	
flavors/drawing-set/components/ask/thread-reply.tsx	edition:components/ask	flavors/minimal/components/ask/thread-reply.tsx; flavors/press/components/ask/thread-reply.tsx; flavors/surface/components/ask/thread-reply.tsx; flavors/survey/components/ask/thread-reply.tsx; flavors/timetable/components/ask/thread-reply.tsx	flavors/minimal/components/ask/thread-reply.tsx; flavors/press/components/ask/thread-reply.tsx; flavors/surface/components/ask/thread-reply.tsx; flavors/survey/components/ask/thread-reply.tsx; flavors/timetable/components/ask/thread-reply.tsx	
flavors/drawing-set/components/command/__tests__/items.test.ts	edition:components/command	flavors/minimal/components/command/__tests__/items.test.ts; flavors/surface/components/command/__tests__/items.test.ts; flavors/timetable/components/command/__tests__/items.test.ts	flavors/minimal/components/command/__tests__/items.test.ts; flavors/surface/components/command/__tests__/items.test.ts; flavors/timetable/components/command/__tests__/items.test.ts; lib/command/__tests__/items.test.ts	
flavors/drawing-set/components/command/__tests__/shortcuts.test.ts	edition:components/command	flavors/minimal/components/command/__tests__/shortcuts.test.ts; flavors/press/components/command/__tests__/shortcuts.test.ts; flavors/surface/components/command/__tests__/shortcuts.test.ts; flavors/timetable/components/command/__tests__/shortcuts.test.ts	flavors/minimal/components/command/__tests__/shortcuts.test.ts; flavors/press/components/command/__tests__/shortcuts.test.ts; flavors/surface/components/command/__tests__/shortcuts.test.ts; flavors/timetable/components/command/__tests__/shortcuts.test.ts; lib/command/__tests__/shortcuts.test.ts	flavors/surface/components/command/__tests__/shortcuts.test.ts
flavors/drawing-set/components/command/command-dialog.tsx	edition:components/command	flavors/minimal/components/command/command-dialog.tsx; flavors/press/components/command/command-dialog.tsx; flavors/surface/components/command/command-dialog.tsx; flavors/survey/components/command/command-dialog.tsx; flavors/timetable/components/command/command-dialog.tsx	flavors/minimal/components/command/command-dialog.tsx; flavors/press/components/command/command-dialog.tsx; flavors/surface/components/command/command-dialog.tsx; flavors/survey/components/command/command-dialog.tsx; flavors/timetable/components/command/command-dialog.tsx	
flavors/drawing-set/components/command/command-menu.tsx	edition:components/command	flavors/minimal/components/command/command-menu.tsx; flavors/press/components/command/command-menu.tsx; flavors/surface/components/command/command-menu.tsx; flavors/survey/components/command/command-menu.tsx; flavors/timetable/components/command/command-menu.tsx	flavors/minimal/components/command/command-menu.tsx; flavors/press/components/command/command-menu.tsx; flavors/surface/components/command/command-menu.tsx; flavors/survey/components/command/command-menu.tsx; flavors/timetable/components/command/command-menu.tsx	flavors/minimal/components/command/command-menu.tsx; flavors/surface/components/command/command-menu.tsx; flavors/survey/components/command/command-menu.tsx; flavors/timetable/components/command/command-menu.tsx
flavors/drawing-set/components/command/command-row.tsx	edition:components/command	flavors/minimal/components/command/command-row.tsx; flavors/press/components/command/command-row.tsx; flavors/surface/components/command/command-row.tsx; flavors/survey/components/command/command-row.tsx; flavors/timetable/components/command/command-row.tsx	flavors/minimal/components/command/command-row.tsx; flavors/press/components/command/command-row.tsx; flavors/surface/components/command/command-row.tsx; flavors/survey/components/command/command-row.tsx; flavors/timetable/components/command/command-row.tsx	
flavors/drawing-set/components/command/command-trigger.tsx	edition:components/command	flavors/minimal/components/command/command-trigger.tsx; flavors/press/components/command/command-trigger.tsx; flavors/surface/components/command/command-trigger.tsx; flavors/survey/components/command/command-trigger.tsx; flavors/timetable/components/command/command-trigger.tsx	flavors/minimal/components/command/command-trigger.tsx; flavors/press/components/command/command-trigger.tsx; flavors/surface/components/command/command-trigger.tsx; flavors/survey/components/command/command-trigger.tsx; flavors/timetable/components/command/command-trigger.tsx	
flavors/drawing-set/components/command/index.ts	edition:components/command	flavors/press/components/command/index.ts; flavors/survey/components/command/index.ts; flavors/timetable/components/command/index.ts	flavors/drawing-set/components/customize/index.ts; flavors/drawing-set/components/link-preview/index.ts; flavors/drawing-set/components/site/index.ts; flavors/drawing-set/components/ui/index.ts; flavors/drawing-set/components/visitor-counter/index.ts; flavors/press/components/command/index.ts; flavors/press/components/customize/index.ts; flavors/survey/components/command/index.ts; flavors/survey/components/customize/index.ts; flavors/survey/components/link-preview/index.ts; flavors/survey/components/site/index.ts; flavors/survey/components/visitor-counter/index.ts; flavors/timetable/components/command/index.ts; flavors/timetable/components/customize/index.ts; flavors/timetable/components/link-preview/index.ts; flavors/timetable/components/site/index.ts; flavors/timetable/components/ui/index.ts; flavors/timetable/components/visitor-counter/index.ts; lib/data/index.ts; lib/markdown/index.ts	flavors/survey/components/command/index.ts; flavors/timetable/components/command/index.ts
flavors/drawing-set/components/command/items.ts	edition:components/command	flavors/minimal/components/command/items.ts; flavors/surface/components/command/items.ts; flavors/survey/components/command/items.ts; flavors/timetable/components/command/items.ts	flavors/minimal/components/command/items.ts; flavors/surface/components/command/items.ts; flavors/survey/components/command/items.ts; flavors/timetable/components/command/items.ts; lib/command/items.ts	
flavors/drawing-set/components/command/shortcuts.ts	edition:components/command	flavors/minimal/components/command/shortcuts.ts; flavors/press/components/command/shortcuts.ts; flavors/surface/components/command/shortcuts.ts; flavors/survey/components/command/shortcuts.ts; flavors/timetable/components/command/shortcuts.ts	flavors/minimal/components/command/shortcuts.ts; flavors/press/components/command/shortcuts.ts; flavors/surface/components/command/shortcuts.ts; flavors/survey/components/command/shortcuts.ts; flavors/timetable/components/command/shortcuts.ts; lib/command/shortcuts.ts	flavors/surface/components/command/shortcuts.ts
flavors/drawing-set/components/customize/accent-picker.tsx	edition:components/customize	flavors/minimal/components/customize/accent-picker.tsx	flavors/minimal/components/customize/accent-picker.tsx	
flavors/drawing-set/components/customize/control-row.tsx	edition:components/customize	flavors/minimal/components/customize/control-row.tsx; flavors/survey/components/customize/control-row.tsx; flavors/timetable/components/customize/control-row.tsx	flavors/minimal/components/customize/control-row.tsx; flavors/survey/components/customize/control-row.tsx; flavors/timetable/components/customize/control-row.tsx	
flavors/drawing-set/components/customize/customize-controls.tsx	edition:components/customize	flavors/minimal/components/customize/customize-controls.tsx; flavors/press/components/customize/customize-controls.tsx; flavors/survey/components/customize/customize-controls.tsx; flavors/timetable/components/customize/customize-controls.tsx	flavors/minimal/components/customize/customize-controls.tsx; flavors/press/components/customize/customize-controls.tsx; flavors/survey/components/customize/customize-controls.tsx; flavors/timetable/components/customize/customize-controls.tsx	
flavors/drawing-set/components/customize/customize-panel.tsx	edition:components/customize	flavors/minimal/components/customize/customize-panel.tsx; flavors/press/components/customize/customize-panel.tsx; flavors/survey/components/customize/customize-panel.tsx; flavors/timetable/components/customize/customize-panel.tsx	flavors/minimal/components/customize/customize-panel.tsx; flavors/press/components/customize/customize-panel.tsx; flavors/survey/components/customize/customize-panel.tsx; flavors/timetable/components/customize/customize-panel.tsx	
flavors/drawing-set/components/customize/customize-trigger.tsx	edition:components/customize	flavors/press/components/customize/customize-trigger.tsx; flavors/survey/components/customize/customize-trigger.tsx; flavors/timetable/components/customize/customize-trigger.tsx	flavors/press/components/customize/customize-trigger.tsx; flavors/survey/components/customize/customize-trigger.tsx; flavors/timetable/components/customize/customize-trigger.tsx	
flavors/drawing-set/components/customize/index.ts	edition:components/customize	flavors/press/components/customize/index.ts; flavors/survey/components/customize/index.ts; flavors/timetable/components/customize/index.ts	flavors/drawing-set/components/command/index.ts; flavors/drawing-set/components/link-preview/index.ts; flavors/drawing-set/components/site/index.ts; flavors/drawing-set/components/ui/index.ts; flavors/drawing-set/components/visitor-counter/index.ts; flavors/press/components/command/index.ts; flavors/press/components/customize/index.ts; flavors/survey/components/command/index.ts; flavors/survey/components/customize/index.ts; flavors/survey/components/link-preview/index.ts; flavors/survey/components/site/index.ts; flavors/survey/components/visitor-counter/index.ts; flavors/timetable/components/command/index.ts; flavors/timetable/components/customize/index.ts; flavors/timetable/components/link-preview/index.ts; flavors/timetable/components/site/index.ts; flavors/timetable/components/ui/index.ts; flavors/timetable/components/visitor-counter/index.ts; lib/data/index.ts; lib/markdown/index.ts	flavors/survey/components/customize/index.ts; flavors/timetable/components/customize/index.ts
flavors/drawing-set/components/home/current-revision.tsx	edition:components/home			
flavors/drawing-set/components/home/experience-summary.tsx	edition:components/home			
flavors/drawing-set/components/home/hero.tsx	edition:components/home	flavors/press/components/home/hero.tsx; flavors/surface/components/home/hero.tsx; flavors/survey/components/home/hero.tsx; flavors/timetable/components/home/hero.tsx	flavors/press/components/home/hero.tsx; flavors/surface/components/home/hero.tsx; flavors/survey/components/home/hero.tsx; flavors/timetable/components/home/hero.tsx	
flavors/drawing-set/components/home/selected-sheets.tsx	edition:components/home			
flavors/drawing-set/components/home/tenure-dimension.tsx	edition:components/home			
flavors/drawing-set/components/interaction/cursor.css	edition:components/interaction			
flavors/drawing-set/components/interaction/cursor.tsx	edition:components/interaction	flavors/minimal/components/interaction/cursor.tsx; flavors/press/components/interaction/cursor.tsx; flavors/surface/components/interaction/cursor.tsx; flavors/survey/components/interaction/cursor.tsx; flavors/timetable/components/interaction/cursor.tsx	flavors/minimal/components/interaction/cursor.tsx; flavors/press/components/interaction/cursor.tsx; flavors/surface/components/interaction/cursor.tsx; flavors/survey/components/interaction/cursor.tsx; flavors/timetable/components/interaction/cursor.tsx	
flavors/drawing-set/components/interaction/interaction-layer.tsx	edition:components/interaction	flavors/minimal/components/interaction/interaction-layer.tsx; flavors/press/components/interaction/interaction-layer.tsx; flavors/survey/components/interaction/interaction-layer.tsx; flavors/timetable/components/interaction/interaction-layer.tsx	flavors/minimal/components/interaction/interaction-layer.tsx; flavors/press/components/interaction/interaction-layer.tsx; flavors/survey/components/interaction/interaction-layer.tsx; flavors/timetable/components/interaction/interaction-layer.tsx	
flavors/drawing-set/components/lab/experiment-stage.tsx	edition:components/lab	flavors/minimal/components/lab/experiment-stage.tsx; flavors/press/components/lab/experiment-stage.tsx; flavors/surface/components/lab/experiment-stage.tsx; flavors/survey/components/lab/experiment-stage.tsx; flavors/timetable/components/lab/experiment-stage.tsx	flavors/minimal/components/lab/experiment-stage.tsx; flavors/press/components/lab/experiment-stage.tsx; flavors/surface/components/lab/experiment-stage.tsx; flavors/survey/components/lab/experiment-stage.tsx; flavors/timetable/components/lab/experiment-stage.tsx	
flavors/drawing-set/components/lab/experiments/signature-field/signature-field-fallback.tsx	edition:components/lab	flavors/minimal/components/lab/experiments/signature-field/signature-field-fallback.tsx; flavors/surface/components/lab/experiments/signature-field/signature-field-fallback.tsx; flavors/survey/components/lab/experiments/signature-field/signature-field-fallback.tsx; flavors/timetable/components/lab/experiments/signature-field/signature-field-fallback.tsx	flavors/minimal/components/lab/experiments/signature-field/signature-field-fallback.tsx; flavors/press/components/lab/signature-field-fallback.tsx; flavors/surface/components/lab/experiments/signature-field/signature-field-fallback.tsx; flavors/survey/components/lab/experiments/signature-field/signature-field-fallback.tsx; flavors/timetable/components/lab/experiments/signature-field/signature-field-fallback.tsx	
flavors/drawing-set/components/lab/experiments/signature-field/signature-field.tsx	edition:components/lab	flavors/minimal/components/lab/experiments/signature-field/signature-field.tsx; flavors/surface/components/lab/experiments/signature-field/signature-field.tsx; flavors/survey/components/lab/experiments/signature-field/signature-field.tsx; flavors/timetable/components/lab/experiments/signature-field/signature-field.tsx	flavors/minimal/components/lab/experiments/signature-field/signature-field.tsx; flavors/press/components/lab/signature-field.tsx; flavors/surface/components/lab/experiments/signature-field/signature-field.tsx; flavors/survey/components/lab/experiments/signature-field/signature-field.tsx; flavors/timetable/components/lab/experiments/signature-field/signature-field.tsx	
flavors/drawing-set/components/lab/poster.tsx	edition:components/lab	flavors/minimal/components/lab/poster.tsx; flavors/surface/components/lab/poster.tsx; flavors/survey/components/lab/poster.tsx; flavors/timetable/components/lab/poster.tsx	flavors/minimal/components/lab/poster.tsx; flavors/surface/components/lab/poster.tsx; flavors/survey/components/lab/poster.tsx; flavors/timetable/components/lab/poster.tsx	flavors/minimal/components/lab/poster.tsx; flavors/surface/components/lab/poster.tsx; flavors/timetable/components/lab/poster.tsx
flavors/drawing-set/components/lab/study-card.tsx	edition:components/lab			
flavors/drawing-set/components/lab/use-accent.ts	edition:components/lab	flavors/minimal/components/lab/use-accent.ts; flavors/press/components/lab/use-accent.ts; flavors/surface/components/lab/use-accent.ts; flavors/survey/components/lab/use-accent.ts; flavors/timetable/components/lab/use-accent.ts	flavors/minimal/components/lab/use-accent.ts; flavors/press/components/lab/use-accent.ts; flavors/surface/components/lab/use-accent.ts; flavors/survey/components/lab/use-accent.ts; flavors/timetable/components/lab/use-accent.ts	
flavors/drawing-set/components/link-preview/index.ts	edition:components/link-preview	flavors/survey/components/link-preview/index.ts; flavors/timetable/components/link-preview/index.ts	flavors/drawing-set/components/command/index.ts; flavors/drawing-set/components/customize/index.ts; flavors/drawing-set/components/site/index.ts; flavors/drawing-set/components/ui/index.ts; flavors/drawing-set/components/visitor-counter/index.ts; flavors/press/components/command/index.ts; flavors/press/components/customize/index.ts; flavors/survey/components/command/index.ts; flavors/survey/components/customize/index.ts; flavors/survey/components/link-preview/index.ts; flavors/survey/components/site/index.ts; flavors/survey/components/visitor-counter/index.ts; flavors/timetable/components/command/index.ts; flavors/timetable/components/customize/index.ts; flavors/timetable/components/link-preview/index.ts; flavors/timetable/components/site/index.ts; flavors/timetable/components/ui/index.ts; flavors/timetable/components/visitor-counter/index.ts; lib/data/index.ts; lib/markdown/index.ts	flavors/survey/components/link-preview/index.ts; flavors/timetable/components/link-preview/index.ts
flavors/drawing-set/components/link-preview/link-preview-card.tsx	edition:components/link-preview	flavors/minimal/components/link-preview/link-preview-card.tsx; flavors/press/components/link-preview/link-preview-card.tsx; flavors/survey/components/link-preview/link-preview-card.tsx; flavors/timetable/components/link-preview/link-preview-card.tsx	flavors/minimal/components/link-preview/link-preview-card.tsx; flavors/press/components/link-preview/link-preview-card.tsx; flavors/survey/components/link-preview/link-preview-card.tsx; flavors/timetable/components/link-preview/link-preview-card.tsx	
flavors/drawing-set/components/link-preview/link-preview-layer.tsx	edition:components/link-preview	flavors/minimal/components/link-preview/link-preview-layer.tsx; flavors/press/components/link-preview/link-preview-layer.tsx; flavors/survey/components/link-preview/link-preview-layer.tsx; flavors/timetable/components/link-preview/link-preview-layer.tsx	flavors/minimal/components/link-preview/link-preview-layer.tsx; flavors/press/components/link-preview/link-preview-layer.tsx; flavors/survey/components/link-preview/link-preview-layer.tsx; flavors/timetable/components/link-preview/link-preview-layer.tsx	flavors/timetable/components/link-preview/link-preview-layer.tsx
flavors/drawing-set/components/motion/reveal.tsx	edition:components/motion		flavors/minimal/components/interaction/reveal.tsx	
flavors/drawing-set/components/motion/split-heading.tsx	edition:components/motion	flavors/timetable/components/motion/split-heading.tsx	flavors/survey/components/ui/split-heading.tsx; flavors/timetable/components/motion/split-heading.tsx	
flavors/drawing-set/components/now/category-filter.tsx	edition:components/now			
flavors/drawing-set/components/now/item-link.tsx	edition:components/now			
flavors/drawing-set/components/now/log-entry.tsx	edition:components/now			
flavors/drawing-set/components/now/log-year.tsx	edition:components/now			
flavors/drawing-set/components/now/log.tsx	edition:components/now			
flavors/drawing-set/components/now/now-sheet.tsx	edition:components/now			
flavors/drawing-set/components/now/types.ts	edition:components/now		flavors/minimal/components/signature/types.ts; lib/command/types.ts; lib/data/types.ts; lib/lab/types.ts; lib/link-previews/types.ts	
flavors/drawing-set/components/now/year-index.tsx	edition:components/now		flavors/minimal/components/changelog/year-index.tsx	
flavors/drawing-set/components/prefs/prefs-sync.tsx	edition:components/prefs	flavors/minimal/components/prefs/prefs-sync.tsx; flavors/press/components/prefs/prefs-sync.tsx; flavors/surface/components/prefs/prefs-sync.tsx; flavors/survey/components/prefs/prefs-sync.tsx; flavors/timetable/components/prefs/prefs-sync.tsx	flavors/minimal/components/prefs/prefs-sync.tsx; flavors/press/components/prefs/prefs-sync.tsx; flavors/surface/components/prefs/prefs-sync.tsx; flavors/survey/components/prefs/prefs-sync.tsx; flavors/timetable/components/prefs/prefs-sync.tsx	
flavors/drawing-set/components/projects/drawing-frame.tsx	edition:components/projects		flavors/drawing-set/components/site/drawing-frame.tsx	
flavors/drawing-set/components/projects/project-register.tsx	edition:components/projects			
flavors/drawing-set/components/projects/project-sheet.tsx	edition:components/projects			
flavors/drawing-set/components/projects/sheet.ts	edition:components/projects		flavors/survey/lib/sheet.ts	
flavors/drawing-set/components/projects/stack-filter-hash.ts	edition:components/projects			
flavors/drawing-set/components/projects/status-stamp.tsx	edition:components/projects	flavors/press/components/projects/status-stamp.tsx	flavors/press/components/projects/status-stamp.tsx	
flavors/drawing-set/components/resume/print-button.tsx	edition:components/resume	flavors/minimal/components/resume/print-button.tsx; flavors/press/components/resume/print-button.tsx; flavors/surface/components/resume/print-button.tsx; flavors/survey/components/resume/print-button.tsx; flavors/timetable/components/resume/print-button.tsx	flavors/minimal/components/resume/print-button.tsx; flavors/press/components/resume/print-button.tsx; flavors/surface/components/resume/print-button.tsx; flavors/survey/components/resume/print-button.tsx; flavors/timetable/components/resume/print-button.tsx	
flavors/drawing-set/components/resume/resume-document.tsx	edition:components/resume	flavors/minimal/components/resume/resume-document.tsx; flavors/press/components/resume/resume-document.tsx; flavors/surface/components/resume/resume-document.tsx; flavors/survey/components/resume/resume-document.tsx; flavors/timetable/components/resume/resume-document.tsx	flavors/minimal/components/resume/resume-document.tsx; flavors/press/components/resume/resume-document.tsx; flavors/surface/components/resume/resume-document.tsx; flavors/survey/components/resume/resume-document.tsx; flavors/timetable/components/resume/resume-document.tsx	
flavors/drawing-set/components/resume/resume-education.tsx	edition:components/resume	flavors/minimal/components/resume/resume-education.tsx; flavors/surface/components/resume/resume-education.tsx	flavors/minimal/components/resume/resume-education.tsx; flavors/surface/components/resume/resume-education.tsx	
flavors/drawing-set/components/resume/resume-experience.tsx	edition:components/resume	flavors/minimal/components/resume/resume-experience.tsx; flavors/surface/components/resume/resume-experience.tsx	flavors/minimal/components/resume/resume-experience.tsx; flavors/surface/components/resume/resume-experience.tsx	
flavors/drawing-set/components/resume/resume-header.tsx	edition:components/resume	flavors/minimal/components/resume/resume-header.tsx; flavors/surface/components/resume/resume-header.tsx	flavors/minimal/components/resume/resume-header.tsx; flavors/surface/components/resume/resume-header.tsx	
flavors/drawing-set/components/resume/resume-link.tsx	edition:components/resume	flavors/minimal/components/resume/resume-link.tsx; flavors/surface/components/resume/resume-link.tsx	flavors/minimal/components/resume/resume-link.tsx; flavors/surface/components/resume/resume-link.tsx	
flavors/drawing-set/components/resume/resume-projects.tsx	edition:components/resume	flavors/minimal/components/resume/resume-projects.tsx; flavors/surface/components/resume/resume-projects.tsx	flavors/minimal/components/resume/resume-projects.tsx; flavors/surface/components/resume/resume-projects.tsx	
flavors/drawing-set/components/resume/resume-section.tsx	edition:components/resume	flavors/minimal/components/resume/resume-section.tsx; flavors/surface/components/resume/resume-section.tsx	flavors/minimal/components/resume/resume-section.tsx; flavors/surface/components/resume/resume-section.tsx	
flavors/drawing-set/components/resume/resume-skills.tsx	edition:components/resume	flavors/minimal/components/resume/resume-skills.tsx; flavors/surface/components/resume/resume-skills.tsx	flavors/minimal/components/resume/resume-skills.tsx; flavors/surface/components/resume/resume-skills.tsx	
flavors/drawing-set/components/resume/resume.module.css	edition:components/resume	flavors/minimal/components/resume/resume.module.css; flavors/press/components/resume/resume.module.css; flavors/surface/components/resume/resume.module.css; flavors/survey/components/resume/resume.module.css; flavors/timetable/components/resume/resume.module.css	flavors/minimal/components/resume/resume.module.css; flavors/press/components/resume/resume.module.css; flavors/surface/components/resume/resume.module.css; flavors/survey/components/resume/resume.module.css; flavors/timetable/components/resume/resume.module.css	
flavors/drawing-set/components/scene/linework.ts	edition:components/scene			
flavors/drawing-set/components/scene/models.ts	edition:components/scene			
flavors/drawing-set/components/scene/scene-loader.tsx	edition:components/scene	flavors/press/components/scene/scene-loader.tsx; flavors/survey/components/scene/scene-loader.tsx; flavors/timetable/components/scene/scene-loader.tsx	flavors/press/components/scene/scene-loader.tsx; flavors/survey/components/scene/scene-loader.tsx; flavors/timetable/components/scene/scene-loader.tsx	
flavors/drawing-set/components/scene/scene-nav.tsx	edition:components/scene			
flavors/drawing-set/components/scene/scene-root.tsx	edition:components/scene	flavors/press/components/scene/scene-root.tsx; flavors/timetable/components/scene/scene-root.tsx	flavors/press/components/scene/scene-root.tsx; flavors/timetable/components/scene/scene-root.tsx	
flavors/drawing-set/components/scene/world.tsx	edition:components/scene	flavors/press/components/scene/world.tsx; flavors/timetable/components/scene/world.tsx	flavors/press/components/scene/world.tsx; flavors/timetable/components/scene/world.tsx	
flavors/drawing-set/components/site/copy-email.tsx	edition:components/site	flavors/press/components/site/copy-email.tsx; flavors/survey/components/site/copy-email.tsx; flavors/timetable/components/site/copy-email.tsx	flavors/minimal/components/ui/copy-email.tsx; flavors/press/components/site/copy-email.tsx; flavors/surface/components/home/copy-email.tsx; flavors/survey/components/site/copy-email.tsx; flavors/timetable/components/site/copy-email.tsx	
flavors/drawing-set/components/site/deferred-layers.tsx	edition:components/site	flavors/press/components/site/deferred-layers.tsx; flavors/survey/components/site/deferred-layers.tsx; flavors/timetable/components/site/deferred-layers.tsx	flavors/press/components/site/deferred-layers.tsx; flavors/survey/components/site/deferred-layers.tsx; flavors/timetable/components/site/deferred-layers.tsx	
flavors/drawing-set/components/site/deferred-shell.tsx	edition:components/site	flavors/press/components/site/deferred-shell.tsx; flavors/survey/components/site/deferred-shell.tsx; flavors/timetable/components/site/deferred-shell.tsx	flavors/press/components/site/deferred-shell.tsx; flavors/survey/components/site/deferred-shell.tsx; flavors/timetable/components/site/deferred-shell.tsx	flavors/timetable/components/site/deferred-shell.tsx
flavors/drawing-set/components/site/drawing-frame.tsx	edition:components/site		flavors/drawing-set/components/projects/drawing-frame.tsx	
flavors/drawing-set/components/site/footer-title-block.tsx	edition:components/site			
flavors/drawing-set/components/site/index.ts	edition:components/site	flavors/survey/components/site/index.ts; flavors/timetable/components/site/index.ts	flavors/drawing-set/components/command/index.ts; flavors/drawing-set/components/customize/index.ts; flavors/drawing-set/components/link-preview/index.ts; flavors/drawing-set/components/ui/index.ts; flavors/drawing-set/components/visitor-counter/index.ts; flavors/press/components/command/index.ts; flavors/press/components/customize/index.ts; flavors/survey/components/command/index.ts; flavors/survey/components/customize/index.ts; flavors/survey/components/link-preview/index.ts; flavors/survey/components/site/index.ts; flavors/survey/components/visitor-counter/index.ts; flavors/timetable/components/command/index.ts; flavors/timetable/components/customize/index.ts; flavors/timetable/components/link-preview/index.ts; flavors/timetable/components/site/index.ts; flavors/timetable/components/ui/index.ts; flavors/timetable/components/visitor-counter/index.ts; lib/data/index.ts; lib/markdown/index.ts	
flavors/drawing-set/components/site/nav-links.tsx	edition:components/site	flavors/minimal/components/site/nav-links.tsx; flavors/press/components/site/nav-links.tsx; flavors/survey/components/site/nav-links.tsx; flavors/timetable/components/site/nav-links.tsx	flavors/minimal/components/site/nav-links.tsx; flavors/press/components/site/nav-links.tsx; flavors/survey/components/site/nav-links.tsx; flavors/timetable/components/site/nav-links.tsx	
flavors/drawing-set/components/site/page.tsx	edition:components/site	flavors/press/components/site/page.tsx; flavors/surface/components/site/page.tsx; flavors/survey/components/site/page.tsx; flavors/timetable/components/site/page.tsx	app/f/drawing-set/[...missing]/page.tsx; app/f/drawing-set/about/page.tsx; app/f/drawing-set/ask/[slug]/page.tsx; app/f/drawing-set/ask/page.tsx; app/f/drawing-set/ask/page/[page]/page.tsx; app/f/drawing-set/changelog/page.tsx; app/f/drawing-set/lab/[slug]/page.tsx; app/f/drawing-set/lab/page.tsx; app/f/drawing-set/now/page.tsx; app/f/drawing-set/owner/page.tsx; app/f/drawing-set/page.tsx; app/f/drawing-set/projects/[slug]/page.tsx; app/f/drawing-set/projects/page.tsx; app/f/drawing-set/resume/page.tsx; app/f/drawing-set/work/page.tsx; app/f/minimal/[...missing]/page.tsx; app/f/minimal/about/page.tsx; app/f/minimal/ask/[slug]/page.tsx; app/f/minimal/ask/page.tsx; app/f/minimal/ask/page/[page]/page.tsx; app/f/minimal/changelog/page.tsx; app/f/minimal/lab/[slug]/page.tsx; app/f/minimal/lab/page.tsx; app/f/minimal/now/page.tsx; app/f/minimal/owner/page.tsx; app/f/minimal/page.tsx; app/f/minimal/projects/[slug]/page.tsx; app/f/minimal/projects/page.tsx; app/f/minimal/resume/page.tsx; app/f/minimal/work/page.tsx; app/f/press/[...missing]/page.tsx; app/f/press/about/page.tsx; app/f/press/ask/[slug]/page.tsx; app/f/press/ask/page.tsx; app/f/press/ask/page/[page]/page.tsx; app/f/press/changelog/page.tsx; app/f/press/lab/[slug]/page.tsx; app/f/press/lab/page.tsx; app/f/press/now/page.tsx; app/f/press/owner/page.tsx; app/f/press/page.tsx; app/f/press/projects/[slug]/page.tsx; app/f/press/projects/page.tsx; app/f/press/resume/page.tsx; app/f/press/work/page.tsx; app/f/surface/[...missing]/page.tsx; app/f/surface/about/page.tsx; app/f/surface/ask/[slug]/page.tsx; app/f/surface/ask/page.tsx; app/f/surface/ask/page/[page]/page.tsx; app/f/surface/changelog/page.tsx; app/f/surface/lab/[slug]/page.tsx; app/f/surface/lab/page.tsx; app/f/surface/now/page.tsx; app/f/surface/owner/page.tsx; app/f/surface/page.tsx; app/f/surface/projects/[slug]/page.tsx; app/f/surface/projects/page.tsx; app/f/surface/resume/page.tsx; app/f/surface/work/page.tsx; app/f/survey/[...missing]/page.tsx; app/f/survey/about/page.tsx; app/f/survey/ask/[slug]/page.tsx; app/f/survey/ask/page.tsx; app/f/survey/ask/page/[page]/page.tsx; app/f/survey/changelog/page.tsx; app/f/survey/lab/[slug]/page.tsx; app/f/survey/lab/page.tsx; app/f/survey/now/page.tsx; app/f/survey/owner/page.tsx; app/f/survey/page.tsx; app/f/survey/projects/[slug]/page.tsx; app/f/survey/projects/page.tsx; app/f/survey/resume/page.tsx; app/f/survey/work/page.tsx; app/f/timetable/[...missing]/page.tsx; app/f/timetable/about/page.tsx; app/f/timetable/ask/[slug]/page.tsx; app/f/timetable/ask/page.tsx; app/f/timetable/ask/page/[page]/page.tsx; app/f/timetable/changelog/page.tsx; app/f/timetable/lab/[slug]/page.tsx; app/f/timetable/lab/page.tsx; app/f/timetable/now/page.tsx; app/f/timetable/owner/page.tsx; app/f/timetable/page.tsx; app/f/timetable/projects/[slug]/page.tsx; app/f/timetable/projects/page.tsx; app/f/timetable/resume/page.tsx; app/f/timetable/work/page.tsx; flavors/press/components/site/page.tsx; flavors/surface/components/site/page.tsx; flavors/survey/components/site/page.tsx; flavors/timetable/components/site/page.tsx	
flavors/drawing-set/components/site/scene-posters.tsx	edition:components/site			
flavors/drawing-set/components/site/scene-slot.tsx	edition:components/site	flavors/press/components/site/scene-slot.tsx; flavors/timetable/components/site/scene-slot.tsx	flavors/press/components/site/scene-slot.tsx; flavors/survey/components/scene/scene-slot.tsx; flavors/timetable/components/site/scene-slot.tsx	
flavors/drawing-set/components/site/site-dock.tsx	edition:components/site			
flavors/drawing-set/components/site/site-footer.tsx	edition:components/site	flavors/minimal/components/site/site-footer.tsx; flavors/press/components/site/site-footer.tsx; flavors/surface/components/site/site-footer.tsx; flavors/survey/components/site/site-footer.tsx; flavors/timetable/components/site/site-footer.tsx	flavors/minimal/components/site/site-footer.tsx; flavors/press/components/site/site-footer.tsx; flavors/surface/components/site/site-footer.tsx; flavors/survey/components/site/site-footer.tsx; flavors/timetable/components/site/site-footer.tsx	
flavors/drawing-set/components/site/site-header.tsx	edition:components/site	flavors/minimal/components/site/site-header.tsx; flavors/press/components/site/site-header.tsx; flavors/surface/components/site/site-header.tsx; flavors/survey/components/site/site-header.tsx; flavors/timetable/components/site/site-header.tsx	flavors/minimal/components/site/site-header.tsx; flavors/press/components/site/site-header.tsx; flavors/surface/components/site/site-header.tsx; flavors/survey/components/site/site-header.tsx; flavors/timetable/components/site/site-header.tsx	
flavors/drawing-set/components/site/skip-link.tsx	edition:components/site	flavors/minimal/components/site/skip-link.tsx; flavors/press/components/site/skip-link.tsx; flavors/survey/components/site/skip-link.tsx; flavors/timetable/components/site/skip-link.tsx	flavors/minimal/components/site/skip-link.tsx; flavors/press/components/site/skip-link.tsx; flavors/survey/components/site/skip-link.tsx; flavors/timetable/components/site/skip-link.tsx	
flavors/drawing-set/components/ui/arrow-link.tsx	edition:components/ui	flavors/minimal/components/ui/arrow-link.tsx; flavors/survey/components/ui/arrow-link.tsx; flavors/timetable/components/ui/arrow-link.tsx	flavors/minimal/components/ui/arrow-link.tsx; flavors/survey/components/ui/arrow-link.tsx; flavors/timetable/components/ui/arrow-link.tsx	
flavors/drawing-set/components/ui/button.tsx	edition:components/ui	flavors/minimal/components/ui/button.tsx; flavors/press/components/ui/button.tsx; flavors/survey/components/ui/button.tsx; flavors/timetable/components/ui/button.tsx	flavors/minimal/components/ui/button.tsx; flavors/press/components/ui/button.tsx; flavors/survey/components/ui/button.tsx; flavors/timetable/components/ui/button.tsx	
flavors/drawing-set/components/ui/callout.tsx	edition:components/ui			
flavors/drawing-set/components/ui/catalogue-number.tsx	edition:components/ui			
flavors/drawing-set/components/ui/container.tsx	edition:components/ui	flavors/press/components/ui/container.tsx; flavors/survey/components/ui/container.tsx; flavors/timetable/components/ui/container.tsx	flavors/minimal/components/site/container.tsx; flavors/press/components/ui/container.tsx; flavors/survey/components/ui/container.tsx; flavors/timetable/components/ui/container.tsx	
flavors/drawing-set/components/ui/date-stamp.tsx	edition:components/ui			
flavors/drawing-set/components/ui/dialog.tsx	edition:components/ui	flavors/press/components/ui/dialog.tsx; flavors/survey/components/ui/dialog.tsx; flavors/timetable/components/ui/dialog.tsx	flavors/press/components/ui/dialog.tsx; flavors/survey/components/ui/dialog.tsx; flavors/timetable/components/ui/dialog.tsx	
flavors/drawing-set/components/ui/dimension.tsx	edition:components/ui			
flavors/drawing-set/components/ui/disclosure.module.css	edition:components/ui	flavors/minimal/components/ui/disclosure.module.css; flavors/survey/components/ui/disclosure.module.css; flavors/timetable/components/ui/disclosure.module.css	flavors/minimal/components/ui/disclosure.module.css; flavors/survey/components/ui/disclosure.module.css; flavors/timetable/components/ui/disclosure.module.css	flavors/timetable/components/ui/disclosure.module.css
flavors/drawing-set/components/ui/disclosure.tsx	edition:components/ui	flavors/minimal/components/ui/disclosure.tsx; flavors/press/components/ui/disclosure.tsx; flavors/survey/components/ui/disclosure.tsx; flavors/timetable/components/ui/disclosure.tsx	flavors/minimal/components/ui/disclosure.tsx; flavors/press/components/ui/disclosure.tsx; flavors/survey/components/ui/disclosure.tsx; flavors/timetable/components/ui/disclosure.tsx	
flavors/drawing-set/components/ui/external-link.tsx	edition:components/ui	flavors/minimal/components/ui/external-link.tsx; flavors/press/components/ui/external-link.tsx; flavors/survey/components/ui/external-link.tsx; flavors/timetable/components/ui/external-link.tsx	flavors/minimal/components/ui/external-link.tsx; flavors/press/components/ui/external-link.tsx; flavors/survey/components/ui/external-link.tsx; flavors/timetable/components/ui/external-link.tsx	
flavors/drawing-set/components/ui/index.ts	edition:components/ui	flavors/timetable/components/ui/index.ts	flavors/drawing-set/components/command/index.ts; flavors/drawing-set/components/customize/index.ts; flavors/drawing-set/components/link-preview/index.ts; flavors/drawing-set/components/site/index.ts; flavors/drawing-set/components/visitor-counter/index.ts; flavors/press/components/command/index.ts; flavors/press/components/customize/index.ts; flavors/survey/components/command/index.ts; flavors/survey/components/customize/index.ts; flavors/survey/components/link-preview/index.ts; flavors/survey/components/site/index.ts; flavors/survey/components/visitor-counter/index.ts; flavors/timetable/components/command/index.ts; flavors/timetable/components/customize/index.ts; flavors/timetable/components/link-preview/index.ts; flavors/timetable/components/site/index.ts; flavors/timetable/components/ui/index.ts; flavors/timetable/components/visitor-counter/index.ts; lib/data/index.ts; lib/markdown/index.ts	
flavors/drawing-set/components/ui/kbd.tsx	edition:components/ui	flavors/minimal/components/ui/kbd.tsx; flavors/press/components/ui/kbd.tsx; flavors/survey/components/ui/kbd.tsx; flavors/timetable/components/ui/kbd.tsx	flavors/minimal/components/ui/kbd.tsx; flavors/press/components/ui/kbd.tsx; flavors/survey/components/ui/kbd.tsx; flavors/timetable/components/ui/kbd.tsx	
flavors/drawing-set/components/ui/meta-list.tsx	edition:components/ui	flavors/minimal/components/ui/meta-list.tsx; flavors/survey/components/ui/meta-list.tsx; flavors/timetable/components/ui/meta-list.tsx	flavors/minimal/components/ui/meta-list.tsx; flavors/survey/components/ui/meta-list.tsx; flavors/timetable/components/ui/meta-list.tsx	
flavors/drawing-set/components/ui/page-header.tsx	edition:components/ui	flavors/press/components/ui/page-header.tsx; flavors/survey/components/ui/page-header.tsx; flavors/timetable/components/ui/page-header.tsx	flavors/minimal/components/site/page-header.tsx; flavors/press/components/ui/page-header.tsx; flavors/survey/components/ui/page-header.tsx; flavors/timetable/components/ui/page-header.tsx	
flavors/drawing-set/components/ui/popover.tsx	edition:components/ui	flavors/minimal/components/ui/popover.tsx; flavors/press/components/ui/popover.tsx; flavors/survey/components/ui/popover.tsx; flavors/timetable/components/ui/popover.tsx	flavors/minimal/components/ui/popover.tsx; flavors/press/components/ui/popover.tsx; flavors/survey/components/ui/popover.tsx; flavors/timetable/components/ui/popover.tsx	
flavors/drawing-set/components/ui/rich-text.tsx	edition:components/ui	flavors/press/components/ui/rich-text.tsx; flavors/surface/components/ui/rich-text.tsx; flavors/survey/components/ui/rich-text.tsx; flavors/timetable/components/ui/rich-text.tsx	flavors/press/components/ui/rich-text.tsx; flavors/surface/components/ui/rich-text.tsx; flavors/survey/components/ui/rich-text.tsx; flavors/timetable/components/ui/rich-text.tsx	
flavors/drawing-set/components/ui/schedule.tsx	edition:components/ui			
flavors/drawing-set/components/ui/section.tsx	edition:components/ui	flavors/survey/components/ui/section.tsx; flavors/timetable/components/ui/section.tsx	flavors/minimal/components/site/section.tsx; flavors/survey/components/ui/section.tsx; flavors/timetable/components/ui/section.tsx	
flavors/drawing-set/components/ui/segmented-control.tsx	edition:components/ui	flavors/minimal/components/ui/segmented-control.tsx; flavors/press/components/ui/segmented-control.tsx; flavors/survey/components/ui/segmented-control.tsx; flavors/timetable/components/ui/segmented-control.tsx	flavors/minimal/components/ui/segmented-control.tsx; flavors/press/components/ui/segmented-control.tsx; flavors/survey/components/ui/segmented-control.tsx; flavors/timetable/components/ui/segmented-control.tsx	
flavors/drawing-set/components/ui/sheet-heading.tsx	edition:components/ui			
flavors/drawing-set/components/ui/slider.tsx	edition:components/ui	flavors/minimal/components/ui/slider.tsx	flavors/minimal/components/ui/slider.tsx	
flavors/drawing-set/components/ui/stamp.tsx	edition:components/ui			
flavors/drawing-set/components/ui/switch.tsx	edition:components/ui	flavors/minimal/components/ui/switch.tsx; flavors/press/components/ui/switch.tsx; flavors/survey/components/ui/switch.tsx; flavors/timetable/components/ui/switch.tsx	flavors/minimal/components/ui/switch.tsx; flavors/press/components/ui/switch.tsx; flavors/survey/components/ui/switch.tsx; flavors/timetable/components/ui/switch.tsx	
flavors/drawing-set/components/ui/tag.tsx	edition:components/ui	flavors/minimal/components/ui/tag.tsx; flavors/survey/components/ui/tag.tsx; flavors/timetable/components/ui/tag.tsx	flavors/minimal/components/ui/tag.tsx; flavors/survey/components/ui/tag.tsx; flavors/timetable/components/ui/tag.tsx	
flavors/drawing-set/components/ui/title-block.tsx	edition:components/ui			
flavors/drawing-set/components/ui/visually-hidden.tsx	edition:components/ui	flavors/survey/components/ui/visually-hidden.tsx; flavors/timetable/components/ui/visually-hidden.tsx	flavors/survey/components/ui/visually-hidden.tsx; flavors/timetable/components/ui/visually-hidden.tsx	
flavors/drawing-set/components/visitor-counter/index.ts	edition:components/visitor-counter	flavors/survey/components/visitor-counter/index.ts; flavors/timetable/components/visitor-counter/index.ts	flavors/drawing-set/components/command/index.ts; flavors/drawing-set/components/customize/index.ts; flavors/drawing-set/components/link-preview/index.ts; flavors/drawing-set/components/site/index.ts; flavors/drawing-set/components/ui/index.ts; flavors/press/components/command/index.ts; flavors/press/components/customize/index.ts; flavors/survey/components/command/index.ts; flavors/survey/components/customize/index.ts; flavors/survey/components/link-preview/index.ts; flavors/survey/components/site/index.ts; flavors/survey/components/visitor-counter/index.ts; flavors/timetable/components/command/index.ts; flavors/timetable/components/customize/index.ts; flavors/timetable/components/link-preview/index.ts; flavors/timetable/components/site/index.ts; flavors/timetable/components/ui/index.ts; flavors/timetable/components/visitor-counter/index.ts; lib/data/index.ts; lib/markdown/index.ts	flavors/survey/components/visitor-counter/index.ts; flavors/timetable/components/visitor-counter/index.ts
flavors/drawing-set/components/visitor-counter/visitor-counter.tsx	edition:components/visitor-counter	flavors/minimal/components/visitor-counter/visitor-counter.tsx; flavors/press/components/visitor-counter/visitor-counter.tsx; flavors/survey/components/visitor-counter/visitor-counter.tsx; flavors/timetable/components/visitor-counter/visitor-counter.tsx	flavors/minimal/components/visitor-counter/visitor-counter.tsx; flavors/press/components/visitor-counter/visitor-counter.tsx; flavors/survey/components/visitor-counter/visitor-counter.tsx; flavors/timetable/components/visitor-counter/visitor-counter.tsx	
flavors/drawing-set/components/work/date-range.tsx	edition:components/work		flavors/minimal/components/experience/date-range.tsx	
flavors/drawing-set/components/work/experience-entry.tsx	edition:components/work		flavors/minimal/components/experience/experience-entry.tsx	
flavors/drawing-set/components/work/experience-timeline.tsx	edition:components/work		flavors/minimal/components/experience/experience-timeline.tsx	
flavors/drawing-set/components/work/experience.module.css	edition:components/work		flavors/minimal/components/experience/experience.module.css	
flavors/drawing-set/components/work/tenure-label.tsx	edition:components/work			
flavors/drawing-set/components/work/timeline-rail.tsx	edition:components/work		flavors/minimal/components/experience/timeline-rail.tsx	
flavors/drawing-set/components/work/year-rail.tsx	edition:components/work			
flavors/drawing-set/content.ts	edition:content.ts	flavors/minimal/content.ts; flavors/press/content.ts; flavors/surface/content.ts; flavors/survey/content.ts; flavors/timetable/content.ts	flavors/minimal/content.ts; flavors/press/content.ts; flavors/surface/content.ts; flavors/survey/content.ts; flavors/timetable/content.ts	
flavors/drawing-set/lib/__tests__/dates.test.ts	edition:lib/__tests__			
flavors/drawing-set/lib/__tests__/prefs-store.test.ts	edition:lib/__tests__	flavors/minimal/lib/__tests__/prefs-store.test.ts; flavors/timetable/lib/__tests__/prefs-store.test.ts	flavors/minimal/lib/__tests__/prefs-store.test.ts; flavors/timetable/lib/__tests__/prefs-store.test.ts	
flavors/drawing-set/lib/__tests__/prefs.test.ts	edition:lib/__tests__	flavors/minimal/lib/__tests__/prefs.test.ts; flavors/surface/lib/__tests__/prefs.test.ts; flavors/timetable/lib/__tests__/prefs.test.ts	flavors/minimal/lib/__tests__/prefs.test.ts; flavors/surface/lib/__tests__/prefs.test.ts; flavors/timetable/lib/__tests__/prefs.test.ts	
flavors/drawing-set/lib/__tests__/tokens.test.ts	edition:lib/__tests__			
flavors/drawing-set/lib/__tests__/utils.test.ts	edition:lib/__tests__	flavors/minimal/lib/__tests__/utils.test.ts; flavors/surface/lib/__tests__/utils.test.ts; flavors/survey/lib/__tests__/utils.test.ts; flavors/timetable/lib/__tests__/utils.test.ts	flavors/minimal/lib/__tests__/utils.test.ts; flavors/surface/lib/__tests__/utils.test.ts; flavors/survey/lib/__tests__/utils.test.ts; flavors/timetable/lib/__tests__/utils.test.ts	
flavors/drawing-set/lib/dates.ts	edition:lib/dates.ts			
flavors/drawing-set/lib/fonts.ts	edition:lib/fonts.ts	flavors/minimal/lib/fonts.ts; flavors/press/lib/fonts.ts; flavors/surface/lib/fonts.ts; flavors/survey/lib/fonts.ts; flavors/timetable/lib/fonts.ts	flavors/minimal/lib/fonts.ts; flavors/picker/fonts.ts; flavors/press/lib/fonts.ts; flavors/surface/lib/fonts.ts; flavors/survey/lib/fonts.ts; flavors/timetable/lib/fonts.ts	
flavors/drawing-set/lib/prefs-store.ts	edition:lib/prefs-store.ts	flavors/minimal/lib/prefs-store.ts; flavors/press/lib/prefs-store.ts; flavors/surface/lib/prefs-store.ts; flavors/survey/lib/prefs-store.ts; flavors/timetable/lib/prefs-store.ts	flavors/minimal/lib/prefs-store.ts; flavors/press/lib/prefs-store.ts; flavors/surface/lib/prefs-store.ts; flavors/survey/lib/prefs-store.ts; flavors/timetable/lib/prefs-store.ts	
flavors/drawing-set/lib/prefs.ts	edition:lib/prefs.ts	flavors/minimal/lib/prefs.ts; flavors/press/lib/prefs.ts; flavors/surface/lib/prefs.ts; flavors/survey/lib/prefs.ts; flavors/timetable/lib/prefs.ts	flavors/minimal/lib/prefs.ts; flavors/press/lib/prefs.ts; flavors/surface/lib/prefs.ts; flavors/survey/lib/prefs.ts; flavors/timetable/lib/prefs.ts	
flavors/drawing-set/lib/scene/__tests__/scene.test.ts	edition:lib/scene	flavors/timetable/lib/scene/__tests__/scene.test.ts	flavors/timetable/lib/scene/__tests__/scene.test.ts	
flavors/drawing-set/lib/scene/accent.ts	edition:lib/scene		lib/lab/accent.ts	
flavors/drawing-set/lib/scene/poses.ts	edition:lib/scene	flavors/press/lib/scene/poses.ts; flavors/survey/lib/scene/poses.ts; flavors/timetable/lib/scene/poses.ts	flavors/press/lib/scene/poses.ts; flavors/survey/lib/scene/poses.ts; flavors/timetable/lib/scene/poses.ts	
flavors/drawing-set/lib/utils.ts	edition:lib/utils.ts	flavors/minimal/lib/utils.ts; flavors/press/lib/utils.ts; flavors/surface/lib/utils.ts; flavors/survey/lib/utils.ts; flavors/timetable/lib/utils.ts	flavors/minimal/lib/utils.ts; flavors/press/lib/utils.ts; flavors/surface/lib/utils.ts; flavors/survey/lib/utils.ts; flavors/timetable/lib/utils.ts	
flavors/drawing-set/styles.css	edition:styles.css	flavors/minimal/styles.css; flavors/press/styles.css; flavors/surface/styles.css; flavors/survey/styles.css; flavors/timetable/styles.css	flavors/minimal/styles.css; flavors/picker/styles.css; flavors/press/styles.css; flavors/surface/styles.css; flavors/survey/styles.css; flavors/timetable/styles.css	
flavors/minimal/components/ask/ask-pagination.tsx	edition:components/ask	flavors/drawing-set/components/ask/ask-pagination.tsx; flavors/surface/components/ask/ask-pagination.tsx; flavors/survey/components/ask/ask-pagination.tsx; flavors/timetable/components/ask/ask-pagination.tsx	flavors/drawing-set/components/ask/ask-pagination.tsx; flavors/surface/components/ask/ask-pagination.tsx; flavors/survey/components/ask/ask-pagination.tsx; flavors/timetable/components/ask/ask-pagination.tsx	
flavors/minimal/components/ask/chat-bubble.tsx	edition:components/ask	flavors/drawing-set/components/ask/chat-bubble.tsx; flavors/surface/components/ask/chat-bubble.tsx; flavors/survey/components/ask/chat-bubble.tsx; flavors/timetable/components/ask/chat-bubble.tsx	flavors/drawing-set/components/ask/chat-bubble.tsx; flavors/surface/components/ask/chat-bubble.tsx; flavors/survey/components/ask/chat-bubble.tsx; flavors/timetable/components/ask/chat-bubble.tsx	
flavors/minimal/components/ask/chat-composer.tsx	edition:components/ask	flavors/drawing-set/components/ask/chat-composer.tsx; flavors/surface/components/ask/chat-composer.tsx; flavors/survey/components/ask/chat-composer.tsx; flavors/timetable/components/ask/chat-composer.tsx	flavors/drawing-set/components/ask/chat-composer.tsx; flavors/surface/components/ask/chat-composer.tsx; flavors/survey/components/ask/chat-composer.tsx; flavors/timetable/components/ask/chat-composer.tsx	
flavors/minimal/components/ask/chat-feed.tsx	edition:components/ask	flavors/drawing-set/components/ask/chat-feed.tsx; flavors/surface/components/ask/chat-feed.tsx; flavors/survey/components/ask/chat-feed.tsx; flavors/timetable/components/ask/chat-feed.tsx	flavors/drawing-set/components/ask/chat-feed.tsx; flavors/surface/components/ask/chat-feed.tsx; flavors/survey/components/ask/chat-feed.tsx; flavors/timetable/components/ask/chat-feed.tsx	
flavors/minimal/components/ask/chat-thread.tsx	edition:components/ask	flavors/drawing-set/components/ask/chat-thread.tsx; flavors/surface/components/ask/chat-thread.tsx; flavors/survey/components/ask/chat-thread.tsx; flavors/timetable/components/ask/chat-thread.tsx	flavors/drawing-set/components/ask/chat-thread.tsx; flavors/surface/components/ask/chat-thread.tsx; flavors/survey/components/ask/chat-thread.tsx; flavors/timetable/components/ask/chat-thread.tsx	
flavors/minimal/components/ask/message-body.tsx	edition:components/ask	flavors/drawing-set/components/ask/message-body.tsx; flavors/press/components/ask/message-body.tsx; flavors/surface/components/ask/message-body.tsx; flavors/survey/components/ask/message-body.tsx; flavors/timetable/components/ask/message-body.tsx	flavors/drawing-set/components/ask/message-body.tsx; flavors/press/components/ask/message-body.tsx; flavors/surface/components/ask/message-body.tsx; flavors/survey/components/ask/message-body.tsx; flavors/timetable/components/ask/message-body.tsx	
flavors/minimal/components/ask/message-menu.tsx	edition:components/ask	flavors/drawing-set/components/ask/message-menu.tsx; flavors/press/components/ask/message-menu.tsx; flavors/surface/components/ask/message-menu.tsx; flavors/survey/components/ask/message-menu.tsx; flavors/timetable/components/ask/message-menu.tsx	flavors/drawing-set/components/ask/message-menu.tsx; flavors/press/components/ask/message-menu.tsx; flavors/surface/components/ask/message-menu.tsx; flavors/survey/components/ask/message-menu.tsx; flavors/timetable/components/ask/message-menu.tsx	
flavors/minimal/components/ask/moderation-strip.tsx	edition:components/ask	flavors/drawing-set/components/ask/moderation-strip.tsx; flavors/press/components/ask/moderation-strip.tsx; flavors/surface/components/ask/moderation-strip.tsx; flavors/survey/components/ask/moderation-strip.tsx; flavors/timetable/components/ask/moderation-strip.tsx	flavors/drawing-set/components/ask/moderation-strip.tsx; flavors/press/components/ask/moderation-strip.tsx; flavors/surface/components/ask/moderation-strip.tsx; flavors/survey/components/ask/moderation-strip.tsx; flavors/timetable/components/ask/moderation-strip.tsx	
flavors/minimal/components/ask/owner-sign-in.tsx	edition:components/ask	flavors/drawing-set/components/ask/owner-sign-in.tsx; flavors/press/components/ask/owner-sign-in.tsx; flavors/surface/components/ask/owner-sign-in.tsx; flavors/survey/components/ask/owner-sign-in.tsx; flavors/timetable/components/ask/owner-sign-in.tsx	flavors/drawing-set/components/ask/owner-sign-in.tsx; flavors/press/components/ask/owner-sign-in.tsx; flavors/surface/components/ask/owner-sign-in.tsx; flavors/survey/components/ask/owner-sign-in.tsx; flavors/timetable/components/ask/owner-sign-in.tsx	
flavors/minimal/components/ask/pending-echo.tsx	edition:components/ask	flavors/drawing-set/components/ask/pending-echo.tsx; flavors/surface/components/ask/pending-echo.tsx; flavors/survey/components/ask/pending-echo.tsx; flavors/timetable/components/ask/pending-echo.tsx	flavors/drawing-set/components/ask/pending-echo.tsx; flavors/surface/components/ask/pending-echo.tsx; flavors/survey/components/ask/pending-echo.tsx; flavors/timetable/components/ask/pending-echo.tsx	flavors/surface/components/ask/pending-echo.tsx
flavors/minimal/components/ask/thread-line.ts	edition:components/ask	flavors/drawing-set/components/ask/thread-line.ts; flavors/surface/components/ask/thread-line.ts; flavors/survey/components/ask/thread-line.ts; flavors/timetable/components/ask/thread-line.ts	flavors/drawing-set/components/ask/thread-line.ts; flavors/surface/components/ask/thread-line.ts; flavors/survey/components/ask/thread-line.ts; flavors/timetable/components/ask/thread-line.ts	
flavors/minimal/components/ask/thread-reply.tsx	edition:components/ask	flavors/drawing-set/components/ask/thread-reply.tsx; flavors/press/components/ask/thread-reply.tsx; flavors/surface/components/ask/thread-reply.tsx; flavors/survey/components/ask/thread-reply.tsx; flavors/timetable/components/ask/thread-reply.tsx	flavors/drawing-set/components/ask/thread-reply.tsx; flavors/press/components/ask/thread-reply.tsx; flavors/surface/components/ask/thread-reply.tsx; flavors/survey/components/ask/thread-reply.tsx; flavors/timetable/components/ask/thread-reply.tsx	
flavors/minimal/components/changelog/category-chip.tsx	edition:components/changelog			
flavors/minimal/components/changelog/changelog-entry.tsx	edition:components/changelog			
flavors/minimal/components/changelog/changelog-year.tsx	edition:components/changelog			
flavors/minimal/components/changelog/year-index.tsx	edition:components/changelog		flavors/drawing-set/components/now/year-index.tsx	
flavors/minimal/components/command/__tests__/command-dialog.test.tsx	edition:components/command			
flavors/minimal/components/command/__tests__/command-menu.test.tsx	edition:components/command			
flavors/minimal/components/command/__tests__/items.test.ts	edition:components/command	flavors/drawing-set/components/command/__tests__/items.test.ts; flavors/surface/components/command/__tests__/items.test.ts; flavors/timetable/components/command/__tests__/items.test.ts	flavors/drawing-set/components/command/__tests__/items.test.ts; flavors/surface/components/command/__tests__/items.test.ts; flavors/timetable/components/command/__tests__/items.test.ts; lib/command/__tests__/items.test.ts	
flavors/minimal/components/command/__tests__/shortcuts.test.ts	edition:components/command	flavors/drawing-set/components/command/__tests__/shortcuts.test.ts; flavors/press/components/command/__tests__/shortcuts.test.ts; flavors/surface/components/command/__tests__/shortcuts.test.ts; flavors/timetable/components/command/__tests__/shortcuts.test.ts	flavors/drawing-set/components/command/__tests__/shortcuts.test.ts; flavors/press/components/command/__tests__/shortcuts.test.ts; flavors/surface/components/command/__tests__/shortcuts.test.ts; flavors/timetable/components/command/__tests__/shortcuts.test.ts; lib/command/__tests__/shortcuts.test.ts	
flavors/minimal/components/command/command-dialog.tsx	edition:components/command	flavors/drawing-set/components/command/command-dialog.tsx; flavors/press/components/command/command-dialog.tsx; flavors/surface/components/command/command-dialog.tsx; flavors/survey/components/command/command-dialog.tsx; flavors/timetable/components/command/command-dialog.tsx	flavors/drawing-set/components/command/command-dialog.tsx; flavors/press/components/command/command-dialog.tsx; flavors/surface/components/command/command-dialog.tsx; flavors/survey/components/command/command-dialog.tsx; flavors/timetable/components/command/command-dialog.tsx	
flavors/minimal/components/command/command-events.ts	edition:components/command			
flavors/minimal/components/command/command-menu.tsx	edition:components/command	flavors/drawing-set/components/command/command-menu.tsx; flavors/press/components/command/command-menu.tsx; flavors/surface/components/command/command-menu.tsx; flavors/survey/components/command/command-menu.tsx; flavors/timetable/components/command/command-menu.tsx	flavors/drawing-set/components/command/command-menu.tsx; flavors/press/components/command/command-menu.tsx; flavors/surface/components/command/command-menu.tsx; flavors/survey/components/command/command-menu.tsx; flavors/timetable/components/command/command-menu.tsx	flavors/drawing-set/components/command/command-menu.tsx; flavors/surface/components/command/command-menu.tsx; flavors/survey/components/command/command-menu.tsx; flavors/timetable/components/command/command-menu.tsx
flavors/minimal/components/command/command-row.tsx	edition:components/command	flavors/drawing-set/components/command/command-row.tsx; flavors/press/components/command/command-row.tsx; flavors/surface/components/command/command-row.tsx; flavors/survey/components/command/command-row.tsx; flavors/timetable/components/command/command-row.tsx	flavors/drawing-set/components/command/command-row.tsx; flavors/press/components/command/command-row.tsx; flavors/surface/components/command/command-row.tsx; flavors/survey/components/command/command-row.tsx; flavors/timetable/components/command/command-row.tsx	
flavors/minimal/components/command/command-trigger.tsx	edition:components/command	flavors/drawing-set/components/command/command-trigger.tsx; flavors/press/components/command/command-trigger.tsx; flavors/surface/components/command/command-trigger.tsx; flavors/survey/components/command/command-trigger.tsx; flavors/timetable/components/command/command-trigger.tsx	flavors/drawing-set/components/command/command-trigger.tsx; flavors/press/components/command/command-trigger.tsx; flavors/surface/components/command/command-trigger.tsx; flavors/survey/components/command/command-trigger.tsx; flavors/timetable/components/command/command-trigger.tsx	
flavors/minimal/components/command/items.ts	edition:components/command	flavors/drawing-set/components/command/items.ts; flavors/surface/components/command/items.ts; flavors/survey/components/command/items.ts; flavors/timetable/components/command/items.ts	flavors/drawing-set/components/command/items.ts; flavors/surface/components/command/items.ts; flavors/survey/components/command/items.ts; flavors/timetable/components/command/items.ts; lib/command/items.ts	
flavors/minimal/components/command/shortcuts.ts	edition:components/command	flavors/drawing-set/components/command/shortcuts.ts; flavors/press/components/command/shortcuts.ts; flavors/surface/components/command/shortcuts.ts; flavors/survey/components/command/shortcuts.ts; flavors/timetable/components/command/shortcuts.ts	flavors/drawing-set/components/command/shortcuts.ts; flavors/press/components/command/shortcuts.ts; flavors/surface/components/command/shortcuts.ts; flavors/survey/components/command/shortcuts.ts; flavors/timetable/components/command/shortcuts.ts; lib/command/shortcuts.ts	
flavors/minimal/components/customize/accent-picker.tsx	edition:components/customize	flavors/drawing-set/components/customize/accent-picker.tsx	flavors/drawing-set/components/customize/accent-picker.tsx	
flavors/minimal/components/customize/control-row.tsx	edition:components/customize	flavors/drawing-set/components/customize/control-row.tsx; flavors/survey/components/customize/control-row.tsx; flavors/timetable/components/customize/control-row.tsx	flavors/drawing-set/components/customize/control-row.tsx; flavors/survey/components/customize/control-row.tsx; flavors/timetable/components/customize/control-row.tsx	
flavors/minimal/components/customize/customize-controls.tsx	edition:components/customize	flavors/drawing-set/components/customize/customize-controls.tsx; flavors/press/components/customize/customize-controls.tsx; flavors/survey/components/customize/customize-controls.tsx; flavors/timetable/components/customize/customize-controls.tsx	flavors/drawing-set/components/customize/customize-controls.tsx; flavors/press/components/customize/customize-controls.tsx; flavors/survey/components/customize/customize-controls.tsx; flavors/timetable/components/customize/customize-controls.tsx	
flavors/minimal/components/customize/customize-panel.tsx	edition:components/customize	flavors/drawing-set/components/customize/customize-panel.tsx; flavors/press/components/customize/customize-panel.tsx; flavors/survey/components/customize/customize-panel.tsx; flavors/timetable/components/customize/customize-panel.tsx	flavors/drawing-set/components/customize/customize-panel.tsx; flavors/press/components/customize/customize-panel.tsx; flavors/survey/components/customize/customize-panel.tsx; flavors/timetable/components/customize/customize-panel.tsx	
flavors/minimal/components/customize/customize-popover.tsx	edition:components/customize			
flavors/minimal/components/customize/texture-picker.tsx	edition:components/customize			
flavors/minimal/components/experience/collapsed-section.tsx	edition:components/experience			
flavors/minimal/components/experience/date-range.tsx	edition:components/experience		flavors/drawing-set/components/work/date-range.tsx	
flavors/minimal/components/experience/education-list.tsx	edition:components/experience			
flavors/minimal/components/experience/experience-entry.tsx	edition:components/experience		flavors/drawing-set/components/work/experience-entry.tsx	
flavors/minimal/components/experience/experience-timeline.tsx	edition:components/experience		flavors/drawing-set/components/work/experience-timeline.tsx	
flavors/minimal/components/experience/experience.module.css	edition:components/experience		flavors/drawing-set/components/work/experience.module.css	
flavors/minimal/components/experience/ongoing-tenure.tsx	edition:components/experience			
flavors/minimal/components/experience/skills-list.tsx	edition:components/experience			
flavors/minimal/components/experience/timeline-rail.tsx	edition:components/experience		flavors/drawing-set/components/work/timeline-rail.tsx	
flavors/minimal/components/home/brand-icons.tsx	edition:components/home			
flavors/minimal/components/home/contact-row.tsx	edition:components/home			
flavors/minimal/components/home/headline.module.css	edition:components/home			
flavors/minimal/components/home/headline.tsx	edition:components/home			
flavors/minimal/components/home/home-section.tsx	edition:components/home			
flavors/minimal/components/home/intro.tsx	edition:components/home			
flavors/minimal/components/home/local-time.tsx	edition:components/home			
flavors/minimal/components/home/more.tsx	edition:components/home			
flavors/minimal/components/home/now-summary.tsx	edition:components/home			
flavors/minimal/components/home/roles-summary.tsx	edition:components/home			
flavors/minimal/components/home/selected-projects.tsx	edition:components/home			
flavors/minimal/components/interaction/__tests__/cursor-state.test.ts	edition:components/interaction			
flavors/minimal/components/interaction/__tests__/navigation-direction.test.ts	edition:components/interaction			
flavors/minimal/components/interaction/__tests__/reveal.test.tsx	edition:components/interaction			
flavors/minimal/components/interaction/__tests__/texture-geometry.test.ts	edition:components/interaction			
flavors/minimal/components/interaction/__tests__/texture-rules.test.ts	edition:components/interaction			
flavors/minimal/components/interaction/cursor-events.ts	edition:components/interaction			
flavors/minimal/components/interaction/cursor-state.ts	edition:components/interaction			
flavors/minimal/components/interaction/cursor.module.css	edition:components/interaction			
flavors/minimal/components/interaction/cursor.tsx	edition:components/interaction	flavors/drawing-set/components/interaction/cursor.tsx; flavors/press/components/interaction/cursor.tsx; flavors/surface/components/interaction/cursor.tsx; flavors/survey/components/interaction/cursor.tsx; flavors/timetable/components/interaction/cursor.tsx	flavors/drawing-set/components/interaction/cursor.tsx; flavors/press/components/interaction/cursor.tsx; flavors/surface/components/interaction/cursor.tsx; flavors/survey/components/interaction/cursor.tsx; flavors/timetable/components/interaction/cursor.tsx	
flavors/minimal/components/interaction/interaction-layer.tsx	edition:components/interaction	flavors/drawing-set/components/interaction/interaction-layer.tsx; flavors/press/components/interaction/interaction-layer.tsx; flavors/survey/components/interaction/interaction-layer.tsx; flavors/timetable/components/interaction/interaction-layer.tsx	flavors/drawing-set/components/interaction/interaction-layer.tsx; flavors/press/components/interaction/interaction-layer.tsx; flavors/survey/components/interaction/interaction-layer.tsx; flavors/timetable/components/interaction/interaction-layer.tsx	
flavors/minimal/components/interaction/navigation-direction.ts	edition:components/interaction			
flavors/minimal/components/interaction/page-transition.tsx	edition:components/interaction			
flavors/minimal/components/interaction/reveal.tsx	edition:components/interaction		flavors/drawing-set/components/motion/reveal.tsx	
flavors/minimal/components/interaction/shared-element.tsx	edition:components/interaction			
flavors/minimal/components/interaction/smooth-scroll.tsx	edition:components/interaction		components/semantic/motion/smooth-scroll.tsx	
flavors/minimal/components/interaction/texture-effects.tsx	edition:components/interaction			
flavors/minimal/components/interaction/texture-geometry.ts	edition:components/interaction			
flavors/minimal/components/interaction/texture-rules.ts	edition:components/interaction			
flavors/minimal/components/interaction/use-view-transitions.ts	edition:components/interaction			
flavors/minimal/components/interaction/view-transitions.module.css	edition:components/interaction			
flavors/minimal/components/lab/experiment-stage.tsx	edition:components/lab	flavors/drawing-set/components/lab/experiment-stage.tsx; flavors/press/components/lab/experiment-stage.tsx; flavors/surface/components/lab/experiment-stage.tsx; flavors/survey/components/lab/experiment-stage.tsx; flavors/timetable/components/lab/experiment-stage.tsx	flavors/drawing-set/components/lab/experiment-stage.tsx; flavors/press/components/lab/experiment-stage.tsx; flavors/surface/components/lab/experiment-stage.tsx; flavors/survey/components/lab/experiment-stage.tsx; flavors/timetable/components/lab/experiment-stage.tsx	
flavors/minimal/components/lab/experiments/signature-field/signature-field-fallback.tsx	edition:components/lab	flavors/drawing-set/components/lab/experiments/signature-field/signature-field-fallback.tsx; flavors/surface/components/lab/experiments/signature-field/signature-field-fallback.tsx; flavors/survey/components/lab/experiments/signature-field/signature-field-fallback.tsx; flavors/timetable/components/lab/experiments/signature-field/signature-field-fallback.tsx	flavors/drawing-set/components/lab/experiments/signature-field/signature-field-fallback.tsx; flavors/press/components/lab/signature-field-fallback.tsx; flavors/surface/components/lab/experiments/signature-field/signature-field-fallback.tsx; flavors/survey/components/lab/experiments/signature-field/signature-field-fallback.tsx; flavors/timetable/components/lab/experiments/signature-field/signature-field-fallback.tsx	
flavors/minimal/components/lab/experiments/signature-field/signature-field.tsx	edition:components/lab	flavors/drawing-set/components/lab/experiments/signature-field/signature-field.tsx; flavors/surface/components/lab/experiments/signature-field/signature-field.tsx; flavors/survey/components/lab/experiments/signature-field/signature-field.tsx; flavors/timetable/components/lab/experiments/signature-field/signature-field.tsx	flavors/drawing-set/components/lab/experiments/signature-field/signature-field.tsx; flavors/press/components/lab/signature-field.tsx; flavors/surface/components/lab/experiments/signature-field/signature-field.tsx; flavors/survey/components/lab/experiments/signature-field/signature-field.tsx; flavors/timetable/components/lab/experiments/signature-field/signature-field.tsx	
flavors/minimal/components/lab/poster.tsx	edition:components/lab	flavors/drawing-set/components/lab/poster.tsx; flavors/surface/components/lab/poster.tsx; flavors/survey/components/lab/poster.tsx; flavors/timetable/components/lab/poster.tsx	flavors/drawing-set/components/lab/poster.tsx; flavors/surface/components/lab/poster.tsx; flavors/survey/components/lab/poster.tsx; flavors/timetable/components/lab/poster.tsx	flavors/drawing-set/components/lab/poster.tsx; flavors/surface/components/lab/poster.tsx; flavors/timetable/components/lab/poster.tsx
flavors/minimal/components/lab/use-accent.ts	edition:components/lab	flavors/drawing-set/components/lab/use-accent.ts; flavors/press/components/lab/use-accent.ts; flavors/surface/components/lab/use-accent.ts; flavors/survey/components/lab/use-accent.ts; flavors/timetable/components/lab/use-accent.ts	flavors/drawing-set/components/lab/use-accent.ts; flavors/press/components/lab/use-accent.ts; flavors/surface/components/lab/use-accent.ts; flavors/survey/components/lab/use-accent.ts; flavors/timetable/components/lab/use-accent.ts	
flavors/minimal/components/link-preview/link-preview-card.tsx	edition:components/link-preview	flavors/drawing-set/components/link-preview/link-preview-card.tsx; flavors/press/components/link-preview/link-preview-card.tsx; flavors/survey/components/link-preview/link-preview-card.tsx; flavors/timetable/components/link-preview/link-preview-card.tsx	flavors/drawing-set/components/link-preview/link-preview-card.tsx; flavors/press/components/link-preview/link-preview-card.tsx; flavors/survey/components/link-preview/link-preview-card.tsx; flavors/timetable/components/link-preview/link-preview-card.tsx	
flavors/minimal/components/link-preview/link-preview-layer.tsx	edition:components/link-preview	flavors/drawing-set/components/link-preview/link-preview-layer.tsx; flavors/press/components/link-preview/link-preview-layer.tsx; flavors/survey/components/link-preview/link-preview-layer.tsx; flavors/timetable/components/link-preview/link-preview-layer.tsx	flavors/drawing-set/components/link-preview/link-preview-layer.tsx; flavors/press/components/link-preview/link-preview-layer.tsx; flavors/survey/components/link-preview/link-preview-layer.tsx; flavors/timetable/components/link-preview/link-preview-layer.tsx	
flavors/minimal/components/now/__tests__/now-layout.test.ts	edition:components/now			
flavors/minimal/components/now/now-layout.ts	edition:components/now			
flavors/minimal/components/now/now-list.tsx	edition:components/now			
flavors/minimal/components/now/updated-ago.tsx	edition:components/now			
flavors/minimal/components/prefs/__tests__/apply-prefs.test.ts	edition:components/prefs			
flavors/minimal/components/prefs/apply-prefs.ts	edition:components/prefs			
flavors/minimal/components/prefs/prefs-script.tsx	edition:components/prefs			
flavors/minimal/components/prefs/prefs-sync.tsx	edition:components/prefs	flavors/drawing-set/components/prefs/prefs-sync.tsx; flavors/press/components/prefs/prefs-sync.tsx; flavors/surface/components/prefs/prefs-sync.tsx; flavors/survey/components/prefs/prefs-sync.tsx; flavors/timetable/components/prefs/prefs-sync.tsx	flavors/drawing-set/components/prefs/prefs-sync.tsx; flavors/press/components/prefs/prefs-sync.tsx; flavors/surface/components/prefs/prefs-sync.tsx; flavors/survey/components/prefs/prefs-sync.tsx; flavors/timetable/components/prefs/prefs-sync.tsx	
flavors/minimal/components/projects/project-filter.tsx	edition:components/projects			
flavors/minimal/components/projects/project-links.tsx	edition:components/projects			
flavors/minimal/components/projects/project-list.module.css	edition:components/projects			
flavors/minimal/components/projects/project-list.tsx	edition:components/projects			
flavors/minimal/components/projects/project-row.module.css	edition:components/projects			
flavors/minimal/components/projects/project-row.tsx	edition:components/projects			
flavors/minimal/components/projects/project-status.tsx	edition:components/projects			
flavors/minimal/components/resume/print-button.tsx	edition:components/resume	flavors/drawing-set/components/resume/print-button.tsx; flavors/press/components/resume/print-button.tsx; flavors/surface/components/resume/print-button.tsx; flavors/survey/components/resume/print-button.tsx; flavors/timetable/components/resume/print-button.tsx	flavors/drawing-set/components/resume/print-button.tsx; flavors/press/components/resume/print-button.tsx; flavors/surface/components/resume/print-button.tsx; flavors/survey/components/resume/print-button.tsx; flavors/timetable/components/resume/print-button.tsx	
flavors/minimal/components/resume/resume-document.tsx	edition:components/resume	flavors/drawing-set/components/resume/resume-document.tsx; flavors/press/components/resume/resume-document.tsx; flavors/surface/components/resume/resume-document.tsx; flavors/survey/components/resume/resume-document.tsx; flavors/timetable/components/resume/resume-document.tsx	flavors/drawing-set/components/resume/resume-document.tsx; flavors/press/components/resume/resume-document.tsx; flavors/surface/components/resume/resume-document.tsx; flavors/survey/components/resume/resume-document.tsx; flavors/timetable/components/resume/resume-document.tsx	
flavors/minimal/components/resume/resume-education.tsx	edition:components/resume	flavors/drawing-set/components/resume/resume-education.tsx; flavors/surface/components/resume/resume-education.tsx	flavors/drawing-set/components/resume/resume-education.tsx; flavors/surface/components/resume/resume-education.tsx	
flavors/minimal/components/resume/resume-experience.tsx	edition:components/resume	flavors/drawing-set/components/resume/resume-experience.tsx; flavors/surface/components/resume/resume-experience.tsx	flavors/drawing-set/components/resume/resume-experience.tsx; flavors/surface/components/resume/resume-experience.tsx	
flavors/minimal/components/resume/resume-header.tsx	edition:components/resume	flavors/drawing-set/components/resume/resume-header.tsx; flavors/surface/components/resume/resume-header.tsx	flavors/drawing-set/components/resume/resume-header.tsx; flavors/surface/components/resume/resume-header.tsx	
flavors/minimal/components/resume/resume-link.tsx	edition:components/resume	flavors/drawing-set/components/resume/resume-link.tsx; flavors/surface/components/resume/resume-link.tsx	flavors/drawing-set/components/resume/resume-link.tsx; flavors/surface/components/resume/resume-link.tsx	
flavors/minimal/components/resume/resume-links.tsx	edition:components/resume			
flavors/minimal/components/resume/resume-projects.tsx	edition:components/resume	flavors/drawing-set/components/resume/resume-projects.tsx; flavors/surface/components/resume/resume-projects.tsx	flavors/drawing-set/components/resume/resume-projects.tsx; flavors/surface/components/resume/resume-projects.tsx	
flavors/minimal/components/resume/resume-section.tsx	edition:components/resume	flavors/drawing-set/components/resume/resume-section.tsx; flavors/surface/components/resume/resume-section.tsx	flavors/drawing-set/components/resume/resume-section.tsx; flavors/surface/components/resume/resume-section.tsx	
flavors/minimal/components/resume/resume-skills.tsx	edition:components/resume	flavors/drawing-set/components/resume/resume-skills.tsx; flavors/surface/components/resume/resume-skills.tsx	flavors/drawing-set/components/resume/resume-skills.tsx; flavors/surface/components/resume/resume-skills.tsx	
flavors/minimal/components/resume/resume.module.css	edition:components/resume	flavors/drawing-set/components/resume/resume.module.css; flavors/press/components/resume/resume.module.css; flavors/surface/components/resume/resume.module.css; flavors/survey/components/resume/resume.module.css; flavors/timetable/components/resume/resume.module.css	flavors/drawing-set/components/resume/resume.module.css; flavors/press/components/resume/resume.module.css; flavors/surface/components/resume/resume.module.css; flavors/survey/components/resume/resume.module.css; flavors/timetable/components/resume/resume.module.css	
flavors/minimal/components/signature/README.md	edition:components/signature			
flavors/minimal/components/signature/signature-paths.ts	edition:components/signature			
flavors/minimal/components/signature/signature.module.css	edition:components/signature			
flavors/minimal/components/signature/signature.tsx	edition:components/signature			
flavors/minimal/components/signature/types.ts	edition:components/signature		flavors/drawing-set/components/now/types.ts; lib/command/types.ts; lib/data/types.ts; lib/lab/types.ts; lib/link-previews/types.ts	
flavors/minimal/components/site/__tests__/reading-progress.test.ts	edition:components/site			
flavors/minimal/components/site/container.tsx	edition:components/site		flavors/drawing-set/components/ui/container.tsx; flavors/press/components/ui/container.tsx; flavors/survey/components/ui/container.tsx; flavors/timetable/components/ui/container.tsx	
flavors/minimal/components/site/current-year.tsx	edition:components/site			
flavors/minimal/components/site/frame.tsx	edition:components/site			
flavors/minimal/components/site/hidden-on.tsx	edition:components/site			
flavors/minimal/components/site/markdown-link.tsx	edition:components/site			
flavors/minimal/components/site/mobile-nav-dialog.tsx	edition:components/site			
flavors/minimal/components/site/mobile-nav.tsx	edition:components/site			
flavors/minimal/components/site/nav-links.tsx	edition:components/site	flavors/drawing-set/components/site/nav-links.tsx; flavors/press/components/site/nav-links.tsx; flavors/survey/components/site/nav-links.tsx; flavors/timetable/components/site/nav-links.tsx	flavors/drawing-set/components/site/nav-links.tsx; flavors/press/components/site/nav-links.tsx; flavors/survey/components/site/nav-links.tsx; flavors/timetable/components/site/nav-links.tsx	
flavors/minimal/components/site/page-header.tsx	edition:components/site		flavors/drawing-set/components/ui/page-header.tsx; flavors/press/components/ui/page-header.tsx; flavors/survey/components/ui/page-header.tsx; flavors/timetable/components/ui/page-header.tsx	
flavors/minimal/components/site/reading-progress.module.css	edition:components/site			
flavors/minimal/components/site/reading-progress.tsx	edition:components/site			
flavors/minimal/components/site/section.tsx	edition:components/site		flavors/drawing-set/components/ui/section.tsx; flavors/survey/components/ui/section.tsx; flavors/timetable/components/ui/section.tsx	
flavors/minimal/components/site/site-footer.tsx	edition:components/site	flavors/drawing-set/components/site/site-footer.tsx; flavors/press/components/site/site-footer.tsx; flavors/surface/components/site/site-footer.tsx; flavors/survey/components/site/site-footer.tsx; flavors/timetable/components/site/site-footer.tsx	flavors/drawing-set/components/site/site-footer.tsx; flavors/press/components/site/site-footer.tsx; flavors/surface/components/site/site-footer.tsx; flavors/survey/components/site/site-footer.tsx; flavors/timetable/components/site/site-footer.tsx	
flavors/minimal/components/site/site-header.tsx	edition:components/site	flavors/drawing-set/components/site/site-header.tsx; flavors/press/components/site/site-header.tsx; flavors/surface/components/site/site-header.tsx; flavors/survey/components/site/site-header.tsx; flavors/timetable/components/site/site-header.tsx	flavors/drawing-set/components/site/site-header.tsx; flavors/press/components/site/site-header.tsx; flavors/surface/components/site/site-header.tsx; flavors/survey/components/site/site-header.tsx; flavors/timetable/components/site/site-header.tsx	
flavors/minimal/components/site/skip-link.tsx	edition:components/site	flavors/drawing-set/components/site/skip-link.tsx; flavors/press/components/site/skip-link.tsx; flavors/survey/components/site/skip-link.tsx; flavors/timetable/components/site/skip-link.tsx	flavors/drawing-set/components/site/skip-link.tsx; flavors/press/components/site/skip-link.tsx; flavors/survey/components/site/skip-link.tsx; flavors/timetable/components/site/skip-link.tsx	
flavors/minimal/components/site/social-links.tsx	edition:components/site			
flavors/minimal/components/site/sticky-header.module.css	edition:components/site			
flavors/minimal/components/site/sticky-header.tsx	edition:components/site			
flavors/minimal/components/site/theme-toggle.tsx	edition:components/site	flavors/press/components/site/theme-toggle.tsx; flavors/survey/components/site/theme-toggle.tsx	flavors/press/components/site/theme-toggle.tsx; flavors/survey/components/site/theme-toggle.tsx	
flavors/minimal/components/site/wordmark.tsx	edition:components/site			
flavors/minimal/components/ui/arrow-link.tsx	edition:components/ui	flavors/drawing-set/components/ui/arrow-link.tsx; flavors/survey/components/ui/arrow-link.tsx; flavors/timetable/components/ui/arrow-link.tsx	flavors/drawing-set/components/ui/arrow-link.tsx; flavors/survey/components/ui/arrow-link.tsx; flavors/timetable/components/ui/arrow-link.tsx	
flavors/minimal/components/ui/avatar.tsx	edition:components/ui			
flavors/minimal/components/ui/back-link.tsx	edition:components/ui			
flavors/minimal/components/ui/button.tsx	edition:components/ui	flavors/drawing-set/components/ui/button.tsx; flavors/press/components/ui/button.tsx; flavors/survey/components/ui/button.tsx; flavors/timetable/components/ui/button.tsx	flavors/drawing-set/components/ui/button.tsx; flavors/press/components/ui/button.tsx; flavors/survey/components/ui/button.tsx; flavors/timetable/components/ui/button.tsx	
flavors/minimal/components/ui/copy-email.tsx	edition:components/ui		flavors/drawing-set/components/site/copy-email.tsx; flavors/press/components/site/copy-email.tsx; flavors/surface/components/home/copy-email.tsx; flavors/survey/components/site/copy-email.tsx; flavors/timetable/components/site/copy-email.tsx	
flavors/minimal/components/ui/disclosure.module.css	edition:components/ui	flavors/drawing-set/components/ui/disclosure.module.css; flavors/survey/components/ui/disclosure.module.css; flavors/timetable/components/ui/disclosure.module.css	flavors/drawing-set/components/ui/disclosure.module.css; flavors/survey/components/ui/disclosure.module.css; flavors/timetable/components/ui/disclosure.module.css	
flavors/minimal/components/ui/disclosure.tsx	edition:components/ui	flavors/drawing-set/components/ui/disclosure.tsx; flavors/press/components/ui/disclosure.tsx; flavors/survey/components/ui/disclosure.tsx; flavors/timetable/components/ui/disclosure.tsx	flavors/drawing-set/components/ui/disclosure.tsx; flavors/press/components/ui/disclosure.tsx; flavors/survey/components/ui/disclosure.tsx; flavors/timetable/components/ui/disclosure.tsx	
flavors/minimal/components/ui/external-link.tsx	edition:components/ui	flavors/drawing-set/components/ui/external-link.tsx; flavors/press/components/ui/external-link.tsx; flavors/survey/components/ui/external-link.tsx; flavors/timetable/components/ui/external-link.tsx	flavors/drawing-set/components/ui/external-link.tsx; flavors/press/components/ui/external-link.tsx; flavors/survey/components/ui/external-link.tsx; flavors/timetable/components/ui/external-link.tsx	
flavors/minimal/components/ui/icon-button.tsx	edition:components/ui			
flavors/minimal/components/ui/kbd.tsx	edition:components/ui	flavors/drawing-set/components/ui/kbd.tsx; flavors/press/components/ui/kbd.tsx; flavors/survey/components/ui/kbd.tsx; flavors/timetable/components/ui/kbd.tsx	flavors/drawing-set/components/ui/kbd.tsx; flavors/press/components/ui/kbd.tsx; flavors/survey/components/ui/kbd.tsx; flavors/timetable/components/ui/kbd.tsx	
flavors/minimal/components/ui/meta-list.tsx	edition:components/ui	flavors/drawing-set/components/ui/meta-list.tsx; flavors/survey/components/ui/meta-list.tsx; flavors/timetable/components/ui/meta-list.tsx	flavors/drawing-set/components/ui/meta-list.tsx; flavors/survey/components/ui/meta-list.tsx; flavors/timetable/components/ui/meta-list.tsx	
flavors/minimal/components/ui/popover.tsx	edition:components/ui	flavors/drawing-set/components/ui/popover.tsx; flavors/press/components/ui/popover.tsx; flavors/survey/components/ui/popover.tsx; flavors/timetable/components/ui/popover.tsx	flavors/drawing-set/components/ui/popover.tsx; flavors/press/components/ui/popover.tsx; flavors/survey/components/ui/popover.tsx; flavors/timetable/components/ui/popover.tsx	
flavors/minimal/components/ui/portable-text.tsx	edition:components/ui			
flavors/minimal/components/ui/segmented-control.tsx	edition:components/ui	flavors/drawing-set/components/ui/segmented-control.tsx; flavors/press/components/ui/segmented-control.tsx; flavors/survey/components/ui/segmented-control.tsx; flavors/timetable/components/ui/segmented-control.tsx	flavors/drawing-set/components/ui/segmented-control.tsx; flavors/press/components/ui/segmented-control.tsx; flavors/survey/components/ui/segmented-control.tsx; flavors/timetable/components/ui/segmented-control.tsx	
flavors/minimal/components/ui/separator.tsx	edition:components/ui			
flavors/minimal/components/ui/slider.tsx	edition:components/ui	flavors/drawing-set/components/ui/slider.tsx	flavors/drawing-set/components/ui/slider.tsx	
flavors/minimal/components/ui/switch.tsx	edition:components/ui	flavors/drawing-set/components/ui/switch.tsx; flavors/press/components/ui/switch.tsx; flavors/survey/components/ui/switch.tsx; flavors/timetable/components/ui/switch.tsx	flavors/drawing-set/components/ui/switch.tsx; flavors/press/components/ui/switch.tsx; flavors/survey/components/ui/switch.tsx; flavors/timetable/components/ui/switch.tsx	
flavors/minimal/components/ui/tag.tsx	edition:components/ui	flavors/drawing-set/components/ui/tag.tsx; flavors/survey/components/ui/tag.tsx; flavors/timetable/components/ui/tag.tsx	flavors/drawing-set/components/ui/tag.tsx; flavors/survey/components/ui/tag.tsx; flavors/timetable/components/ui/tag.tsx	
flavors/minimal/components/ui/url-link.tsx	edition:components/ui			
flavors/minimal/components/visitor-counter/__tests__/visitor-counter.test.tsx	edition:components/visitor-counter			
flavors/minimal/components/visitor-counter/animated-count.tsx	edition:components/visitor-counter		components/semantic/visitor-count/animated-count.tsx	
flavors/minimal/components/visitor-counter/visitor-counter.tsx	edition:components/visitor-counter	flavors/drawing-set/components/visitor-counter/visitor-counter.tsx; flavors/press/components/visitor-counter/visitor-counter.tsx; flavors/survey/components/visitor-counter/visitor-counter.tsx; flavors/timetable/components/visitor-counter/visitor-counter.tsx	flavors/drawing-set/components/visitor-counter/visitor-counter.tsx; flavors/press/components/visitor-counter/visitor-counter.tsx; flavors/survey/components/visitor-counter/visitor-counter.tsx; flavors/timetable/components/visitor-counter/visitor-counter.tsx	
flavors/minimal/content.ts	edition:content.ts	flavors/drawing-set/content.ts; flavors/press/content.ts; flavors/surface/content.ts; flavors/survey/content.ts; flavors/timetable/content.ts	flavors/drawing-set/content.ts; flavors/press/content.ts; flavors/surface/content.ts; flavors/survey/content.ts; flavors/timetable/content.ts	
flavors/minimal/lib/__tests__/prefs-store.test.ts	edition:lib/__tests__	flavors/drawing-set/lib/__tests__/prefs-store.test.ts; flavors/timetable/lib/__tests__/prefs-store.test.ts	flavors/drawing-set/lib/__tests__/prefs-store.test.ts; flavors/timetable/lib/__tests__/prefs-store.test.ts	
flavors/minimal/lib/__tests__/prefs.test.ts	edition:lib/__tests__	flavors/drawing-set/lib/__tests__/prefs.test.ts; flavors/surface/lib/__tests__/prefs.test.ts; flavors/timetable/lib/__tests__/prefs.test.ts	flavors/drawing-set/lib/__tests__/prefs.test.ts; flavors/surface/lib/__tests__/prefs.test.ts; flavors/timetable/lib/__tests__/prefs.test.ts	
flavors/minimal/lib/__tests__/utils.test.ts	edition:lib/__tests__	flavors/drawing-set/lib/__tests__/utils.test.ts; flavors/surface/lib/__tests__/utils.test.ts; flavors/survey/lib/__tests__/utils.test.ts; flavors/timetable/lib/__tests__/utils.test.ts	flavors/drawing-set/lib/__tests__/utils.test.ts; flavors/surface/lib/__tests__/utils.test.ts; flavors/survey/lib/__tests__/utils.test.ts; flavors/timetable/lib/__tests__/utils.test.ts	
flavors/minimal/lib/fonts.ts	edition:lib/fonts.ts	flavors/drawing-set/lib/fonts.ts; flavors/press/lib/fonts.ts; flavors/surface/lib/fonts.ts; flavors/survey/lib/fonts.ts; flavors/timetable/lib/fonts.ts	flavors/drawing-set/lib/fonts.ts; flavors/picker/fonts.ts; flavors/press/lib/fonts.ts; flavors/surface/lib/fonts.ts; flavors/survey/lib/fonts.ts; flavors/timetable/lib/fonts.ts	
flavors/minimal/lib/interaction/__tests__/theme-reveal.test.ts	edition:lib/interaction			
flavors/minimal/lib/interaction/shared-element-name.ts	edition:lib/interaction			
flavors/minimal/lib/interaction/theme-reveal.ts	edition:lib/interaction			
flavors/minimal/lib/prefs-store.ts	edition:lib/prefs-store.ts	flavors/drawing-set/lib/prefs-store.ts; flavors/press/lib/prefs-store.ts; flavors/surface/lib/prefs-store.ts; flavors/survey/lib/prefs-store.ts; flavors/timetable/lib/prefs-store.ts	flavors/drawing-set/lib/prefs-store.ts; flavors/press/lib/prefs-store.ts; flavors/surface/lib/prefs-store.ts; flavors/survey/lib/prefs-store.ts; flavors/timetable/lib/prefs-store.ts	
flavors/minimal/lib/prefs.ts	edition:lib/prefs.ts	flavors/drawing-set/lib/prefs.ts; flavors/press/lib/prefs.ts; flavors/surface/lib/prefs.ts; flavors/survey/lib/prefs.ts; flavors/timetable/lib/prefs.ts	flavors/drawing-set/lib/prefs.ts; flavors/press/lib/prefs.ts; flavors/surface/lib/prefs.ts; flavors/survey/lib/prefs.ts; flavors/timetable/lib/prefs.ts	
flavors/minimal/lib/projects/__tests__/filter-hash.test.ts	edition:lib/projects			
flavors/minimal/lib/projects/filter-hash.ts	edition:lib/projects			
flavors/minimal/lib/signature/__tests__/timing.test.ts	edition:lib/signature		lib/ask/__tests__/timing.test.ts	
flavors/minimal/lib/signature/timing.ts	edition:lib/signature		lib/ask/timing.ts	
flavors/minimal/lib/utils.ts	edition:lib/utils.ts	flavors/drawing-set/lib/utils.ts; flavors/press/lib/utils.ts; flavors/surface/lib/utils.ts; flavors/survey/lib/utils.ts; flavors/timetable/lib/utils.ts	flavors/drawing-set/lib/utils.ts; flavors/press/lib/utils.ts; flavors/surface/lib/utils.ts; flavors/survey/lib/utils.ts; flavors/timetable/lib/utils.ts	
flavors/minimal/styles.css	edition:styles.css	flavors/drawing-set/styles.css; flavors/press/styles.css; flavors/surface/styles.css; flavors/survey/styles.css; flavors/timetable/styles.css	flavors/drawing-set/styles.css; flavors/picker/styles.css; flavors/press/styles.css; flavors/surface/styles.css; flavors/survey/styles.css; flavors/timetable/styles.css	
flavors/picker/fonts.ts	edition:fonts.ts		flavors/drawing-set/lib/fonts.ts; flavors/minimal/lib/fonts.ts; flavors/press/lib/fonts.ts; flavors/surface/lib/fonts.ts; flavors/survey/lib/fonts.ts; flavors/timetable/lib/fonts.ts	
flavors/picker/specimens.tsx	edition:specimens.tsx			
flavors/picker/styles.css	edition:styles.css		flavors/drawing-set/styles.css; flavors/minimal/styles.css; flavors/press/styles.css; flavors/surface/styles.css; flavors/survey/styles.css; flavors/timetable/styles.css	
flavors/press/components/ask/composer.tsx	edition:components/ask			
flavors/press/components/ask/feed.tsx	edition:components/ask			
flavors/press/components/ask/labels.ts	edition:components/ask		lib/data/labels.ts	
flavors/press/components/ask/message-body.tsx	edition:components/ask	flavors/drawing-set/components/ask/message-body.tsx; flavors/minimal/components/ask/message-body.tsx; flavors/surface/components/ask/message-body.tsx; flavors/survey/components/ask/message-body.tsx; flavors/timetable/components/ask/message-body.tsx	flavors/drawing-set/components/ask/message-body.tsx; flavors/minimal/components/ask/message-body.tsx; flavors/surface/components/ask/message-body.tsx; flavors/survey/components/ask/message-body.tsx; flavors/timetable/components/ask/message-body.tsx	
flavors/press/components/ask/message-menu.tsx	edition:components/ask	flavors/drawing-set/components/ask/message-menu.tsx; flavors/minimal/components/ask/message-menu.tsx; flavors/surface/components/ask/message-menu.tsx; flavors/survey/components/ask/message-menu.tsx; flavors/timetable/components/ask/message-menu.tsx	flavors/drawing-set/components/ask/message-menu.tsx; flavors/minimal/components/ask/message-menu.tsx; flavors/surface/components/ask/message-menu.tsx; flavors/survey/components/ask/message-menu.tsx; flavors/timetable/components/ask/message-menu.tsx	
flavors/press/components/ask/message.tsx	edition:components/ask			
flavors/press/components/ask/moderation-strip.tsx	edition:components/ask	flavors/drawing-set/components/ask/moderation-strip.tsx; flavors/minimal/components/ask/moderation-strip.tsx; flavors/surface/components/ask/moderation-strip.tsx; flavors/survey/components/ask/moderation-strip.tsx; flavors/timetable/components/ask/moderation-strip.tsx	flavors/drawing-set/components/ask/moderation-strip.tsx; flavors/minimal/components/ask/moderation-strip.tsx; flavors/surface/components/ask/moderation-strip.tsx; flavors/survey/components/ask/moderation-strip.tsx; flavors/timetable/components/ask/moderation-strip.tsx	
flavors/press/components/ask/owner-sign-in.tsx	edition:components/ask	flavors/drawing-set/components/ask/owner-sign-in.tsx; flavors/minimal/components/ask/owner-sign-in.tsx; flavors/surface/components/ask/owner-sign-in.tsx; flavors/survey/components/ask/owner-sign-in.tsx; flavors/timetable/components/ask/owner-sign-in.tsx	flavors/drawing-set/components/ask/owner-sign-in.tsx; flavors/minimal/components/ask/owner-sign-in.tsx; flavors/surface/components/ask/owner-sign-in.tsx; flavors/survey/components/ask/owner-sign-in.tsx; flavors/timetable/components/ask/owner-sign-in.tsx	
flavors/press/components/ask/pagination.tsx	edition:components/ask			
flavors/press/components/ask/pending.tsx	edition:components/ask			
flavors/press/components/ask/thread-reply.tsx	edition:components/ask	flavors/drawing-set/components/ask/thread-reply.tsx; flavors/minimal/components/ask/thread-reply.tsx; flavors/surface/components/ask/thread-reply.tsx; flavors/survey/components/ask/thread-reply.tsx; flavors/timetable/components/ask/thread-reply.tsx	flavors/drawing-set/components/ask/thread-reply.tsx; flavors/minimal/components/ask/thread-reply.tsx; flavors/surface/components/ask/thread-reply.tsx; flavors/survey/components/ask/thread-reply.tsx; flavors/timetable/components/ask/thread-reply.tsx	
flavors/press/components/ask/thread.tsx	edition:components/ask			
flavors/press/components/command/__tests__/shortcuts.test.ts	edition:components/command	flavors/drawing-set/components/command/__tests__/shortcuts.test.ts; flavors/minimal/components/command/__tests__/shortcuts.test.ts; flavors/surface/components/command/__tests__/shortcuts.test.ts; flavors/timetable/components/command/__tests__/shortcuts.test.ts	flavors/drawing-set/components/command/__tests__/shortcuts.test.ts; flavors/minimal/components/command/__tests__/shortcuts.test.ts; flavors/surface/components/command/__tests__/shortcuts.test.ts; flavors/timetable/components/command/__tests__/shortcuts.test.ts; lib/command/__tests__/shortcuts.test.ts	
flavors/press/components/command/command-dialog.tsx	edition:components/command	flavors/drawing-set/components/command/command-dialog.tsx; flavors/minimal/components/command/command-dialog.tsx; flavors/surface/components/command/command-dialog.tsx; flavors/survey/components/command/command-dialog.tsx; flavors/timetable/components/command/command-dialog.tsx	flavors/drawing-set/components/command/command-dialog.tsx; flavors/minimal/components/command/command-dialog.tsx; flavors/surface/components/command/command-dialog.tsx; flavors/survey/components/command/command-dialog.tsx; flavors/timetable/components/command/command-dialog.tsx	
flavors/press/components/command/command-menu.tsx	edition:components/command	flavors/drawing-set/components/command/command-menu.tsx; flavors/minimal/components/command/command-menu.tsx; flavors/surface/components/command/command-menu.tsx; flavors/survey/components/command/command-menu.tsx; flavors/timetable/components/command/command-menu.tsx	flavors/drawing-set/components/command/command-menu.tsx; flavors/minimal/components/command/command-menu.tsx; flavors/surface/components/command/command-menu.tsx; flavors/survey/components/command/command-menu.tsx; flavors/timetable/components/command/command-menu.tsx	
flavors/press/components/command/command-row.tsx	edition:components/command	flavors/drawing-set/components/command/command-row.tsx; flavors/minimal/components/command/command-row.tsx; flavors/surface/components/command/command-row.tsx; flavors/survey/components/command/command-row.tsx; flavors/timetable/components/command/command-row.tsx	flavors/drawing-set/components/command/command-row.tsx; flavors/minimal/components/command/command-row.tsx; flavors/surface/components/command/command-row.tsx; flavors/survey/components/command/command-row.tsx; flavors/timetable/components/command/command-row.tsx	
flavors/press/components/command/command-trigger.tsx	edition:components/command	flavors/drawing-set/components/command/command-trigger.tsx; flavors/minimal/components/command/command-trigger.tsx; flavors/surface/components/command/command-trigger.tsx; flavors/survey/components/command/command-trigger.tsx; flavors/timetable/components/command/command-trigger.tsx	flavors/drawing-set/components/command/command-trigger.tsx; flavors/minimal/components/command/command-trigger.tsx; flavors/surface/components/command/command-trigger.tsx; flavors/survey/components/command/command-trigger.tsx; flavors/timetable/components/command/command-trigger.tsx	
flavors/press/components/command/copy.ts	edition:components/command	flavors/survey/components/command/copy.ts	flavors/survey/components/command/copy.ts	
flavors/press/components/command/index.ts	edition:components/command	flavors/drawing-set/components/command/index.ts; flavors/survey/components/command/index.ts; flavors/timetable/components/command/index.ts	flavors/drawing-set/components/command/index.ts; flavors/drawing-set/components/customize/index.ts; flavors/drawing-set/components/link-preview/index.ts; flavors/drawing-set/components/site/index.ts; flavors/drawing-set/components/ui/index.ts; flavors/drawing-set/components/visitor-counter/index.ts; flavors/press/components/customize/index.ts; flavors/survey/components/command/index.ts; flavors/survey/components/customize/index.ts; flavors/survey/components/link-preview/index.ts; flavors/survey/components/site/index.ts; flavors/survey/components/visitor-counter/index.ts; flavors/timetable/components/command/index.ts; flavors/timetable/components/customize/index.ts; flavors/timetable/components/link-preview/index.ts; flavors/timetable/components/site/index.ts; flavors/timetable/components/ui/index.ts; flavors/timetable/components/visitor-counter/index.ts; lib/data/index.ts; lib/markdown/index.ts	
flavors/press/components/command/shortcuts.ts	edition:components/command	flavors/drawing-set/components/command/shortcuts.ts; flavors/minimal/components/command/shortcuts.ts; flavors/surface/components/command/shortcuts.ts; flavors/survey/components/command/shortcuts.ts; flavors/timetable/components/command/shortcuts.ts	flavors/drawing-set/components/command/shortcuts.ts; flavors/minimal/components/command/shortcuts.ts; flavors/surface/components/command/shortcuts.ts; flavors/survey/components/command/shortcuts.ts; flavors/timetable/components/command/shortcuts.ts; lib/command/shortcuts.ts	
flavors/press/components/customize/customize-controls.tsx	edition:components/customize	flavors/drawing-set/components/customize/customize-controls.tsx; flavors/minimal/components/customize/customize-controls.tsx; flavors/survey/components/customize/customize-controls.tsx; flavors/timetable/components/customize/customize-controls.tsx	flavors/drawing-set/components/customize/customize-controls.tsx; flavors/minimal/components/customize/customize-controls.tsx; flavors/survey/components/customize/customize-controls.tsx; flavors/timetable/components/customize/customize-controls.tsx	
flavors/press/components/customize/customize-panel.tsx	edition:components/customize	flavors/drawing-set/components/customize/customize-panel.tsx; flavors/minimal/components/customize/customize-panel.tsx; flavors/survey/components/customize/customize-panel.tsx; flavors/timetable/components/customize/customize-panel.tsx	flavors/drawing-set/components/customize/customize-panel.tsx; flavors/minimal/components/customize/customize-panel.tsx; flavors/survey/components/customize/customize-panel.tsx; flavors/timetable/components/customize/customize-panel.tsx	
flavors/press/components/customize/customize-trigger.tsx	edition:components/customize	flavors/drawing-set/components/customize/customize-trigger.tsx; flavors/survey/components/customize/customize-trigger.tsx; flavors/timetable/components/customize/customize-trigger.tsx	flavors/drawing-set/components/customize/customize-trigger.tsx; flavors/survey/components/customize/customize-trigger.tsx; flavors/timetable/components/customize/customize-trigger.tsx	
flavors/press/components/customize/index.ts	edition:components/customize	flavors/drawing-set/components/customize/index.ts; flavors/survey/components/customize/index.ts; flavors/timetable/components/customize/index.ts	flavors/drawing-set/components/command/index.ts; flavors/drawing-set/components/customize/index.ts; flavors/drawing-set/components/link-preview/index.ts; flavors/drawing-set/components/site/index.ts; flavors/drawing-set/components/ui/index.ts; flavors/drawing-set/components/visitor-counter/index.ts; flavors/press/components/command/index.ts; flavors/survey/components/command/index.ts; flavors/survey/components/customize/index.ts; flavors/survey/components/link-preview/index.ts; flavors/survey/components/site/index.ts; flavors/survey/components/visitor-counter/index.ts; flavors/timetable/components/command/index.ts; flavors/timetable/components/customize/index.ts; flavors/timetable/components/link-preview/index.ts; flavors/timetable/components/site/index.ts; flavors/timetable/components/ui/index.ts; flavors/timetable/components/visitor-counter/index.ts; lib/data/index.ts; lib/markdown/index.ts	
flavors/press/components/home/hero.tsx	edition:components/home	flavors/drawing-set/components/home/hero.tsx; flavors/surface/components/home/hero.tsx; flavors/survey/components/home/hero.tsx; flavors/timetable/components/home/hero.tsx	flavors/drawing-set/components/home/hero.tsx; flavors/surface/components/home/hero.tsx; flavors/survey/components/home/hero.tsx; flavors/timetable/components/home/hero.tsx	
flavors/press/components/home/latest-proof.tsx	edition:components/home			
flavors/press/components/interaction/cursor.tsx	edition:components/interaction	flavors/drawing-set/components/interaction/cursor.tsx; flavors/minimal/components/interaction/cursor.tsx; flavors/surface/components/interaction/cursor.tsx; flavors/survey/components/interaction/cursor.tsx; flavors/timetable/components/interaction/cursor.tsx	flavors/drawing-set/components/interaction/cursor.tsx; flavors/minimal/components/interaction/cursor.tsx; flavors/surface/components/interaction/cursor.tsx; flavors/survey/components/interaction/cursor.tsx; flavors/timetable/components/interaction/cursor.tsx	
flavors/press/components/interaction/interaction-layer.tsx	edition:components/interaction	flavors/drawing-set/components/interaction/interaction-layer.tsx; flavors/minimal/components/interaction/interaction-layer.tsx; flavors/survey/components/interaction/interaction-layer.tsx; flavors/timetable/components/interaction/interaction-layer.tsx	flavors/drawing-set/components/interaction/interaction-layer.tsx; flavors/minimal/components/interaction/interaction-layer.tsx; flavors/survey/components/interaction/interaction-layer.tsx; flavors/timetable/components/interaction/interaction-layer.tsx	
flavors/press/components/lab/experiment-stage.tsx	edition:components/lab	flavors/drawing-set/components/lab/experiment-stage.tsx; flavors/minimal/components/lab/experiment-stage.tsx; flavors/surface/components/lab/experiment-stage.tsx; flavors/survey/components/lab/experiment-stage.tsx; flavors/timetable/components/lab/experiment-stage.tsx	flavors/drawing-set/components/lab/experiment-stage.tsx; flavors/minimal/components/lab/experiment-stage.tsx; flavors/surface/components/lab/experiment-stage.tsx; flavors/survey/components/lab/experiment-stage.tsx; flavors/timetable/components/lab/experiment-stage.tsx	
flavors/press/components/lab/experiments.tsx	edition:components/lab			
flavors/press/components/lab/signature-field-fallback.tsx	edition:components/lab		flavors/drawing-set/components/lab/experiments/signature-field/signature-field-fallback.tsx; flavors/minimal/components/lab/experiments/signature-field/signature-field-fallback.tsx; flavors/surface/components/lab/experiments/signature-field/signature-field-fallback.tsx; flavors/survey/components/lab/experiments/signature-field/signature-field-fallback.tsx; flavors/timetable/components/lab/experiments/signature-field/signature-field-fallback.tsx	
flavors/press/components/lab/signature-field.tsx	edition:components/lab		flavors/drawing-set/components/lab/experiments/signature-field/signature-field.tsx; flavors/minimal/components/lab/experiments/signature-field/signature-field.tsx; flavors/surface/components/lab/experiments/signature-field/signature-field.tsx; flavors/survey/components/lab/experiments/signature-field/signature-field.tsx; flavors/timetable/components/lab/experiments/signature-field/signature-field.tsx	
flavors/press/components/lab/use-accent.ts	edition:components/lab	flavors/drawing-set/components/lab/use-accent.ts; flavors/minimal/components/lab/use-accent.ts; flavors/surface/components/lab/use-accent.ts; flavors/survey/components/lab/use-accent.ts; flavors/timetable/components/lab/use-accent.ts	flavors/drawing-set/components/lab/use-accent.ts; flavors/minimal/components/lab/use-accent.ts; flavors/surface/components/lab/use-accent.ts; flavors/survey/components/lab/use-accent.ts; flavors/timetable/components/lab/use-accent.ts	
flavors/press/components/link-preview/link-preview-card.tsx	edition:components/link-preview	flavors/drawing-set/components/link-preview/link-preview-card.tsx; flavors/minimal/components/link-preview/link-preview-card.tsx; flavors/survey/components/link-preview/link-preview-card.tsx; flavors/timetable/components/link-preview/link-preview-card.tsx	flavors/drawing-set/components/link-preview/link-preview-card.tsx; flavors/minimal/components/link-preview/link-preview-card.tsx; flavors/survey/components/link-preview/link-preview-card.tsx; flavors/timetable/components/link-preview/link-preview-card.tsx	
flavors/press/components/link-preview/link-preview-layer.tsx	edition:components/link-preview	flavors/drawing-set/components/link-preview/link-preview-layer.tsx; flavors/minimal/components/link-preview/link-preview-layer.tsx; flavors/survey/components/link-preview/link-preview-layer.tsx; flavors/timetable/components/link-preview/link-preview-layer.tsx	flavors/drawing-set/components/link-preview/link-preview-layer.tsx; flavors/minimal/components/link-preview/link-preview-layer.tsx; flavors/survey/components/link-preview/link-preview-layer.tsx; flavors/timetable/components/link-preview/link-preview-layer.tsx	
flavors/press/components/now/now-item.tsx	edition:components/now			
flavors/press/components/prefs/prefs-sync.tsx	edition:components/prefs	flavors/drawing-set/components/prefs/prefs-sync.tsx; flavors/minimal/components/prefs/prefs-sync.tsx; flavors/surface/components/prefs/prefs-sync.tsx; flavors/survey/components/prefs/prefs-sync.tsx; flavors/timetable/components/prefs/prefs-sync.tsx	flavors/drawing-set/components/prefs/prefs-sync.tsx; flavors/minimal/components/prefs/prefs-sync.tsx; flavors/surface/components/prefs/prefs-sync.tsx; flavors/survey/components/prefs/prefs-sync.tsx; flavors/timetable/components/prefs/prefs-sync.tsx	
flavors/press/components/projects/__tests__/proof-card.test.tsx	edition:components/projects			
flavors/press/components/projects/progressive-proof.tsx	edition:components/projects			
flavors/press/components/projects/proof-card.tsx	edition:components/projects			
flavors/press/components/projects/status-stamp.tsx	edition:components/projects	flavors/drawing-set/components/projects/status-stamp.tsx	flavors/drawing-set/components/projects/status-stamp.tsx	
flavors/press/components/resume/print-button.tsx	edition:components/resume	flavors/drawing-set/components/resume/print-button.tsx; flavors/minimal/components/resume/print-button.tsx; flavors/surface/components/resume/print-button.tsx; flavors/survey/components/resume/print-button.tsx; flavors/timetable/components/resume/print-button.tsx	flavors/drawing-set/components/resume/print-button.tsx; flavors/minimal/components/resume/print-button.tsx; flavors/surface/components/resume/print-button.tsx; flavors/survey/components/resume/print-button.tsx; flavors/timetable/components/resume/print-button.tsx	
flavors/press/components/resume/resume-document.tsx	edition:components/resume	flavors/drawing-set/components/resume/resume-document.tsx; flavors/minimal/components/resume/resume-document.tsx; flavors/surface/components/resume/resume-document.tsx; flavors/survey/components/resume/resume-document.tsx; flavors/timetable/components/resume/resume-document.tsx	flavors/drawing-set/components/resume/resume-document.tsx; flavors/minimal/components/resume/resume-document.tsx; flavors/surface/components/resume/resume-document.tsx; flavors/survey/components/resume/resume-document.tsx; flavors/timetable/components/resume/resume-document.tsx	
flavors/press/components/resume/resume.module.css	edition:components/resume	flavors/drawing-set/components/resume/resume.module.css; flavors/minimal/components/resume/resume.module.css; flavors/surface/components/resume/resume.module.css; flavors/survey/components/resume/resume.module.css; flavors/timetable/components/resume/resume.module.css	flavors/drawing-set/components/resume/resume.module.css; flavors/minimal/components/resume/resume.module.css; flavors/surface/components/resume/resume.module.css; flavors/survey/components/resume/resume.module.css; flavors/timetable/components/resume/resume.module.css	
flavors/press/components/scene/scene-loader.tsx	edition:components/scene	flavors/drawing-set/components/scene/scene-loader.tsx; flavors/survey/components/scene/scene-loader.tsx; flavors/timetable/components/scene/scene-loader.tsx	flavors/drawing-set/components/scene/scene-loader.tsx; flavors/survey/components/scene/scene-loader.tsx; flavors/timetable/components/scene/scene-loader.tsx	
flavors/press/components/scene/scene-root.tsx	edition:components/scene	flavors/drawing-set/components/scene/scene-root.tsx; flavors/timetable/components/scene/scene-root.tsx	flavors/drawing-set/components/scene/scene-root.tsx; flavors/timetable/components/scene/scene-root.tsx	
flavors/press/components/scene/world.tsx	edition:components/scene	flavors/drawing-set/components/scene/world.tsx; flavors/timetable/components/scene/world.tsx	flavors/drawing-set/components/scene/world.tsx; flavors/timetable/components/scene/world.tsx	
flavors/press/components/site/copy-email.tsx	edition:components/site	flavors/drawing-set/components/site/copy-email.tsx; flavors/survey/components/site/copy-email.tsx; flavors/timetable/components/site/copy-email.tsx	flavors/drawing-set/components/site/copy-email.tsx; flavors/minimal/components/ui/copy-email.tsx; flavors/surface/components/home/copy-email.tsx; flavors/survey/components/site/copy-email.tsx; flavors/timetable/components/site/copy-email.tsx	
flavors/press/components/site/deferred-layers.tsx	edition:components/site	flavors/drawing-set/components/site/deferred-layers.tsx; flavors/survey/components/site/deferred-layers.tsx; flavors/timetable/components/site/deferred-layers.tsx	flavors/drawing-set/components/site/deferred-layers.tsx; flavors/survey/components/site/deferred-layers.tsx; flavors/timetable/components/site/deferred-layers.tsx	
flavors/press/components/site/deferred-shell.tsx	edition:components/site	flavors/drawing-set/components/site/deferred-shell.tsx; flavors/survey/components/site/deferred-shell.tsx; flavors/timetable/components/site/deferred-shell.tsx	flavors/drawing-set/components/site/deferred-shell.tsx; flavors/survey/components/site/deferred-shell.tsx; flavors/timetable/components/site/deferred-shell.tsx	
flavors/press/components/site/nav-links.tsx	edition:components/site	flavors/drawing-set/components/site/nav-links.tsx; flavors/minimal/components/site/nav-links.tsx; flavors/survey/components/site/nav-links.tsx; flavors/timetable/components/site/nav-links.tsx	flavors/drawing-set/components/site/nav-links.tsx; flavors/minimal/components/site/nav-links.tsx; flavors/survey/components/site/nav-links.tsx; flavors/timetable/components/site/nav-links.tsx	
flavors/press/components/site/page.tsx	edition:components/site	flavors/drawing-set/components/site/page.tsx; flavors/surface/components/site/page.tsx; flavors/survey/components/site/page.tsx; flavors/timetable/components/site/page.tsx	app/f/drawing-set/[...missing]/page.tsx; app/f/drawing-set/about/page.tsx; app/f/drawing-set/ask/[slug]/page.tsx; app/f/drawing-set/ask/page.tsx; app/f/drawing-set/ask/page/[page]/page.tsx; app/f/drawing-set/changelog/page.tsx; app/f/drawing-set/lab/[slug]/page.tsx; app/f/drawing-set/lab/page.tsx; app/f/drawing-set/now/page.tsx; app/f/drawing-set/owner/page.tsx; app/f/drawing-set/page.tsx; app/f/drawing-set/projects/[slug]/page.tsx; app/f/drawing-set/projects/page.tsx; app/f/drawing-set/resume/page.tsx; app/f/drawing-set/work/page.tsx; app/f/minimal/[...missing]/page.tsx; app/f/minimal/about/page.tsx; app/f/minimal/ask/[slug]/page.tsx; app/f/minimal/ask/page.tsx; app/f/minimal/ask/page/[page]/page.tsx; app/f/minimal/changelog/page.tsx; app/f/minimal/lab/[slug]/page.tsx; app/f/minimal/lab/page.tsx; app/f/minimal/now/page.tsx; app/f/minimal/owner/page.tsx; app/f/minimal/page.tsx; app/f/minimal/projects/[slug]/page.tsx; app/f/minimal/projects/page.tsx; app/f/minimal/resume/page.tsx; app/f/minimal/work/page.tsx; app/f/press/[...missing]/page.tsx; app/f/press/about/page.tsx; app/f/press/ask/[slug]/page.tsx; app/f/press/ask/page.tsx; app/f/press/ask/page/[page]/page.tsx; app/f/press/changelog/page.tsx; app/f/press/lab/[slug]/page.tsx; app/f/press/lab/page.tsx; app/f/press/now/page.tsx; app/f/press/owner/page.tsx; app/f/press/page.tsx; app/f/press/projects/[slug]/page.tsx; app/f/press/projects/page.tsx; app/f/press/resume/page.tsx; app/f/press/work/page.tsx; app/f/surface/[...missing]/page.tsx; app/f/surface/about/page.tsx; app/f/surface/ask/[slug]/page.tsx; app/f/surface/ask/page.tsx; app/f/surface/ask/page/[page]/page.tsx; app/f/surface/changelog/page.tsx; app/f/surface/lab/[slug]/page.tsx; app/f/surface/lab/page.tsx; app/f/surface/now/page.tsx; app/f/surface/owner/page.tsx; app/f/surface/page.tsx; app/f/surface/projects/[slug]/page.tsx; app/f/surface/projects/page.tsx; app/f/surface/resume/page.tsx; app/f/surface/work/page.tsx; app/f/survey/[...missing]/page.tsx; app/f/survey/about/page.tsx; app/f/survey/ask/[slug]/page.tsx; app/f/survey/ask/page.tsx; app/f/survey/ask/page/[page]/page.tsx; app/f/survey/changelog/page.tsx; app/f/survey/lab/[slug]/page.tsx; app/f/survey/lab/page.tsx; app/f/survey/now/page.tsx; app/f/survey/owner/page.tsx; app/f/survey/page.tsx; app/f/survey/projects/[slug]/page.tsx; app/f/survey/projects/page.tsx; app/f/survey/resume/page.tsx; app/f/survey/work/page.tsx; app/f/timetable/[...missing]/page.tsx; app/f/timetable/about/page.tsx; app/f/timetable/ask/[slug]/page.tsx; app/f/timetable/ask/page.tsx; app/f/timetable/ask/page/[page]/page.tsx; app/f/timetable/changelog/page.tsx; app/f/timetable/lab/[slug]/page.tsx; app/f/timetable/lab/page.tsx; app/f/timetable/now/page.tsx; app/f/timetable/owner/page.tsx; app/f/timetable/page.tsx; app/f/timetable/projects/[slug]/page.tsx; app/f/timetable/projects/page.tsx; app/f/timetable/resume/page.tsx; app/f/timetable/work/page.tsx; flavors/drawing-set/components/site/page.tsx; flavors/surface/components/site/page.tsx; flavors/survey/components/site/page.tsx; flavors/timetable/components/site/page.tsx	
flavors/press/components/site/scene-poster.tsx	edition:components/site	flavors/timetable/components/site/scene-poster.tsx	flavors/timetable/components/site/scene-poster.tsx	
flavors/press/components/site/scene-slot.tsx	edition:components/site	flavors/drawing-set/components/site/scene-slot.tsx; flavors/timetable/components/site/scene-slot.tsx	flavors/drawing-set/components/site/scene-slot.tsx; flavors/survey/components/scene/scene-slot.tsx; flavors/timetable/components/site/scene-slot.tsx	
flavors/press/components/site/sheet-frame.tsx	edition:components/site			
flavors/press/components/site/sheet-slug.tsx	edition:components/site			
flavors/press/components/site/site-footer.tsx	edition:components/site	flavors/drawing-set/components/site/site-footer.tsx; flavors/minimal/components/site/site-footer.tsx; flavors/surface/components/site/site-footer.tsx; flavors/survey/components/site/site-footer.tsx; flavors/timetable/components/site/site-footer.tsx	flavors/drawing-set/components/site/site-footer.tsx; flavors/minimal/components/site/site-footer.tsx; flavors/surface/components/site/site-footer.tsx; flavors/survey/components/site/site-footer.tsx; flavors/timetable/components/site/site-footer.tsx	
flavors/press/components/site/site-header.tsx	edition:components/site	flavors/drawing-set/components/site/site-header.tsx; flavors/minimal/components/site/site-header.tsx; flavors/surface/components/site/site-header.tsx; flavors/survey/components/site/site-header.tsx; flavors/timetable/components/site/site-header.tsx	flavors/drawing-set/components/site/site-header.tsx; flavors/minimal/components/site/site-header.tsx; flavors/surface/components/site/site-header.tsx; flavors/survey/components/site/site-header.tsx; flavors/timetable/components/site/site-header.tsx	
flavors/press/components/site/skip-link.tsx	edition:components/site	flavors/drawing-set/components/site/skip-link.tsx; flavors/minimal/components/site/skip-link.tsx; flavors/survey/components/site/skip-link.tsx; flavors/timetable/components/site/skip-link.tsx	flavors/drawing-set/components/site/skip-link.tsx; flavors/minimal/components/site/skip-link.tsx; flavors/survey/components/site/skip-link.tsx; flavors/timetable/components/site/skip-link.tsx	
flavors/press/components/site/snap-in-fallback.tsx	edition:components/site			
flavors/press/components/site/theme-toggle.tsx	edition:components/site	flavors/minimal/components/site/theme-toggle.tsx; flavors/survey/components/site/theme-toggle.tsx	flavors/minimal/components/site/theme-toggle.tsx; flavors/survey/components/site/theme-toggle.tsx	
flavors/press/components/ui/button.tsx	edition:components/ui	flavors/drawing-set/components/ui/button.tsx; flavors/minimal/components/ui/button.tsx; flavors/survey/components/ui/button.tsx; flavors/timetable/components/ui/button.tsx	flavors/drawing-set/components/ui/button.tsx; flavors/minimal/components/ui/button.tsx; flavors/survey/components/ui/button.tsx; flavors/timetable/components/ui/button.tsx	
flavors/press/components/ui/container.tsx	edition:components/ui	flavors/drawing-set/components/ui/container.tsx; flavors/survey/components/ui/container.tsx; flavors/timetable/components/ui/container.tsx	flavors/drawing-set/components/ui/container.tsx; flavors/minimal/components/site/container.tsx; flavors/survey/components/ui/container.tsx; flavors/timetable/components/ui/container.tsx	
flavors/press/components/ui/dialog.tsx	edition:components/ui	flavors/drawing-set/components/ui/dialog.tsx; flavors/survey/components/ui/dialog.tsx; flavors/timetable/components/ui/dialog.tsx	flavors/drawing-set/components/ui/dialog.tsx; flavors/survey/components/ui/dialog.tsx; flavors/timetable/components/ui/dialog.tsx	
flavors/press/components/ui/disclosure.tsx	edition:components/ui	flavors/drawing-set/components/ui/disclosure.tsx; flavors/minimal/components/ui/disclosure.tsx; flavors/survey/components/ui/disclosure.tsx; flavors/timetable/components/ui/disclosure.tsx	flavors/drawing-set/components/ui/disclosure.tsx; flavors/minimal/components/ui/disclosure.tsx; flavors/survey/components/ui/disclosure.tsx; flavors/timetable/components/ui/disclosure.tsx	
flavors/press/components/ui/external-link.tsx	edition:components/ui	flavors/drawing-set/components/ui/external-link.tsx; flavors/minimal/components/ui/external-link.tsx; flavors/survey/components/ui/external-link.tsx; flavors/timetable/components/ui/external-link.tsx	flavors/drawing-set/components/ui/external-link.tsx; flavors/minimal/components/ui/external-link.tsx; flavors/survey/components/ui/external-link.tsx; flavors/timetable/components/ui/external-link.tsx	
flavors/press/components/ui/kbd.tsx	edition:components/ui	flavors/drawing-set/components/ui/kbd.tsx; flavors/minimal/components/ui/kbd.tsx; flavors/survey/components/ui/kbd.tsx; flavors/timetable/components/ui/kbd.tsx	flavors/drawing-set/components/ui/kbd.tsx; flavors/minimal/components/ui/kbd.tsx; flavors/survey/components/ui/kbd.tsx; flavors/timetable/components/ui/kbd.tsx	
flavors/press/components/ui/overprint.tsx	edition:components/ui			
flavors/press/components/ui/page-header.tsx	edition:components/ui	flavors/drawing-set/components/ui/page-header.tsx; flavors/survey/components/ui/page-header.tsx; flavors/timetable/components/ui/page-header.tsx	flavors/drawing-set/components/ui/page-header.tsx; flavors/minimal/components/site/page-header.tsx; flavors/survey/components/ui/page-header.tsx; flavors/timetable/components/ui/page-header.tsx	
flavors/press/components/ui/popover.tsx	edition:components/ui	flavors/drawing-set/components/ui/popover.tsx; flavors/minimal/components/ui/popover.tsx; flavors/survey/components/ui/popover.tsx; flavors/timetable/components/ui/popover.tsx	flavors/drawing-set/components/ui/popover.tsx; flavors/minimal/components/ui/popover.tsx; flavors/survey/components/ui/popover.tsx; flavors/timetable/components/ui/popover.tsx	
flavors/press/components/ui/proof-stamp.tsx	edition:components/ui			
flavors/press/components/ui/reg-mark.tsx	edition:components/ui			
flavors/press/components/ui/rich-text.tsx	edition:components/ui	flavors/drawing-set/components/ui/rich-text.tsx; flavors/surface/components/ui/rich-text.tsx; flavors/survey/components/ui/rich-text.tsx; flavors/timetable/components/ui/rich-text.tsx	flavors/drawing-set/components/ui/rich-text.tsx; flavors/surface/components/ui/rich-text.tsx; flavors/survey/components/ui/rich-text.tsx; flavors/timetable/components/ui/rich-text.tsx	
flavors/press/components/ui/section-head.tsx	edition:components/ui	flavors/survey/components/ui/section-head.tsx; flavors/timetable/components/ui/section-head.tsx	flavors/surface/components/home/section-head.tsx; flavors/survey/components/ui/section-head.tsx; flavors/timetable/components/ui/section-head.tsx	
flavors/press/components/ui/segmented-control.tsx	edition:components/ui	flavors/drawing-set/components/ui/segmented-control.tsx; flavors/minimal/components/ui/segmented-control.tsx; flavors/survey/components/ui/segmented-control.tsx; flavors/timetable/components/ui/segmented-control.tsx	flavors/drawing-set/components/ui/segmented-control.tsx; flavors/minimal/components/ui/segmented-control.tsx; flavors/survey/components/ui/segmented-control.tsx; flavors/timetable/components/ui/segmented-control.tsx	
flavors/press/components/ui/switch.tsx	edition:components/ui	flavors/drawing-set/components/ui/switch.tsx; flavors/minimal/components/ui/switch.tsx; flavors/survey/components/ui/switch.tsx; flavors/timetable/components/ui/switch.tsx	flavors/drawing-set/components/ui/switch.tsx; flavors/minimal/components/ui/switch.tsx; flavors/survey/components/ui/switch.tsx; flavors/timetable/components/ui/switch.tsx	
flavors/press/components/visitor-counter/visitor-counter.tsx	edition:components/visitor-counter	flavors/drawing-set/components/visitor-counter/visitor-counter.tsx; flavors/minimal/components/visitor-counter/visitor-counter.tsx; flavors/survey/components/visitor-counter/visitor-counter.tsx; flavors/timetable/components/visitor-counter/visitor-counter.tsx	flavors/drawing-set/components/visitor-counter/visitor-counter.tsx; flavors/minimal/components/visitor-counter/visitor-counter.tsx; flavors/survey/components/visitor-counter/visitor-counter.tsx; flavors/timetable/components/visitor-counter/visitor-counter.tsx	
flavors/press/components/work/press-log.tsx	edition:components/work			
flavors/press/content.ts	edition:content.ts	flavors/drawing-set/content.ts; flavors/minimal/content.ts; flavors/surface/content.ts; flavors/survey/content.ts; flavors/timetable/content.ts	flavors/drawing-set/content.ts; flavors/minimal/content.ts; flavors/surface/content.ts; flavors/survey/content.ts; flavors/timetable/content.ts	
flavors/press/lib/__tests__/proof.test.ts	edition:lib/__tests__			
flavors/press/lib/fonts.ts	edition:lib/fonts.ts	flavors/drawing-set/lib/fonts.ts; flavors/minimal/lib/fonts.ts; flavors/surface/lib/fonts.ts; flavors/survey/lib/fonts.ts; flavors/timetable/lib/fonts.ts	flavors/drawing-set/lib/fonts.ts; flavors/minimal/lib/fonts.ts; flavors/picker/fonts.ts; flavors/surface/lib/fonts.ts; flavors/survey/lib/fonts.ts; flavors/timetable/lib/fonts.ts	
flavors/press/lib/prefs-store.ts	edition:lib/prefs-store.ts	flavors/drawing-set/lib/prefs-store.ts; flavors/minimal/lib/prefs-store.ts; flavors/surface/lib/prefs-store.ts; flavors/survey/lib/prefs-store.ts; flavors/timetable/lib/prefs-store.ts	flavors/drawing-set/lib/prefs-store.ts; flavors/minimal/lib/prefs-store.ts; flavors/surface/lib/prefs-store.ts; flavors/survey/lib/prefs-store.ts; flavors/timetable/lib/prefs-store.ts	
flavors/press/lib/prefs.ts	edition:lib/prefs.ts	flavors/drawing-set/lib/prefs.ts; flavors/minimal/lib/prefs.ts; flavors/surface/lib/prefs.ts; flavors/survey/lib/prefs.ts; flavors/timetable/lib/prefs.ts	flavors/drawing-set/lib/prefs.ts; flavors/minimal/lib/prefs.ts; flavors/surface/lib/prefs.ts; flavors/survey/lib/prefs.ts; flavors/timetable/lib/prefs.ts	
flavors/press/lib/proof.ts	edition:lib/proof.ts			
flavors/press/lib/scene/poses.ts	edition:lib/scene	flavors/drawing-set/lib/scene/poses.ts; flavors/survey/lib/scene/poses.ts; flavors/timetable/lib/scene/poses.ts	flavors/drawing-set/lib/scene/poses.ts; flavors/survey/lib/scene/poses.ts; flavors/timetable/lib/scene/poses.ts	
flavors/press/lib/utils.ts	edition:lib/utils.ts	flavors/drawing-set/lib/utils.ts; flavors/minimal/lib/utils.ts; flavors/surface/lib/utils.ts; flavors/survey/lib/utils.ts; flavors/timetable/lib/utils.ts	flavors/drawing-set/lib/utils.ts; flavors/minimal/lib/utils.ts; flavors/surface/lib/utils.ts; flavors/survey/lib/utils.ts; flavors/timetable/lib/utils.ts	
flavors/press/styles.css	edition:styles.css	flavors/drawing-set/styles.css; flavors/minimal/styles.css; flavors/surface/styles.css; flavors/survey/styles.css; flavors/timetable/styles.css	flavors/drawing-set/styles.css; flavors/minimal/styles.css; flavors/picker/styles.css; flavors/surface/styles.css; flavors/survey/styles.css; flavors/timetable/styles.css	
flavors/registry.ts	edition:flavors/registry.ts			
flavors/surface/components/ask/ask-pagination.tsx	edition:components/ask	flavors/drawing-set/components/ask/ask-pagination.tsx; flavors/minimal/components/ask/ask-pagination.tsx; flavors/survey/components/ask/ask-pagination.tsx; flavors/timetable/components/ask/ask-pagination.tsx	flavors/drawing-set/components/ask/ask-pagination.tsx; flavors/minimal/components/ask/ask-pagination.tsx; flavors/survey/components/ask/ask-pagination.tsx; flavors/timetable/components/ask/ask-pagination.tsx	
flavors/surface/components/ask/chat-bubble.tsx	edition:components/ask	flavors/drawing-set/components/ask/chat-bubble.tsx; flavors/minimal/components/ask/chat-bubble.tsx; flavors/survey/components/ask/chat-bubble.tsx; flavors/timetable/components/ask/chat-bubble.tsx	flavors/drawing-set/components/ask/chat-bubble.tsx; flavors/minimal/components/ask/chat-bubble.tsx; flavors/survey/components/ask/chat-bubble.tsx; flavors/timetable/components/ask/chat-bubble.tsx	
flavors/surface/components/ask/chat-composer.tsx	edition:components/ask	flavors/drawing-set/components/ask/chat-composer.tsx; flavors/minimal/components/ask/chat-composer.tsx; flavors/survey/components/ask/chat-composer.tsx; flavors/timetable/components/ask/chat-composer.tsx	flavors/drawing-set/components/ask/chat-composer.tsx; flavors/minimal/components/ask/chat-composer.tsx; flavors/survey/components/ask/chat-composer.tsx; flavors/timetable/components/ask/chat-composer.tsx	
flavors/surface/components/ask/chat-feed.tsx	edition:components/ask	flavors/drawing-set/components/ask/chat-feed.tsx; flavors/minimal/components/ask/chat-feed.tsx; flavors/survey/components/ask/chat-feed.tsx; flavors/timetable/components/ask/chat-feed.tsx	flavors/drawing-set/components/ask/chat-feed.tsx; flavors/minimal/components/ask/chat-feed.tsx; flavors/survey/components/ask/chat-feed.tsx; flavors/timetable/components/ask/chat-feed.tsx	
flavors/surface/components/ask/chat-thread.tsx	edition:components/ask	flavors/drawing-set/components/ask/chat-thread.tsx; flavors/minimal/components/ask/chat-thread.tsx; flavors/survey/components/ask/chat-thread.tsx; flavors/timetable/components/ask/chat-thread.tsx	flavors/drawing-set/components/ask/chat-thread.tsx; flavors/minimal/components/ask/chat-thread.tsx; flavors/survey/components/ask/chat-thread.tsx; flavors/timetable/components/ask/chat-thread.tsx	
flavors/surface/components/ask/message-body.tsx	edition:components/ask	flavors/drawing-set/components/ask/message-body.tsx; flavors/minimal/components/ask/message-body.tsx; flavors/press/components/ask/message-body.tsx; flavors/survey/components/ask/message-body.tsx; flavors/timetable/components/ask/message-body.tsx	flavors/drawing-set/components/ask/message-body.tsx; flavors/minimal/components/ask/message-body.tsx; flavors/press/components/ask/message-body.tsx; flavors/survey/components/ask/message-body.tsx; flavors/timetable/components/ask/message-body.tsx	
flavors/surface/components/ask/message-menu.tsx	edition:components/ask	flavors/drawing-set/components/ask/message-menu.tsx; flavors/minimal/components/ask/message-menu.tsx; flavors/press/components/ask/message-menu.tsx; flavors/survey/components/ask/message-menu.tsx; flavors/timetable/components/ask/message-menu.tsx	flavors/drawing-set/components/ask/message-menu.tsx; flavors/minimal/components/ask/message-menu.tsx; flavors/press/components/ask/message-menu.tsx; flavors/survey/components/ask/message-menu.tsx; flavors/timetable/components/ask/message-menu.tsx	
flavors/surface/components/ask/moderation-strip.tsx	edition:components/ask	flavors/drawing-set/components/ask/moderation-strip.tsx; flavors/minimal/components/ask/moderation-strip.tsx; flavors/press/components/ask/moderation-strip.tsx; flavors/survey/components/ask/moderation-strip.tsx; flavors/timetable/components/ask/moderation-strip.tsx	flavors/drawing-set/components/ask/moderation-strip.tsx; flavors/minimal/components/ask/moderation-strip.tsx; flavors/press/components/ask/moderation-strip.tsx; flavors/survey/components/ask/moderation-strip.tsx; flavors/timetable/components/ask/moderation-strip.tsx	
flavors/surface/components/ask/owner-sign-in.tsx	edition:components/ask	flavors/drawing-set/components/ask/owner-sign-in.tsx; flavors/minimal/components/ask/owner-sign-in.tsx; flavors/press/components/ask/owner-sign-in.tsx; flavors/survey/components/ask/owner-sign-in.tsx; flavors/timetable/components/ask/owner-sign-in.tsx	flavors/drawing-set/components/ask/owner-sign-in.tsx; flavors/minimal/components/ask/owner-sign-in.tsx; flavors/press/components/ask/owner-sign-in.tsx; flavors/survey/components/ask/owner-sign-in.tsx; flavors/timetable/components/ask/owner-sign-in.tsx	
flavors/surface/components/ask/pending-echo.tsx	edition:components/ask	flavors/drawing-set/components/ask/pending-echo.tsx; flavors/minimal/components/ask/pending-echo.tsx; flavors/survey/components/ask/pending-echo.tsx; flavors/timetable/components/ask/pending-echo.tsx	flavors/drawing-set/components/ask/pending-echo.tsx; flavors/minimal/components/ask/pending-echo.tsx; flavors/survey/components/ask/pending-echo.tsx; flavors/timetable/components/ask/pending-echo.tsx	flavors/minimal/components/ask/pending-echo.tsx
flavors/surface/components/ask/queue-number.ts	edition:components/ask			
flavors/surface/components/ask/thread-line.ts	edition:components/ask	flavors/drawing-set/components/ask/thread-line.ts; flavors/minimal/components/ask/thread-line.ts; flavors/survey/components/ask/thread-line.ts; flavors/timetable/components/ask/thread-line.ts	flavors/drawing-set/components/ask/thread-line.ts; flavors/minimal/components/ask/thread-line.ts; flavors/survey/components/ask/thread-line.ts; flavors/timetable/components/ask/thread-line.ts	
flavors/surface/components/ask/thread-reply.tsx	edition:components/ask	flavors/drawing-set/components/ask/thread-reply.tsx; flavors/minimal/components/ask/thread-reply.tsx; flavors/press/components/ask/thread-reply.tsx; flavors/survey/components/ask/thread-reply.tsx; flavors/timetable/components/ask/thread-reply.tsx	flavors/drawing-set/components/ask/thread-reply.tsx; flavors/minimal/components/ask/thread-reply.tsx; flavors/press/components/ask/thread-reply.tsx; flavors/survey/components/ask/thread-reply.tsx; flavors/timetable/components/ask/thread-reply.tsx	
flavors/surface/components/command/__tests__/items.test.ts	edition:components/command	flavors/drawing-set/components/command/__tests__/items.test.ts; flavors/minimal/components/command/__tests__/items.test.ts; flavors/timetable/components/command/__tests__/items.test.ts	flavors/drawing-set/components/command/__tests__/items.test.ts; flavors/minimal/components/command/__tests__/items.test.ts; flavors/timetable/components/command/__tests__/items.test.ts; lib/command/__tests__/items.test.ts	
flavors/surface/components/command/__tests__/shortcuts.test.ts	edition:components/command	flavors/drawing-set/components/command/__tests__/shortcuts.test.ts; flavors/minimal/components/command/__tests__/shortcuts.test.ts; flavors/press/components/command/__tests__/shortcuts.test.ts; flavors/timetable/components/command/__tests__/shortcuts.test.ts	flavors/drawing-set/components/command/__tests__/shortcuts.test.ts; flavors/minimal/components/command/__tests__/shortcuts.test.ts; flavors/press/components/command/__tests__/shortcuts.test.ts; flavors/timetable/components/command/__tests__/shortcuts.test.ts; lib/command/__tests__/shortcuts.test.ts	flavors/drawing-set/components/command/__tests__/shortcuts.test.ts
flavors/surface/components/command/command-dialog.tsx	edition:components/command	flavors/drawing-set/components/command/command-dialog.tsx; flavors/minimal/components/command/command-dialog.tsx; flavors/press/components/command/command-dialog.tsx; flavors/survey/components/command/command-dialog.tsx; flavors/timetable/components/command/command-dialog.tsx	flavors/drawing-set/components/command/command-dialog.tsx; flavors/minimal/components/command/command-dialog.tsx; flavors/press/components/command/command-dialog.tsx; flavors/survey/components/command/command-dialog.tsx; flavors/timetable/components/command/command-dialog.tsx	
flavors/surface/components/command/command-menu.tsx	edition:components/command	flavors/drawing-set/components/command/command-menu.tsx; flavors/minimal/components/command/command-menu.tsx; flavors/press/components/command/command-menu.tsx; flavors/survey/components/command/command-menu.tsx; flavors/timetable/components/command/command-menu.tsx	flavors/drawing-set/components/command/command-menu.tsx; flavors/minimal/components/command/command-menu.tsx; flavors/press/components/command/command-menu.tsx; flavors/survey/components/command/command-menu.tsx; flavors/timetable/components/command/command-menu.tsx	flavors/drawing-set/components/command/command-menu.tsx; flavors/minimal/components/command/command-menu.tsx; flavors/survey/components/command/command-menu.tsx; flavors/timetable/components/command/command-menu.tsx
flavors/surface/components/command/command-row.tsx	edition:components/command	flavors/drawing-set/components/command/command-row.tsx; flavors/minimal/components/command/command-row.tsx; flavors/press/components/command/command-row.tsx; flavors/survey/components/command/command-row.tsx; flavors/timetable/components/command/command-row.tsx	flavors/drawing-set/components/command/command-row.tsx; flavors/minimal/components/command/command-row.tsx; flavors/press/components/command/command-row.tsx; flavors/survey/components/command/command-row.tsx; flavors/timetable/components/command/command-row.tsx	
flavors/surface/components/command/command-trigger.tsx	edition:components/command	flavors/drawing-set/components/command/command-trigger.tsx; flavors/minimal/components/command/command-trigger.tsx; flavors/press/components/command/command-trigger.tsx; flavors/survey/components/command/command-trigger.tsx; flavors/timetable/components/command/command-trigger.tsx	flavors/drawing-set/components/command/command-trigger.tsx; flavors/minimal/components/command/command-trigger.tsx; flavors/press/components/command/command-trigger.tsx; flavors/survey/components/command/command-trigger.tsx; flavors/timetable/components/command/command-trigger.tsx	
flavors/surface/components/command/items.ts	edition:components/command	flavors/drawing-set/components/command/items.ts; flavors/minimal/components/command/items.ts; flavors/survey/components/command/items.ts; flavors/timetable/components/command/items.ts	flavors/drawing-set/components/command/items.ts; flavors/minimal/components/command/items.ts; flavors/survey/components/command/items.ts; flavors/timetable/components/command/items.ts; lib/command/items.ts	
flavors/surface/components/command/shortcuts.ts	edition:components/command	flavors/drawing-set/components/command/shortcuts.ts; flavors/minimal/components/command/shortcuts.ts; flavors/press/components/command/shortcuts.ts; flavors/survey/components/command/shortcuts.ts; flavors/timetable/components/command/shortcuts.ts	flavors/drawing-set/components/command/shortcuts.ts; flavors/minimal/components/command/shortcuts.ts; flavors/press/components/command/shortcuts.ts; flavors/survey/components/command/shortcuts.ts; flavors/timetable/components/command/shortcuts.ts; lib/command/shortcuts.ts	flavors/drawing-set/components/command/shortcuts.ts
flavors/surface/components/home/copy-email.tsx	edition:components/home		flavors/drawing-set/components/site/copy-email.tsx; flavors/minimal/components/ui/copy-email.tsx; flavors/press/components/site/copy-email.tsx; flavors/survey/components/site/copy-email.tsx; flavors/timetable/components/site/copy-email.tsx	
flavors/surface/components/home/hero.tsx	edition:components/home	flavors/drawing-set/components/home/hero.tsx; flavors/press/components/home/hero.tsx; flavors/survey/components/home/hero.tsx; flavors/timetable/components/home/hero.tsx	flavors/drawing-set/components/home/hero.tsx; flavors/press/components/home/hero.tsx; flavors/survey/components/home/hero.tsx; flavors/timetable/components/home/hero.tsx	
flavors/surface/components/home/now-and-ask.tsx	edition:components/home			
flavors/surface/components/home/section-head.tsx	edition:components/home		flavors/press/components/ui/section-head.tsx; flavors/survey/components/ui/section-head.tsx; flavors/timetable/components/ui/section-head.tsx	
flavors/surface/components/interaction/cursor.tsx	edition:components/interaction	flavors/drawing-set/components/interaction/cursor.tsx; flavors/minimal/components/interaction/cursor.tsx; flavors/press/components/interaction/cursor.tsx; flavors/survey/components/interaction/cursor.tsx; flavors/timetable/components/interaction/cursor.tsx	flavors/drawing-set/components/interaction/cursor.tsx; flavors/minimal/components/interaction/cursor.tsx; flavors/press/components/interaction/cursor.tsx; flavors/survey/components/interaction/cursor.tsx; flavors/timetable/components/interaction/cursor.tsx	
flavors/surface/components/knob/channel-selector.tsx	edition:components/knob			
flavors/surface/components/knob/knob-readout.tsx	edition:components/knob			
flavors/surface/components/knob/knob-scene.ts	edition:components/knob			
flavors/surface/components/knob/knob.tsx	edition:components/knob			
flavors/surface/components/lab/experiment-stage.tsx	edition:components/lab	flavors/drawing-set/components/lab/experiment-stage.tsx; flavors/minimal/components/lab/experiment-stage.tsx; flavors/press/components/lab/experiment-stage.tsx; flavors/survey/components/lab/experiment-stage.tsx; flavors/timetable/components/lab/experiment-stage.tsx	flavors/drawing-set/components/lab/experiment-stage.tsx; flavors/minimal/components/lab/experiment-stage.tsx; flavors/press/components/lab/experiment-stage.tsx; flavors/survey/components/lab/experiment-stage.tsx; flavors/timetable/components/lab/experiment-stage.tsx	
flavors/surface/components/lab/experiments/signature-field/signature-field-fallback.tsx	edition:components/lab	flavors/drawing-set/components/lab/experiments/signature-field/signature-field-fallback.tsx; flavors/minimal/components/lab/experiments/signature-field/signature-field-fallback.tsx; flavors/survey/components/lab/experiments/signature-field/signature-field-fallback.tsx; flavors/timetable/components/lab/experiments/signature-field/signature-field-fallback.tsx	flavors/drawing-set/components/lab/experiments/signature-field/signature-field-fallback.tsx; flavors/minimal/components/lab/experiments/signature-field/signature-field-fallback.tsx; flavors/press/components/lab/signature-field-fallback.tsx; flavors/survey/components/lab/experiments/signature-field/signature-field-fallback.tsx; flavors/timetable/components/lab/experiments/signature-field/signature-field-fallback.tsx	
flavors/surface/components/lab/experiments/signature-field/signature-field.tsx	edition:components/lab	flavors/drawing-set/components/lab/experiments/signature-field/signature-field.tsx; flavors/minimal/components/lab/experiments/signature-field/signature-field.tsx; flavors/survey/components/lab/experiments/signature-field/signature-field.tsx; flavors/timetable/components/lab/experiments/signature-field/signature-field.tsx	flavors/drawing-set/components/lab/experiments/signature-field/signature-field.tsx; flavors/minimal/components/lab/experiments/signature-field/signature-field.tsx; flavors/press/components/lab/signature-field.tsx; flavors/survey/components/lab/experiments/signature-field/signature-field.tsx; flavors/timetable/components/lab/experiments/signature-field/signature-field.tsx	
flavors/surface/components/lab/poster.tsx	edition:components/lab	flavors/drawing-set/components/lab/poster.tsx; flavors/minimal/components/lab/poster.tsx; flavors/survey/components/lab/poster.tsx; flavors/timetable/components/lab/poster.tsx	flavors/drawing-set/components/lab/poster.tsx; flavors/minimal/components/lab/poster.tsx; flavors/survey/components/lab/poster.tsx; flavors/timetable/components/lab/poster.tsx	flavors/drawing-set/components/lab/poster.tsx; flavors/minimal/components/lab/poster.tsx; flavors/timetable/components/lab/poster.tsx
flavors/surface/components/lab/study-module.tsx	edition:components/lab			
flavors/surface/components/lab/use-accent.ts	edition:components/lab	flavors/drawing-set/components/lab/use-accent.ts; flavors/minimal/components/lab/use-accent.ts; flavors/press/components/lab/use-accent.ts; flavors/survey/components/lab/use-accent.ts; flavors/timetable/components/lab/use-accent.ts	flavors/drawing-set/components/lab/use-accent.ts; flavors/minimal/components/lab/use-accent.ts; flavors/press/components/lab/use-accent.ts; flavors/survey/components/lab/use-accent.ts; flavors/timetable/components/lab/use-accent.ts	
flavors/surface/components/prefs/prefs-sync.tsx	edition:components/prefs	flavors/drawing-set/components/prefs/prefs-sync.tsx; flavors/minimal/components/prefs/prefs-sync.tsx; flavors/press/components/prefs/prefs-sync.tsx; flavors/survey/components/prefs/prefs-sync.tsx; flavors/timetable/components/prefs/prefs-sync.tsx	flavors/drawing-set/components/prefs/prefs-sync.tsx; flavors/minimal/components/prefs/prefs-sync.tsx; flavors/press/components/prefs/prefs-sync.tsx; flavors/survey/components/prefs/prefs-sync.tsx; flavors/timetable/components/prefs/prefs-sync.tsx	
flavors/surface/components/projects/lamp-key.tsx	edition:components/projects			
flavors/surface/components/projects/preset-module.tsx	edition:components/projects			
flavors/surface/components/projects/status.ts	edition:components/projects			
flavors/surface/components/resume/print-button.tsx	edition:components/resume	flavors/drawing-set/components/resume/print-button.tsx; flavors/minimal/components/resume/print-button.tsx; flavors/press/components/resume/print-button.tsx; flavors/survey/components/resume/print-button.tsx; flavors/timetable/components/resume/print-button.tsx	flavors/drawing-set/components/resume/print-button.tsx; flavors/minimal/components/resume/print-button.tsx; flavors/press/components/resume/print-button.tsx; flavors/survey/components/resume/print-button.tsx; flavors/timetable/components/resume/print-button.tsx	
flavors/surface/components/resume/resume-document.tsx	edition:components/resume	flavors/drawing-set/components/resume/resume-document.tsx; flavors/minimal/components/resume/resume-document.tsx; flavors/press/components/resume/resume-document.tsx; flavors/survey/components/resume/resume-document.tsx; flavors/timetable/components/resume/resume-document.tsx	flavors/drawing-set/components/resume/resume-document.tsx; flavors/minimal/components/resume/resume-document.tsx; flavors/press/components/resume/resume-document.tsx; flavors/survey/components/resume/resume-document.tsx; flavors/timetable/components/resume/resume-document.tsx	
flavors/surface/components/resume/resume-education.tsx	edition:components/resume	flavors/drawing-set/components/resume/resume-education.tsx; flavors/minimal/components/resume/resume-education.tsx	flavors/drawing-set/components/resume/resume-education.tsx; flavors/minimal/components/resume/resume-education.tsx	
flavors/surface/components/resume/resume-experience.tsx	edition:components/resume	flavors/drawing-set/components/resume/resume-experience.tsx; flavors/minimal/components/resume/resume-experience.tsx	flavors/drawing-set/components/resume/resume-experience.tsx; flavors/minimal/components/resume/resume-experience.tsx	
flavors/surface/components/resume/resume-header.tsx	edition:components/resume	flavors/drawing-set/components/resume/resume-header.tsx; flavors/minimal/components/resume/resume-header.tsx	flavors/drawing-set/components/resume/resume-header.tsx; flavors/minimal/components/resume/resume-header.tsx	
flavors/surface/components/resume/resume-link.tsx	edition:components/resume	flavors/drawing-set/components/resume/resume-link.tsx; flavors/minimal/components/resume/resume-link.tsx	flavors/drawing-set/components/resume/resume-link.tsx; flavors/minimal/components/resume/resume-link.tsx	
flavors/surface/components/resume/resume-projects.tsx	edition:components/resume	flavors/drawing-set/components/resume/resume-projects.tsx; flavors/minimal/components/resume/resume-projects.tsx	flavors/drawing-set/components/resume/resume-projects.tsx; flavors/minimal/components/resume/resume-projects.tsx	
flavors/surface/components/resume/resume-section.tsx	edition:components/resume	flavors/drawing-set/components/resume/resume-section.tsx; flavors/minimal/components/resume/resume-section.tsx	flavors/drawing-set/components/resume/resume-section.tsx; flavors/minimal/components/resume/resume-section.tsx	
flavors/surface/components/resume/resume-skills.tsx	edition:components/resume	flavors/drawing-set/components/resume/resume-skills.tsx; flavors/minimal/components/resume/resume-skills.tsx	flavors/drawing-set/components/resume/resume-skills.tsx; flavors/minimal/components/resume/resume-skills.tsx	
flavors/surface/components/resume/resume.module.css	edition:components/resume	flavors/drawing-set/components/resume/resume.module.css; flavors/minimal/components/resume/resume.module.css; flavors/press/components/resume/resume.module.css; flavors/survey/components/resume/resume.module.css; flavors/timetable/components/resume/resume.module.css	flavors/drawing-set/components/resume/resume.module.css; flavors/minimal/components/resume/resume.module.css; flavors/press/components/resume/resume.module.css; flavors/survey/components/resume/resume.module.css; flavors/timetable/components/resume/resume.module.css	
flavors/surface/components/site/channel-keys.tsx	edition:components/site			
flavors/surface/components/site/channel-shortcuts.tsx	edition:components/site			
flavors/surface/components/site/page.tsx	edition:components/site	flavors/drawing-set/components/site/page.tsx; flavors/press/components/site/page.tsx; flavors/survey/components/site/page.tsx; flavors/timetable/components/site/page.tsx	app/f/drawing-set/[...missing]/page.tsx; app/f/drawing-set/about/page.tsx; app/f/drawing-set/ask/[slug]/page.tsx; app/f/drawing-set/ask/page.tsx; app/f/drawing-set/ask/page/[page]/page.tsx; app/f/drawing-set/changelog/page.tsx; app/f/drawing-set/lab/[slug]/page.tsx; app/f/drawing-set/lab/page.tsx; app/f/drawing-set/now/page.tsx; app/f/drawing-set/owner/page.tsx; app/f/drawing-set/page.tsx; app/f/drawing-set/projects/[slug]/page.tsx; app/f/drawing-set/projects/page.tsx; app/f/drawing-set/resume/page.tsx; app/f/drawing-set/work/page.tsx; app/f/minimal/[...missing]/page.tsx; app/f/minimal/about/page.tsx; app/f/minimal/ask/[slug]/page.tsx; app/f/minimal/ask/page.tsx; app/f/minimal/ask/page/[page]/page.tsx; app/f/minimal/changelog/page.tsx; app/f/minimal/lab/[slug]/page.tsx; app/f/minimal/lab/page.tsx; app/f/minimal/now/page.tsx; app/f/minimal/owner/page.tsx; app/f/minimal/page.tsx; app/f/minimal/projects/[slug]/page.tsx; app/f/minimal/projects/page.tsx; app/f/minimal/resume/page.tsx; app/f/minimal/work/page.tsx; app/f/press/[...missing]/page.tsx; app/f/press/about/page.tsx; app/f/press/ask/[slug]/page.tsx; app/f/press/ask/page.tsx; app/f/press/ask/page/[page]/page.tsx; app/f/press/changelog/page.tsx; app/f/press/lab/[slug]/page.tsx; app/f/press/lab/page.tsx; app/f/press/now/page.tsx; app/f/press/owner/page.tsx; app/f/press/page.tsx; app/f/press/projects/[slug]/page.tsx; app/f/press/projects/page.tsx; app/f/press/resume/page.tsx; app/f/press/work/page.tsx; app/f/surface/[...missing]/page.tsx; app/f/surface/about/page.tsx; app/f/surface/ask/[slug]/page.tsx; app/f/surface/ask/page.tsx; app/f/surface/ask/page/[page]/page.tsx; app/f/surface/changelog/page.tsx; app/f/surface/lab/[slug]/page.tsx; app/f/surface/lab/page.tsx; app/f/surface/now/page.tsx; app/f/surface/owner/page.tsx; app/f/surface/page.tsx; app/f/surface/projects/[slug]/page.tsx; app/f/surface/projects/page.tsx; app/f/surface/resume/page.tsx; app/f/surface/work/page.tsx; app/f/survey/[...missing]/page.tsx; app/f/survey/about/page.tsx; app/f/survey/ask/[slug]/page.tsx; app/f/survey/ask/page.tsx; app/f/survey/ask/page/[page]/page.tsx; app/f/survey/changelog/page.tsx; app/f/survey/lab/[slug]/page.tsx; app/f/survey/lab/page.tsx; app/f/survey/now/page.tsx; app/f/survey/owner/page.tsx; app/f/survey/page.tsx; app/f/survey/projects/[slug]/page.tsx; app/f/survey/projects/page.tsx; app/f/survey/resume/page.tsx; app/f/survey/work/page.tsx; app/f/timetable/[...missing]/page.tsx; app/f/timetable/about/page.tsx; app/f/timetable/ask/[slug]/page.tsx; app/f/timetable/ask/page.tsx; app/f/timetable/ask/page/[page]/page.tsx; app/f/timetable/changelog/page.tsx; app/f/timetable/lab/[slug]/page.tsx; app/f/timetable/lab/page.tsx; app/f/timetable/now/page.tsx; app/f/timetable/owner/page.tsx; app/f/timetable/page.tsx; app/f/timetable/projects/[slug]/page.tsx; app/f/timetable/projects/page.tsx; app/f/timetable/resume/page.tsx; app/f/timetable/work/page.tsx; flavors/drawing-set/components/site/page.tsx; flavors/press/components/site/page.tsx; flavors/survey/components/site/page.tsx; flavors/timetable/components/site/page.tsx	
flavors/surface/components/site/panel.tsx	edition:components/site			
flavors/surface/components/site/site-footer.tsx	edition:components/site	flavors/drawing-set/components/site/site-footer.tsx; flavors/minimal/components/site/site-footer.tsx; flavors/press/components/site/site-footer.tsx; flavors/survey/components/site/site-footer.tsx; flavors/timetable/components/site/site-footer.tsx	flavors/drawing-set/components/site/site-footer.tsx; flavors/minimal/components/site/site-footer.tsx; flavors/press/components/site/site-footer.tsx; flavors/survey/components/site/site-footer.tsx; flavors/timetable/components/site/site-footer.tsx	
flavors/surface/components/site/site-header.tsx	edition:components/site	flavors/drawing-set/components/site/site-header.tsx; flavors/minimal/components/site/site-header.tsx; flavors/press/components/site/site-header.tsx; flavors/survey/components/site/site-header.tsx; flavors/timetable/components/site/site-header.tsx	flavors/drawing-set/components/site/site-header.tsx; flavors/minimal/components/site/site-header.tsx; flavors/press/components/site/site-header.tsx; flavors/survey/components/site/site-header.tsx; flavors/timetable/components/site/site-header.tsx	
flavors/surface/components/site/switches.tsx	edition:components/site			
flavors/surface/components/ui/primitives.tsx	edition:components/ui			
flavors/surface/components/ui/readout.tsx	edition:components/ui			
flavors/surface/components/ui/rich-text.tsx	edition:components/ui	flavors/drawing-set/components/ui/rich-text.tsx; flavors/press/components/ui/rich-text.tsx; flavors/survey/components/ui/rich-text.tsx; flavors/timetable/components/ui/rich-text.tsx	flavors/drawing-set/components/ui/rich-text.tsx; flavors/press/components/ui/rich-text.tsx; flavors/survey/components/ui/rich-text.tsx; flavors/timetable/components/ui/rich-text.tsx	
flavors/surface/components/ui/seg.tsx	edition:components/ui			
flavors/surface/components/visitor-counter/visitor-readout.tsx	edition:components/visitor-counter			
flavors/surface/components/work/live-tenure.tsx	edition:components/work			
flavors/surface/components/work/multitrack.tsx	edition:components/work			
flavors/surface/components/work/role-strip.tsx	edition:components/work			
flavors/surface/content.ts	edition:content.ts	flavors/drawing-set/content.ts; flavors/minimal/content.ts; flavors/press/content.ts; flavors/survey/content.ts; flavors/timetable/content.ts	flavors/drawing-set/content.ts; flavors/minimal/content.ts; flavors/press/content.ts; flavors/survey/content.ts; flavors/timetable/content.ts	
flavors/surface/lib/__tests__/knob.test.ts	edition:lib/__tests__			
flavors/surface/lib/__tests__/prefs.test.ts	edition:lib/__tests__	flavors/drawing-set/lib/__tests__/prefs.test.ts; flavors/minimal/lib/__tests__/prefs.test.ts; flavors/timetable/lib/__tests__/prefs.test.ts	flavors/drawing-set/lib/__tests__/prefs.test.ts; flavors/minimal/lib/__tests__/prefs.test.ts; flavors/timetable/lib/__tests__/prefs.test.ts	
flavors/surface/lib/__tests__/tape.test.ts	edition:lib/__tests__			
flavors/surface/lib/__tests__/utils.test.ts	edition:lib/__tests__	flavors/drawing-set/lib/__tests__/utils.test.ts; flavors/minimal/lib/__tests__/utils.test.ts; flavors/survey/lib/__tests__/utils.test.ts; flavors/timetable/lib/__tests__/utils.test.ts	flavors/drawing-set/lib/__tests__/utils.test.ts; flavors/minimal/lib/__tests__/utils.test.ts; flavors/survey/lib/__tests__/utils.test.ts; flavors/timetable/lib/__tests__/utils.test.ts	
flavors/surface/lib/fonts.ts	edition:lib/fonts.ts	flavors/drawing-set/lib/fonts.ts; flavors/minimal/lib/fonts.ts; flavors/press/lib/fonts.ts; flavors/survey/lib/fonts.ts; flavors/timetable/lib/fonts.ts	flavors/drawing-set/lib/fonts.ts; flavors/minimal/lib/fonts.ts; flavors/picker/fonts.ts; flavors/press/lib/fonts.ts; flavors/survey/lib/fonts.ts; flavors/timetable/lib/fonts.ts	
flavors/surface/lib/knob/geometry.ts	edition:lib/knob			
flavors/surface/lib/knob/store.ts	edition:lib/knob		lib/ask/store.ts; lib/prefs/store.ts; lib/scene/store.ts; lib/visits/store.ts	
flavors/surface/lib/prefs-store.ts	edition:lib/prefs-store.ts	flavors/drawing-set/lib/prefs-store.ts; flavors/minimal/lib/prefs-store.ts; flavors/press/lib/prefs-store.ts; flavors/survey/lib/prefs-store.ts; flavors/timetable/lib/prefs-store.ts	flavors/drawing-set/lib/prefs-store.ts; flavors/minimal/lib/prefs-store.ts; flavors/press/lib/prefs-store.ts; flavors/survey/lib/prefs-store.ts; flavors/timetable/lib/prefs-store.ts	
flavors/surface/lib/prefs.ts	edition:lib/prefs.ts	flavors/drawing-set/lib/prefs.ts; flavors/minimal/lib/prefs.ts; flavors/press/lib/prefs.ts; flavors/survey/lib/prefs.ts; flavors/timetable/lib/prefs.ts	flavors/drawing-set/lib/prefs.ts; flavors/minimal/lib/prefs.ts; flavors/press/lib/prefs.ts; flavors/survey/lib/prefs.ts; flavors/timetable/lib/prefs.ts	
flavors/surface/lib/tape.ts	edition:lib/tape.ts			
flavors/surface/lib/utils.ts	edition:lib/utils.ts	flavors/drawing-set/lib/utils.ts; flavors/minimal/lib/utils.ts; flavors/press/lib/utils.ts; flavors/survey/lib/utils.ts; flavors/timetable/lib/utils.ts	flavors/drawing-set/lib/utils.ts; flavors/minimal/lib/utils.ts; flavors/press/lib/utils.ts; flavors/survey/lib/utils.ts; flavors/timetable/lib/utils.ts	
flavors/surface/styles.css	edition:styles.css	flavors/drawing-set/styles.css; flavors/minimal/styles.css; flavors/press/styles.css; flavors/survey/styles.css; flavors/timetable/styles.css	flavors/drawing-set/styles.css; flavors/minimal/styles.css; flavors/picker/styles.css; flavors/press/styles.css; flavors/survey/styles.css; flavors/timetable/styles.css	
flavors/survey/components/ask/ask-pagination.tsx	edition:components/ask	flavors/drawing-set/components/ask/ask-pagination.tsx; flavors/minimal/components/ask/ask-pagination.tsx; flavors/surface/components/ask/ask-pagination.tsx; flavors/timetable/components/ask/ask-pagination.tsx	flavors/drawing-set/components/ask/ask-pagination.tsx; flavors/minimal/components/ask/ask-pagination.tsx; flavors/surface/components/ask/ask-pagination.tsx; flavors/timetable/components/ask/ask-pagination.tsx	
flavors/survey/components/ask/chat-bubble.tsx	edition:components/ask	flavors/drawing-set/components/ask/chat-bubble.tsx; flavors/minimal/components/ask/chat-bubble.tsx; flavors/surface/components/ask/chat-bubble.tsx; flavors/timetable/components/ask/chat-bubble.tsx	flavors/drawing-set/components/ask/chat-bubble.tsx; flavors/minimal/components/ask/chat-bubble.tsx; flavors/surface/components/ask/chat-bubble.tsx; flavors/timetable/components/ask/chat-bubble.tsx	
flavors/survey/components/ask/chat-composer.tsx	edition:components/ask	flavors/drawing-set/components/ask/chat-composer.tsx; flavors/minimal/components/ask/chat-composer.tsx; flavors/surface/components/ask/chat-composer.tsx; flavors/timetable/components/ask/chat-composer.tsx	flavors/drawing-set/components/ask/chat-composer.tsx; flavors/minimal/components/ask/chat-composer.tsx; flavors/surface/components/ask/chat-composer.tsx; flavors/timetable/components/ask/chat-composer.tsx	
flavors/survey/components/ask/chat-feed.tsx	edition:components/ask	flavors/drawing-set/components/ask/chat-feed.tsx; flavors/minimal/components/ask/chat-feed.tsx; flavors/surface/components/ask/chat-feed.tsx; flavors/timetable/components/ask/chat-feed.tsx	flavors/drawing-set/components/ask/chat-feed.tsx; flavors/minimal/components/ask/chat-feed.tsx; flavors/surface/components/ask/chat-feed.tsx; flavors/timetable/components/ask/chat-feed.tsx	
flavors/survey/components/ask/chat-thread.tsx	edition:components/ask	flavors/drawing-set/components/ask/chat-thread.tsx; flavors/minimal/components/ask/chat-thread.tsx; flavors/surface/components/ask/chat-thread.tsx; flavors/timetable/components/ask/chat-thread.tsx	flavors/drawing-set/components/ask/chat-thread.tsx; flavors/minimal/components/ask/chat-thread.tsx; flavors/surface/components/ask/chat-thread.tsx; flavors/timetable/components/ask/chat-thread.tsx	
flavors/survey/components/ask/entry-number.ts	edition:components/ask			
flavors/survey/components/ask/message-body.tsx	edition:components/ask	flavors/drawing-set/components/ask/message-body.tsx; flavors/minimal/components/ask/message-body.tsx; flavors/press/components/ask/message-body.tsx; flavors/surface/components/ask/message-body.tsx; flavors/timetable/components/ask/message-body.tsx	flavors/drawing-set/components/ask/message-body.tsx; flavors/minimal/components/ask/message-body.tsx; flavors/press/components/ask/message-body.tsx; flavors/surface/components/ask/message-body.tsx; flavors/timetable/components/ask/message-body.tsx	
flavors/survey/components/ask/message-menu.tsx	edition:components/ask	flavors/drawing-set/components/ask/message-menu.tsx; flavors/minimal/components/ask/message-menu.tsx; flavors/press/components/ask/message-menu.tsx; flavors/surface/components/ask/message-menu.tsx; flavors/timetable/components/ask/message-menu.tsx	flavors/drawing-set/components/ask/message-menu.tsx; flavors/minimal/components/ask/message-menu.tsx; flavors/press/components/ask/message-menu.tsx; flavors/surface/components/ask/message-menu.tsx; flavors/timetable/components/ask/message-menu.tsx	
flavors/survey/components/ask/moderation-strip.tsx	edition:components/ask	flavors/drawing-set/components/ask/moderation-strip.tsx; flavors/minimal/components/ask/moderation-strip.tsx; flavors/press/components/ask/moderation-strip.tsx; flavors/surface/components/ask/moderation-strip.tsx; flavors/timetable/components/ask/moderation-strip.tsx	flavors/drawing-set/components/ask/moderation-strip.tsx; flavors/minimal/components/ask/moderation-strip.tsx; flavors/press/components/ask/moderation-strip.tsx; flavors/surface/components/ask/moderation-strip.tsx; flavors/timetable/components/ask/moderation-strip.tsx	
flavors/survey/components/ask/owner-sign-in.tsx	edition:components/ask	flavors/drawing-set/components/ask/owner-sign-in.tsx; flavors/minimal/components/ask/owner-sign-in.tsx; flavors/press/components/ask/owner-sign-in.tsx; flavors/surface/components/ask/owner-sign-in.tsx; flavors/timetable/components/ask/owner-sign-in.tsx	flavors/drawing-set/components/ask/owner-sign-in.tsx; flavors/minimal/components/ask/owner-sign-in.tsx; flavors/press/components/ask/owner-sign-in.tsx; flavors/surface/components/ask/owner-sign-in.tsx; flavors/timetable/components/ask/owner-sign-in.tsx	
flavors/survey/components/ask/pending-echo.tsx	edition:components/ask	flavors/drawing-set/components/ask/pending-echo.tsx; flavors/minimal/components/ask/pending-echo.tsx; flavors/surface/components/ask/pending-echo.tsx; flavors/timetable/components/ask/pending-echo.tsx	flavors/drawing-set/components/ask/pending-echo.tsx; flavors/minimal/components/ask/pending-echo.tsx; flavors/surface/components/ask/pending-echo.tsx; flavors/timetable/components/ask/pending-echo.tsx	
flavors/survey/components/ask/thread-line.ts	edition:components/ask	flavors/drawing-set/components/ask/thread-line.ts; flavors/minimal/components/ask/thread-line.ts; flavors/surface/components/ask/thread-line.ts; flavors/timetable/components/ask/thread-line.ts	flavors/drawing-set/components/ask/thread-line.ts; flavors/minimal/components/ask/thread-line.ts; flavors/surface/components/ask/thread-line.ts; flavors/timetable/components/ask/thread-line.ts	
flavors/survey/components/ask/thread-reply.tsx	edition:components/ask	flavors/drawing-set/components/ask/thread-reply.tsx; flavors/minimal/components/ask/thread-reply.tsx; flavors/press/components/ask/thread-reply.tsx; flavors/surface/components/ask/thread-reply.tsx; flavors/timetable/components/ask/thread-reply.tsx	flavors/drawing-set/components/ask/thread-reply.tsx; flavors/minimal/components/ask/thread-reply.tsx; flavors/press/components/ask/thread-reply.tsx; flavors/surface/components/ask/thread-reply.tsx; flavors/timetable/components/ask/thread-reply.tsx	
flavors/survey/components/command/command-dialog.tsx	edition:components/command	flavors/drawing-set/components/command/command-dialog.tsx; flavors/minimal/components/command/command-dialog.tsx; flavors/press/components/command/command-dialog.tsx; flavors/surface/components/command/command-dialog.tsx; flavors/timetable/components/command/command-dialog.tsx	flavors/drawing-set/components/command/command-dialog.tsx; flavors/minimal/components/command/command-dialog.tsx; flavors/press/components/command/command-dialog.tsx; flavors/surface/components/command/command-dialog.tsx; flavors/timetable/components/command/command-dialog.tsx	
flavors/survey/components/command/command-menu.tsx	edition:components/command	flavors/drawing-set/components/command/command-menu.tsx; flavors/minimal/components/command/command-menu.tsx; flavors/press/components/command/command-menu.tsx; flavors/surface/components/command/command-menu.tsx; flavors/timetable/components/command/command-menu.tsx	flavors/drawing-set/components/command/command-menu.tsx; flavors/minimal/components/command/command-menu.tsx; flavors/press/components/command/command-menu.tsx; flavors/surface/components/command/command-menu.tsx; flavors/timetable/components/command/command-menu.tsx	flavors/drawing-set/components/command/command-menu.tsx; flavors/minimal/components/command/command-menu.tsx; flavors/surface/components/command/command-menu.tsx; flavors/timetable/components/command/command-menu.tsx
flavors/survey/components/command/command-row.tsx	edition:components/command	flavors/drawing-set/components/command/command-row.tsx; flavors/minimal/components/command/command-row.tsx; flavors/press/components/command/command-row.tsx; flavors/surface/components/command/command-row.tsx; flavors/timetable/components/command/command-row.tsx	flavors/drawing-set/components/command/command-row.tsx; flavors/minimal/components/command/command-row.tsx; flavors/press/components/command/command-row.tsx; flavors/surface/components/command/command-row.tsx; flavors/timetable/components/command/command-row.tsx	
flavors/survey/components/command/command-trigger.tsx	edition:components/command	flavors/drawing-set/components/command/command-trigger.tsx; flavors/minimal/components/command/command-trigger.tsx; flavors/press/components/command/command-trigger.tsx; flavors/surface/components/command/command-trigger.tsx; flavors/timetable/components/command/command-trigger.tsx	flavors/drawing-set/components/command/command-trigger.tsx; flavors/minimal/components/command/command-trigger.tsx; flavors/press/components/command/command-trigger.tsx; flavors/surface/components/command/command-trigger.tsx; flavors/timetable/components/command/command-trigger.tsx	
flavors/survey/components/command/copy.ts	edition:components/command	flavors/press/components/command/copy.ts	flavors/press/components/command/copy.ts	
flavors/survey/components/command/index.ts	edition:components/command	flavors/drawing-set/components/command/index.ts; flavors/press/components/command/index.ts; flavors/timetable/components/command/index.ts	flavors/drawing-set/components/command/index.ts; flavors/drawing-set/components/customize/index.ts; flavors/drawing-set/components/link-preview/index.ts; flavors/drawing-set/components/site/index.ts; flavors/drawing-set/components/ui/index.ts; flavors/drawing-set/components/visitor-counter/index.ts; flavors/press/components/command/index.ts; flavors/press/components/customize/index.ts; flavors/survey/components/customize/index.ts; flavors/survey/components/link-preview/index.ts; flavors/survey/components/site/index.ts; flavors/survey/components/visitor-counter/index.ts; flavors/timetable/components/command/index.ts; flavors/timetable/components/customize/index.ts; flavors/timetable/components/link-preview/index.ts; flavors/timetable/components/site/index.ts; flavors/timetable/components/ui/index.ts; flavors/timetable/components/visitor-counter/index.ts; lib/data/index.ts; lib/markdown/index.ts	flavors/drawing-set/components/command/index.ts; flavors/timetable/components/command/index.ts
flavors/survey/components/command/items.ts	edition:components/command	flavors/drawing-set/components/command/items.ts; flavors/minimal/components/command/items.ts; flavors/surface/components/command/items.ts; flavors/timetable/components/command/items.ts	flavors/drawing-set/components/command/items.ts; flavors/minimal/components/command/items.ts; flavors/surface/components/command/items.ts; flavors/timetable/components/command/items.ts; lib/command/items.ts	
flavors/survey/components/command/shortcuts.ts	edition:components/command	flavors/drawing-set/components/command/shortcuts.ts; flavors/minimal/components/command/shortcuts.ts; flavors/press/components/command/shortcuts.ts; flavors/surface/components/command/shortcuts.ts; flavors/timetable/components/command/shortcuts.ts	flavors/drawing-set/components/command/shortcuts.ts; flavors/minimal/components/command/shortcuts.ts; flavors/press/components/command/shortcuts.ts; flavors/surface/components/command/shortcuts.ts; flavors/timetable/components/command/shortcuts.ts; lib/command/shortcuts.ts	
flavors/survey/components/customize/control-row.tsx	edition:components/customize	flavors/drawing-set/components/customize/control-row.tsx; flavors/minimal/components/customize/control-row.tsx; flavors/timetable/components/customize/control-row.tsx	flavors/drawing-set/components/customize/control-row.tsx; flavors/minimal/components/customize/control-row.tsx; flavors/timetable/components/customize/control-row.tsx	
flavors/survey/components/customize/customize-controls.tsx	edition:components/customize	flavors/drawing-set/components/customize/customize-controls.tsx; flavors/minimal/components/customize/customize-controls.tsx; flavors/press/components/customize/customize-controls.tsx; flavors/timetable/components/customize/customize-controls.tsx	flavors/drawing-set/components/customize/customize-controls.tsx; flavors/minimal/components/customize/customize-controls.tsx; flavors/press/components/customize/customize-controls.tsx; flavors/timetable/components/customize/customize-controls.tsx	
flavors/survey/components/customize/customize-panel.tsx	edition:components/customize	flavors/drawing-set/components/customize/customize-panel.tsx; flavors/minimal/components/customize/customize-panel.tsx; flavors/press/components/customize/customize-panel.tsx; flavors/timetable/components/customize/customize-panel.tsx	flavors/drawing-set/components/customize/customize-panel.tsx; flavors/minimal/components/customize/customize-panel.tsx; flavors/press/components/customize/customize-panel.tsx; flavors/timetable/components/customize/customize-panel.tsx	
flavors/survey/components/customize/customize-trigger.tsx	edition:components/customize	flavors/drawing-set/components/customize/customize-trigger.tsx; flavors/press/components/customize/customize-trigger.tsx; flavors/timetable/components/customize/customize-trigger.tsx	flavors/drawing-set/components/customize/customize-trigger.tsx; flavors/press/components/customize/customize-trigger.tsx; flavors/timetable/components/customize/customize-trigger.tsx	
flavors/survey/components/customize/index.ts	edition:components/customize	flavors/drawing-set/components/customize/index.ts; flavors/press/components/customize/index.ts; flavors/timetable/components/customize/index.ts	flavors/drawing-set/components/command/index.ts; flavors/drawing-set/components/customize/index.ts; flavors/drawing-set/components/link-preview/index.ts; flavors/drawing-set/components/site/index.ts; flavors/drawing-set/components/ui/index.ts; flavors/drawing-set/components/visitor-counter/index.ts; flavors/press/components/command/index.ts; flavors/press/components/customize/index.ts; flavors/survey/components/command/index.ts; flavors/survey/components/link-preview/index.ts; flavors/survey/components/site/index.ts; flavors/survey/components/visitor-counter/index.ts; flavors/timetable/components/command/index.ts; flavors/timetable/components/customize/index.ts; flavors/timetable/components/link-preview/index.ts; flavors/timetable/components/site/index.ts; flavors/timetable/components/ui/index.ts; flavors/timetable/components/visitor-counter/index.ts; lib/data/index.ts; lib/markdown/index.ts	flavors/drawing-set/components/customize/index.ts; flavors/timetable/components/customize/index.ts
flavors/survey/components/home/hero.tsx	edition:components/home	flavors/drawing-set/components/home/hero.tsx; flavors/press/components/home/hero.tsx; flavors/surface/components/home/hero.tsx; flavors/timetable/components/home/hero.tsx	flavors/drawing-set/components/home/hero.tsx; flavors/press/components/home/hero.tsx; flavors/surface/components/home/hero.tsx; flavors/timetable/components/home/hero.tsx	
flavors/survey/components/home/map-key.tsx	edition:components/home			
flavors/survey/components/home/revisions.tsx	edition:components/home			
flavors/survey/components/home/summits.tsx	edition:components/home			
flavors/survey/components/interaction/cursor.tsx	edition:components/interaction	flavors/drawing-set/components/interaction/cursor.tsx; flavors/minimal/components/interaction/cursor.tsx; flavors/press/components/interaction/cursor.tsx; flavors/surface/components/interaction/cursor.tsx; flavors/timetable/components/interaction/cursor.tsx	flavors/drawing-set/components/interaction/cursor.tsx; flavors/minimal/components/interaction/cursor.tsx; flavors/press/components/interaction/cursor.tsx; flavors/surface/components/interaction/cursor.tsx; flavors/timetable/components/interaction/cursor.tsx	
flavors/survey/components/interaction/interaction-layer.tsx	edition:components/interaction	flavors/drawing-set/components/interaction/interaction-layer.tsx; flavors/minimal/components/interaction/interaction-layer.tsx; flavors/press/components/interaction/interaction-layer.tsx; flavors/timetable/components/interaction/interaction-layer.tsx	flavors/drawing-set/components/interaction/interaction-layer.tsx; flavors/minimal/components/interaction/interaction-layer.tsx; flavors/press/components/interaction/interaction-layer.tsx; flavors/timetable/components/interaction/interaction-layer.tsx	
flavors/survey/components/lab/experiment-stage.tsx	edition:components/lab	flavors/drawing-set/components/lab/experiment-stage.tsx; flavors/minimal/components/lab/experiment-stage.tsx; flavors/press/components/lab/experiment-stage.tsx; flavors/surface/components/lab/experiment-stage.tsx; flavors/timetable/components/lab/experiment-stage.tsx	flavors/drawing-set/components/lab/experiment-stage.tsx; flavors/minimal/components/lab/experiment-stage.tsx; flavors/press/components/lab/experiment-stage.tsx; flavors/surface/components/lab/experiment-stage.tsx; flavors/timetable/components/lab/experiment-stage.tsx	
flavors/survey/components/lab/experiments/signature-field/signature-field-fallback.tsx	edition:components/lab	flavors/drawing-set/components/lab/experiments/signature-field/signature-field-fallback.tsx; flavors/minimal/components/lab/experiments/signature-field/signature-field-fallback.tsx; flavors/surface/components/lab/experiments/signature-field/signature-field-fallback.tsx; flavors/timetable/components/lab/experiments/signature-field/signature-field-fallback.tsx	flavors/drawing-set/components/lab/experiments/signature-field/signature-field-fallback.tsx; flavors/minimal/components/lab/experiments/signature-field/signature-field-fallback.tsx; flavors/press/components/lab/signature-field-fallback.tsx; flavors/surface/components/lab/experiments/signature-field/signature-field-fallback.tsx; flavors/timetable/components/lab/experiments/signature-field/signature-field-fallback.tsx	
flavors/survey/components/lab/experiments/signature-field/signature-field.tsx	edition:components/lab	flavors/drawing-set/components/lab/experiments/signature-field/signature-field.tsx; flavors/minimal/components/lab/experiments/signature-field/signature-field.tsx; flavors/surface/components/lab/experiments/signature-field/signature-field.tsx; flavors/timetable/components/lab/experiments/signature-field/signature-field.tsx	flavors/drawing-set/components/lab/experiments/signature-field/signature-field.tsx; flavors/minimal/components/lab/experiments/signature-field/signature-field.tsx; flavors/press/components/lab/signature-field.tsx; flavors/surface/components/lab/experiments/signature-field/signature-field.tsx; flavors/timetable/components/lab/experiments/signature-field/signature-field.tsx	
flavors/survey/components/lab/poster.tsx	edition:components/lab	flavors/drawing-set/components/lab/poster.tsx; flavors/minimal/components/lab/poster.tsx; flavors/surface/components/lab/poster.tsx; flavors/timetable/components/lab/poster.tsx	flavors/drawing-set/components/lab/poster.tsx; flavors/minimal/components/lab/poster.tsx; flavors/surface/components/lab/poster.tsx; flavors/timetable/components/lab/poster.tsx	
flavors/survey/components/lab/use-accent.ts	edition:components/lab	flavors/drawing-set/components/lab/use-accent.ts; flavors/minimal/components/lab/use-accent.ts; flavors/press/components/lab/use-accent.ts; flavors/surface/components/lab/use-accent.ts; flavors/timetable/components/lab/use-accent.ts	flavors/drawing-set/components/lab/use-accent.ts; flavors/minimal/components/lab/use-accent.ts; flavors/press/components/lab/use-accent.ts; flavors/surface/components/lab/use-accent.ts; flavors/timetable/components/lab/use-accent.ts	
flavors/survey/components/link-preview/index.ts	edition:components/link-preview	flavors/drawing-set/components/link-preview/index.ts; flavors/timetable/components/link-preview/index.ts	flavors/drawing-set/components/command/index.ts; flavors/drawing-set/components/customize/index.ts; flavors/drawing-set/components/link-preview/index.ts; flavors/drawing-set/components/site/index.ts; flavors/drawing-set/components/ui/index.ts; flavors/drawing-set/components/visitor-counter/index.ts; flavors/press/components/command/index.ts; flavors/press/components/customize/index.ts; flavors/survey/components/command/index.ts; flavors/survey/components/customize/index.ts; flavors/survey/components/site/index.ts; flavors/survey/components/visitor-counter/index.ts; flavors/timetable/components/command/index.ts; flavors/timetable/components/customize/index.ts; flavors/timetable/components/link-preview/index.ts; flavors/timetable/components/site/index.ts; flavors/timetable/components/ui/index.ts; flavors/timetable/components/visitor-counter/index.ts; lib/data/index.ts; lib/markdown/index.ts	flavors/drawing-set/components/link-preview/index.ts; flavors/timetable/components/link-preview/index.ts
flavors/survey/components/link-preview/link-preview-card.tsx	edition:components/link-preview	flavors/drawing-set/components/link-preview/link-preview-card.tsx; flavors/minimal/components/link-preview/link-preview-card.tsx; flavors/press/components/link-preview/link-preview-card.tsx; flavors/timetable/components/link-preview/link-preview-card.tsx	flavors/drawing-set/components/link-preview/link-preview-card.tsx; flavors/minimal/components/link-preview/link-preview-card.tsx; flavors/press/components/link-preview/link-preview-card.tsx; flavors/timetable/components/link-preview/link-preview-card.tsx	
flavors/survey/components/link-preview/link-preview-layer.tsx	edition:components/link-preview	flavors/drawing-set/components/link-preview/link-preview-layer.tsx; flavors/minimal/components/link-preview/link-preview-layer.tsx; flavors/press/components/link-preview/link-preview-layer.tsx; flavors/timetable/components/link-preview/link-preview-layer.tsx	flavors/drawing-set/components/link-preview/link-preview-layer.tsx; flavors/minimal/components/link-preview/link-preview-layer.tsx; flavors/press/components/link-preview/link-preview-layer.tsx; flavors/timetable/components/link-preview/link-preview-layer.tsx	
flavors/survey/components/motion/draw-reveal.tsx	edition:components/motion			
flavors/survey/components/prefs/prefs-sync.tsx	edition:components/prefs	flavors/drawing-set/components/prefs/prefs-sync.tsx; flavors/minimal/components/prefs/prefs-sync.tsx; flavors/press/components/prefs/prefs-sync.tsx; flavors/surface/components/prefs/prefs-sync.tsx; flavors/timetable/components/prefs/prefs-sync.tsx	flavors/drawing-set/components/prefs/prefs-sync.tsx; flavors/minimal/components/prefs/prefs-sync.tsx; flavors/press/components/prefs/prefs-sync.tsx; flavors/surface/components/prefs/prefs-sync.tsx; flavors/timetable/components/prefs/prefs-sync.tsx	
flavors/survey/components/projects/__tests__/gazetteer.test.tsx	edition:components/projects			
flavors/survey/components/projects/conditions.ts	edition:components/projects			
flavors/survey/components/projects/gazetteer.tsx	edition:components/projects			
flavors/survey/components/projects/site-symbol.tsx	edition:components/projects			
flavors/survey/components/relief/sheet-ground.tsx	edition:components/relief			
flavors/survey/components/relief/sheet-map.tsx	edition:components/relief			
flavors/survey/components/resume/print-button.tsx	edition:components/resume	flavors/drawing-set/components/resume/print-button.tsx; flavors/minimal/components/resume/print-button.tsx; flavors/press/components/resume/print-button.tsx; flavors/surface/components/resume/print-button.tsx; flavors/timetable/components/resume/print-button.tsx	flavors/drawing-set/components/resume/print-button.tsx; flavors/minimal/components/resume/print-button.tsx; flavors/press/components/resume/print-button.tsx; flavors/surface/components/resume/print-button.tsx; flavors/timetable/components/resume/print-button.tsx	
flavors/survey/components/resume/resume-document.tsx	edition:components/resume	flavors/drawing-set/components/resume/resume-document.tsx; flavors/minimal/components/resume/resume-document.tsx; flavors/press/components/resume/resume-document.tsx; flavors/surface/components/resume/resume-document.tsx; flavors/timetable/components/resume/resume-document.tsx	flavors/drawing-set/components/resume/resume-document.tsx; flavors/minimal/components/resume/resume-document.tsx; flavors/press/components/resume/resume-document.tsx; flavors/surface/components/resume/resume-document.tsx; flavors/timetable/components/resume/resume-document.tsx	
flavors/survey/components/resume/resume.module.css	edition:components/resume	flavors/drawing-set/components/resume/resume.module.css; flavors/minimal/components/resume/resume.module.css; flavors/press/components/resume/resume.module.css; flavors/surface/components/resume/resume.module.css; flavors/timetable/components/resume/resume.module.css	flavors/drawing-set/components/resume/resume.module.css; flavors/minimal/components/resume/resume.module.css; flavors/press/components/resume/resume.module.css; flavors/surface/components/resume/resume.module.css; flavors/timetable/components/resume/resume.module.css	
flavors/survey/components/scene/scene-loader.tsx	edition:components/scene	flavors/drawing-set/components/scene/scene-loader.tsx; flavors/press/components/scene/scene-loader.tsx; flavors/timetable/components/scene/scene-loader.tsx	flavors/drawing-set/components/scene/scene-loader.tsx; flavors/press/components/scene/scene-loader.tsx; flavors/timetable/components/scene/scene-loader.tsx	
flavors/survey/components/scene/scene-root.ts	edition:components/scene			
flavors/survey/components/scene/scene-slot.tsx	edition:components/scene		flavors/drawing-set/components/site/scene-slot.tsx; flavors/press/components/site/scene-slot.tsx; flavors/timetable/components/site/scene-slot.tsx	
flavors/survey/components/scene/shaders.ts	edition:components/scene		lib/lab/signature-field/shaders.ts	
flavors/survey/components/scene/slot-readout.tsx	edition:components/scene			
flavors/survey/components/scene/world.ts	edition:components/scene			
flavors/survey/components/site/copy-email.tsx	edition:components/site	flavors/drawing-set/components/site/copy-email.tsx; flavors/press/components/site/copy-email.tsx; flavors/timetable/components/site/copy-email.tsx	flavors/drawing-set/components/site/copy-email.tsx; flavors/minimal/components/ui/copy-email.tsx; flavors/press/components/site/copy-email.tsx; flavors/surface/components/home/copy-email.tsx; flavors/timetable/components/site/copy-email.tsx	
flavors/survey/components/site/deferred-layers.tsx	edition:components/site	flavors/drawing-set/components/site/deferred-layers.tsx; flavors/press/components/site/deferred-layers.tsx; flavors/timetable/components/site/deferred-layers.tsx	flavors/drawing-set/components/site/deferred-layers.tsx; flavors/press/components/site/deferred-layers.tsx; flavors/timetable/components/site/deferred-layers.tsx	
flavors/survey/components/site/deferred-shell.tsx	edition:components/site	flavors/drawing-set/components/site/deferred-shell.tsx; flavors/press/components/site/deferred-shell.tsx; flavors/timetable/components/site/deferred-shell.tsx	flavors/drawing-set/components/site/deferred-shell.tsx; flavors/press/components/site/deferred-shell.tsx; flavors/timetable/components/site/deferred-shell.tsx	
flavors/survey/components/site/index.ts	edition:components/site	flavors/drawing-set/components/site/index.ts; flavors/timetable/components/site/index.ts	flavors/drawing-set/components/command/index.ts; flavors/drawing-set/components/customize/index.ts; flavors/drawing-set/components/link-preview/index.ts; flavors/drawing-set/components/site/index.ts; flavors/drawing-set/components/ui/index.ts; flavors/drawing-set/components/visitor-counter/index.ts; flavors/press/components/command/index.ts; flavors/press/components/customize/index.ts; flavors/survey/components/command/index.ts; flavors/survey/components/customize/index.ts; flavors/survey/components/link-preview/index.ts; flavors/survey/components/visitor-counter/index.ts; flavors/timetable/components/command/index.ts; flavors/timetable/components/customize/index.ts; flavors/timetable/components/link-preview/index.ts; flavors/timetable/components/site/index.ts; flavors/timetable/components/ui/index.ts; flavors/timetable/components/visitor-counter/index.ts; lib/data/index.ts; lib/markdown/index.ts	
flavors/survey/components/site/nav-links.tsx	edition:components/site	flavors/drawing-set/components/site/nav-links.tsx; flavors/minimal/components/site/nav-links.tsx; flavors/press/components/site/nav-links.tsx; flavors/timetable/components/site/nav-links.tsx	flavors/drawing-set/components/site/nav-links.tsx; flavors/minimal/components/site/nav-links.tsx; flavors/press/components/site/nav-links.tsx; flavors/timetable/components/site/nav-links.tsx	
flavors/survey/components/site/page.tsx	edition:components/site	flavors/drawing-set/components/site/page.tsx; flavors/press/components/site/page.tsx; flavors/surface/components/site/page.tsx; flavors/timetable/components/site/page.tsx	app/f/drawing-set/[...missing]/page.tsx; app/f/drawing-set/about/page.tsx; app/f/drawing-set/ask/[slug]/page.tsx; app/f/drawing-set/ask/page.tsx; app/f/drawing-set/ask/page/[page]/page.tsx; app/f/drawing-set/changelog/page.tsx; app/f/drawing-set/lab/[slug]/page.tsx; app/f/drawing-set/lab/page.tsx; app/f/drawing-set/now/page.tsx; app/f/drawing-set/owner/page.tsx; app/f/drawing-set/page.tsx; app/f/drawing-set/projects/[slug]/page.tsx; app/f/drawing-set/projects/page.tsx; app/f/drawing-set/resume/page.tsx; app/f/drawing-set/work/page.tsx; app/f/minimal/[...missing]/page.tsx; app/f/minimal/about/page.tsx; app/f/minimal/ask/[slug]/page.tsx; app/f/minimal/ask/page.tsx; app/f/minimal/ask/page/[page]/page.tsx; app/f/minimal/changelog/page.tsx; app/f/minimal/lab/[slug]/page.tsx; app/f/minimal/lab/page.tsx; app/f/minimal/now/page.tsx; app/f/minimal/owner/page.tsx; app/f/minimal/page.tsx; app/f/minimal/projects/[slug]/page.tsx; app/f/minimal/projects/page.tsx; app/f/minimal/resume/page.tsx; app/f/minimal/work/page.tsx; app/f/press/[...missing]/page.tsx; app/f/press/about/page.tsx; app/f/press/ask/[slug]/page.tsx; app/f/press/ask/page.tsx; app/f/press/ask/page/[page]/page.tsx; app/f/press/changelog/page.tsx; app/f/press/lab/[slug]/page.tsx; app/f/press/lab/page.tsx; app/f/press/now/page.tsx; app/f/press/owner/page.tsx; app/f/press/page.tsx; app/f/press/projects/[slug]/page.tsx; app/f/press/projects/page.tsx; app/f/press/resume/page.tsx; app/f/press/work/page.tsx; app/f/surface/[...missing]/page.tsx; app/f/surface/about/page.tsx; app/f/surface/ask/[slug]/page.tsx; app/f/surface/ask/page.tsx; app/f/surface/ask/page/[page]/page.tsx; app/f/surface/changelog/page.tsx; app/f/surface/lab/[slug]/page.tsx; app/f/surface/lab/page.tsx; app/f/surface/now/page.tsx; app/f/surface/owner/page.tsx; app/f/surface/page.tsx; app/f/surface/projects/[slug]/page.tsx; app/f/surface/projects/page.tsx; app/f/surface/resume/page.tsx; app/f/surface/work/page.tsx; app/f/survey/[...missing]/page.tsx; app/f/survey/about/page.tsx; app/f/survey/ask/[slug]/page.tsx; app/f/survey/ask/page.tsx; app/f/survey/ask/page/[page]/page.tsx; app/f/survey/changelog/page.tsx; app/f/survey/lab/[slug]/page.tsx; app/f/survey/lab/page.tsx; app/f/survey/now/page.tsx; app/f/survey/owner/page.tsx; app/f/survey/page.tsx; app/f/survey/projects/[slug]/page.tsx; app/f/survey/projects/page.tsx; app/f/survey/resume/page.tsx; app/f/survey/work/page.tsx; app/f/timetable/[...missing]/page.tsx; app/f/timetable/about/page.tsx; app/f/timetable/ask/[slug]/page.tsx; app/f/timetable/ask/page.tsx; app/f/timetable/ask/page/[page]/page.tsx; app/f/timetable/changelog/page.tsx; app/f/timetable/lab/[slug]/page.tsx; app/f/timetable/lab/page.tsx; app/f/timetable/now/page.tsx; app/f/timetable/owner/page.tsx; app/f/timetable/page.tsx; app/f/timetable/projects/[slug]/page.tsx; app/f/timetable/projects/page.tsx; app/f/timetable/resume/page.tsx; app/f/timetable/work/page.tsx; flavors/drawing-set/components/site/page.tsx; flavors/press/components/site/page.tsx; flavors/surface/components/site/page.tsx; flavors/timetable/components/site/page.tsx	
flavors/survey/components/site/site-footer.tsx	edition:components/site	flavors/drawing-set/components/site/site-footer.tsx; flavors/minimal/components/site/site-footer.tsx; flavors/press/components/site/site-footer.tsx; flavors/surface/components/site/site-footer.tsx; flavors/timetable/components/site/site-footer.tsx	flavors/drawing-set/components/site/site-footer.tsx; flavors/minimal/components/site/site-footer.tsx; flavors/press/components/site/site-footer.tsx; flavors/surface/components/site/site-footer.tsx; flavors/timetable/components/site/site-footer.tsx	
flavors/survey/components/site/site-header.tsx	edition:components/site	flavors/drawing-set/components/site/site-header.tsx; flavors/minimal/components/site/site-header.tsx; flavors/press/components/site/site-header.tsx; flavors/surface/components/site/site-header.tsx; flavors/timetable/components/site/site-header.tsx	flavors/drawing-set/components/site/site-header.tsx; flavors/minimal/components/site/site-header.tsx; flavors/press/components/site/site-header.tsx; flavors/surface/components/site/site-header.tsx; flavors/timetable/components/site/site-header.tsx	
flavors/survey/components/site/skip-link.tsx	edition:components/site	flavors/drawing-set/components/site/skip-link.tsx; flavors/minimal/components/site/skip-link.tsx; flavors/press/components/site/skip-link.tsx; flavors/timetable/components/site/skip-link.tsx	flavors/drawing-set/components/site/skip-link.tsx; flavors/minimal/components/site/skip-link.tsx; flavors/press/components/site/skip-link.tsx; flavors/timetable/components/site/skip-link.tsx	
flavors/survey/components/site/theme-toggle.tsx	edition:components/site	flavors/minimal/components/site/theme-toggle.tsx; flavors/press/components/site/theme-toggle.tsx	flavors/minimal/components/site/theme-toggle.tsx; flavors/press/components/site/theme-toggle.tsx	
flavors/survey/components/ui/arrow-link.tsx	edition:components/ui	flavors/drawing-set/components/ui/arrow-link.tsx; flavors/minimal/components/ui/arrow-link.tsx; flavors/timetable/components/ui/arrow-link.tsx	flavors/drawing-set/components/ui/arrow-link.tsx; flavors/minimal/components/ui/arrow-link.tsx; flavors/timetable/components/ui/arrow-link.tsx	
flavors/survey/components/ui/button.tsx	edition:components/ui	flavors/drawing-set/components/ui/button.tsx; flavors/minimal/components/ui/button.tsx; flavors/press/components/ui/button.tsx; flavors/timetable/components/ui/button.tsx	flavors/drawing-set/components/ui/button.tsx; flavors/minimal/components/ui/button.tsx; flavors/press/components/ui/button.tsx; flavors/timetable/components/ui/button.tsx	
flavors/survey/components/ui/container.tsx	edition:components/ui	flavors/drawing-set/components/ui/container.tsx; flavors/press/components/ui/container.tsx; flavors/timetable/components/ui/container.tsx	flavors/drawing-set/components/ui/container.tsx; flavors/minimal/components/site/container.tsx; flavors/press/components/ui/container.tsx; flavors/timetable/components/ui/container.tsx	
flavors/survey/components/ui/dialog.tsx	edition:components/ui	flavors/drawing-set/components/ui/dialog.tsx; flavors/press/components/ui/dialog.tsx; flavors/timetable/components/ui/dialog.tsx	flavors/drawing-set/components/ui/dialog.tsx; flavors/press/components/ui/dialog.tsx; flavors/timetable/components/ui/dialog.tsx	
flavors/survey/components/ui/disclosure.module.css	edition:components/ui	flavors/drawing-set/components/ui/disclosure.module.css; flavors/minimal/components/ui/disclosure.module.css; flavors/timetable/components/ui/disclosure.module.css	flavors/drawing-set/components/ui/disclosure.module.css; flavors/minimal/components/ui/disclosure.module.css; flavors/timetable/components/ui/disclosure.module.css	
flavors/survey/components/ui/disclosure.tsx	edition:components/ui	flavors/drawing-set/components/ui/disclosure.tsx; flavors/minimal/components/ui/disclosure.tsx; flavors/press/components/ui/disclosure.tsx; flavors/timetable/components/ui/disclosure.tsx	flavors/drawing-set/components/ui/disclosure.tsx; flavors/minimal/components/ui/disclosure.tsx; flavors/press/components/ui/disclosure.tsx; flavors/timetable/components/ui/disclosure.tsx	
flavors/survey/components/ui/external-link.tsx	edition:components/ui	flavors/drawing-set/components/ui/external-link.tsx; flavors/minimal/components/ui/external-link.tsx; flavors/press/components/ui/external-link.tsx; flavors/timetable/components/ui/external-link.tsx	flavors/drawing-set/components/ui/external-link.tsx; flavors/minimal/components/ui/external-link.tsx; flavors/press/components/ui/external-link.tsx; flavors/timetable/components/ui/external-link.tsx	
flavors/survey/components/ui/kbd.tsx	edition:components/ui	flavors/drawing-set/components/ui/kbd.tsx; flavors/minimal/components/ui/kbd.tsx; flavors/press/components/ui/kbd.tsx; flavors/timetable/components/ui/kbd.tsx	flavors/drawing-set/components/ui/kbd.tsx; flavors/minimal/components/ui/kbd.tsx; flavors/press/components/ui/kbd.tsx; flavors/timetable/components/ui/kbd.tsx	
flavors/survey/components/ui/meta-list.tsx	edition:components/ui	flavors/drawing-set/components/ui/meta-list.tsx; flavors/minimal/components/ui/meta-list.tsx; flavors/timetable/components/ui/meta-list.tsx	flavors/drawing-set/components/ui/meta-list.tsx; flavors/minimal/components/ui/meta-list.tsx; flavors/timetable/components/ui/meta-list.tsx	
flavors/survey/components/ui/page-header.tsx	edition:components/ui	flavors/drawing-set/components/ui/page-header.tsx; flavors/press/components/ui/page-header.tsx; flavors/timetable/components/ui/page-header.tsx	flavors/drawing-set/components/ui/page-header.tsx; flavors/minimal/components/site/page-header.tsx; flavors/press/components/ui/page-header.tsx; flavors/timetable/components/ui/page-header.tsx	
flavors/survey/components/ui/popover.tsx	edition:components/ui	flavors/drawing-set/components/ui/popover.tsx; flavors/minimal/components/ui/popover.tsx; flavors/press/components/ui/popover.tsx; flavors/timetable/components/ui/popover.tsx	flavors/drawing-set/components/ui/popover.tsx; flavors/minimal/components/ui/popover.tsx; flavors/press/components/ui/popover.tsx; flavors/timetable/components/ui/popover.tsx	
flavors/survey/components/ui/rich-text.tsx	edition:components/ui	flavors/drawing-set/components/ui/rich-text.tsx; flavors/press/components/ui/rich-text.tsx; flavors/surface/components/ui/rich-text.tsx; flavors/timetable/components/ui/rich-text.tsx	flavors/drawing-set/components/ui/rich-text.tsx; flavors/press/components/ui/rich-text.tsx; flavors/surface/components/ui/rich-text.tsx; flavors/timetable/components/ui/rich-text.tsx	
flavors/survey/components/ui/row-filter.tsx	edition:components/ui	flavors/timetable/components/ui/row-filter.tsx	flavors/timetable/components/ui/row-filter.tsx	
flavors/survey/components/ui/section-head.tsx	edition:components/ui	flavors/press/components/ui/section-head.tsx; flavors/timetable/components/ui/section-head.tsx	flavors/press/components/ui/section-head.tsx; flavors/surface/components/home/section-head.tsx; flavors/timetable/components/ui/section-head.tsx	
flavors/survey/components/ui/section.tsx	edition:components/ui	flavors/drawing-set/components/ui/section.tsx; flavors/timetable/components/ui/section.tsx	flavors/drawing-set/components/ui/section.tsx; flavors/minimal/components/site/section.tsx; flavors/timetable/components/ui/section.tsx	
flavors/survey/components/ui/segmented-control.tsx	edition:components/ui	flavors/drawing-set/components/ui/segmented-control.tsx; flavors/minimal/components/ui/segmented-control.tsx; flavors/press/components/ui/segmented-control.tsx; flavors/timetable/components/ui/segmented-control.tsx	flavors/drawing-set/components/ui/segmented-control.tsx; flavors/minimal/components/ui/segmented-control.tsx; flavors/press/components/ui/segmented-control.tsx; flavors/timetable/components/ui/segmented-control.tsx	
flavors/survey/components/ui/split-heading.tsx	edition:components/ui		flavors/drawing-set/components/motion/split-heading.tsx; flavors/timetable/components/motion/split-heading.tsx	
flavors/survey/components/ui/switch.tsx	edition:components/ui	flavors/drawing-set/components/ui/switch.tsx; flavors/minimal/components/ui/switch.tsx; flavors/press/components/ui/switch.tsx; flavors/timetable/components/ui/switch.tsx	flavors/drawing-set/components/ui/switch.tsx; flavors/minimal/components/ui/switch.tsx; flavors/press/components/ui/switch.tsx; flavors/timetable/components/ui/switch.tsx	
flavors/survey/components/ui/tag.tsx	edition:components/ui	flavors/drawing-set/components/ui/tag.tsx; flavors/minimal/components/ui/tag.tsx; flavors/timetable/components/ui/tag.tsx	flavors/drawing-set/components/ui/tag.tsx; flavors/minimal/components/ui/tag.tsx; flavors/timetable/components/ui/tag.tsx	
flavors/survey/components/ui/visually-hidden.tsx	edition:components/ui	flavors/drawing-set/components/ui/visually-hidden.tsx; flavors/timetable/components/ui/visually-hidden.tsx	flavors/drawing-set/components/ui/visually-hidden.tsx; flavors/timetable/components/ui/visually-hidden.tsx	
flavors/survey/components/visitor-counter/index.ts	edition:components/visitor-counter	flavors/drawing-set/components/visitor-counter/index.ts; flavors/timetable/components/visitor-counter/index.ts	flavors/drawing-set/components/command/index.ts; flavors/drawing-set/components/customize/index.ts; flavors/drawing-set/components/link-preview/index.ts; flavors/drawing-set/components/site/index.ts; flavors/drawing-set/components/ui/index.ts; flavors/drawing-set/components/visitor-counter/index.ts; flavors/press/components/command/index.ts; flavors/press/components/customize/index.ts; flavors/survey/components/command/index.ts; flavors/survey/components/customize/index.ts; flavors/survey/components/link-preview/index.ts; flavors/survey/components/site/index.ts; flavors/timetable/components/command/index.ts; flavors/timetable/components/customize/index.ts; flavors/timetable/components/link-preview/index.ts; flavors/timetable/components/site/index.ts; flavors/timetable/components/ui/index.ts; flavors/timetable/components/visitor-counter/index.ts; lib/data/index.ts; lib/markdown/index.ts	flavors/drawing-set/components/visitor-counter/index.ts; flavors/timetable/components/visitor-counter/index.ts
flavors/survey/components/visitor-counter/visitor-counter.tsx	edition:components/visitor-counter	flavors/drawing-set/components/visitor-counter/visitor-counter.tsx; flavors/minimal/components/visitor-counter/visitor-counter.tsx; flavors/press/components/visitor-counter/visitor-counter.tsx; flavors/timetable/components/visitor-counter/visitor-counter.tsx	flavors/drawing-set/components/visitor-counter/visitor-counter.tsx; flavors/minimal/components/visitor-counter/visitor-counter.tsx; flavors/press/components/visitor-counter/visitor-counter.tsx; flavors/timetable/components/visitor-counter/visitor-counter.tsx	
flavors/survey/components/work/role-transect.tsx	edition:components/work			
flavors/survey/components/work/transect.tsx	edition:components/work			
flavors/survey/content.ts	edition:content.ts	flavors/drawing-set/content.ts; flavors/minimal/content.ts; flavors/press/content.ts; flavors/surface/content.ts; flavors/timetable/content.ts	flavors/drawing-set/content.ts; flavors/minimal/content.ts; flavors/press/content.ts; flavors/surface/content.ts; flavors/timetable/content.ts	
flavors/survey/lib/__tests__/gazetteer-order.test.ts	edition:lib/__tests__			
flavors/survey/lib/__tests__/relief.test.ts	edition:lib/__tests__			
flavors/survey/lib/__tests__/utils.test.ts	edition:lib/__tests__	flavors/drawing-set/lib/__tests__/utils.test.ts; flavors/minimal/lib/__tests__/utils.test.ts; flavors/surface/lib/__tests__/utils.test.ts; flavors/timetable/lib/__tests__/utils.test.ts	flavors/drawing-set/lib/__tests__/utils.test.ts; flavors/minimal/lib/__tests__/utils.test.ts; flavors/surface/lib/__tests__/utils.test.ts; flavors/timetable/lib/__tests__/utils.test.ts	
flavors/survey/lib/fonts.ts	edition:lib/fonts.ts	flavors/drawing-set/lib/fonts.ts; flavors/minimal/lib/fonts.ts; flavors/press/lib/fonts.ts; flavors/surface/lib/fonts.ts; flavors/timetable/lib/fonts.ts	flavors/drawing-set/lib/fonts.ts; flavors/minimal/lib/fonts.ts; flavors/picker/fonts.ts; flavors/press/lib/fonts.ts; flavors/surface/lib/fonts.ts; flavors/timetable/lib/fonts.ts	
flavors/survey/lib/gazetteer-order.ts	edition:lib/gazetteer-order.ts			
flavors/survey/lib/loupe.ts	edition:lib/loupe.ts			
flavors/survey/lib/prefs-store.ts	edition:lib/prefs-store.ts	flavors/drawing-set/lib/prefs-store.ts; flavors/minimal/lib/prefs-store.ts; flavors/press/lib/prefs-store.ts; flavors/surface/lib/prefs-store.ts; flavors/timetable/lib/prefs-store.ts	flavors/drawing-set/lib/prefs-store.ts; flavors/minimal/lib/prefs-store.ts; flavors/press/lib/prefs-store.ts; flavors/surface/lib/prefs-store.ts; flavors/timetable/lib/prefs-store.ts	
flavors/survey/lib/prefs.ts	edition:lib/prefs.ts	flavors/drawing-set/lib/prefs.ts; flavors/minimal/lib/prefs.ts; flavors/press/lib/prefs.ts; flavors/surface/lib/prefs.ts; flavors/timetable/lib/prefs.ts	flavors/drawing-set/lib/prefs.ts; flavors/minimal/lib/prefs.ts; flavors/press/lib/prefs.ts; flavors/surface/lib/prefs.ts; flavors/timetable/lib/prefs.ts	
flavors/survey/lib/relief.ts	edition:lib/relief.ts			
flavors/survey/lib/scene/__tests__/poses.test.ts	edition:lib/scene			
flavors/survey/lib/scene/poses.ts	edition:lib/scene	flavors/drawing-set/lib/scene/poses.ts; flavors/press/lib/scene/poses.ts; flavors/timetable/lib/scene/poses.ts	flavors/drawing-set/lib/scene/poses.ts; flavors/press/lib/scene/poses.ts; flavors/timetable/lib/scene/poses.ts	
flavors/survey/lib/sheet.ts	edition:lib/sheet.ts		flavors/drawing-set/components/projects/sheet.ts	
flavors/survey/lib/utils.ts	edition:lib/utils.ts	flavors/drawing-set/lib/utils.ts; flavors/minimal/lib/utils.ts; flavors/press/lib/utils.ts; flavors/surface/lib/utils.ts; flavors/timetable/lib/utils.ts	flavors/drawing-set/lib/utils.ts; flavors/minimal/lib/utils.ts; flavors/press/lib/utils.ts; flavors/surface/lib/utils.ts; flavors/timetable/lib/utils.ts	
flavors/survey/styles.css	edition:styles.css	flavors/drawing-set/styles.css; flavors/minimal/styles.css; flavors/press/styles.css; flavors/surface/styles.css; flavors/timetable/styles.css	flavors/drawing-set/styles.css; flavors/minimal/styles.css; flavors/picker/styles.css; flavors/press/styles.css; flavors/surface/styles.css; flavors/timetable/styles.css	
flavors/timetable/components/ask/ask-pagination.tsx	edition:components/ask	flavors/drawing-set/components/ask/ask-pagination.tsx; flavors/minimal/components/ask/ask-pagination.tsx; flavors/surface/components/ask/ask-pagination.tsx; flavors/survey/components/ask/ask-pagination.tsx	flavors/drawing-set/components/ask/ask-pagination.tsx; flavors/minimal/components/ask/ask-pagination.tsx; flavors/surface/components/ask/ask-pagination.tsx; flavors/survey/components/ask/ask-pagination.tsx	
flavors/timetable/components/ask/chat-bubble.tsx	edition:components/ask	flavors/drawing-set/components/ask/chat-bubble.tsx; flavors/minimal/components/ask/chat-bubble.tsx; flavors/surface/components/ask/chat-bubble.tsx; flavors/survey/components/ask/chat-bubble.tsx	flavors/drawing-set/components/ask/chat-bubble.tsx; flavors/minimal/components/ask/chat-bubble.tsx; flavors/surface/components/ask/chat-bubble.tsx; flavors/survey/components/ask/chat-bubble.tsx	
flavors/timetable/components/ask/chat-composer.tsx	edition:components/ask	flavors/drawing-set/components/ask/chat-composer.tsx; flavors/minimal/components/ask/chat-composer.tsx; flavors/surface/components/ask/chat-composer.tsx; flavors/survey/components/ask/chat-composer.tsx	flavors/drawing-set/components/ask/chat-composer.tsx; flavors/minimal/components/ask/chat-composer.tsx; flavors/surface/components/ask/chat-composer.tsx; flavors/survey/components/ask/chat-composer.tsx	
flavors/timetable/components/ask/chat-feed.tsx	edition:components/ask	flavors/drawing-set/components/ask/chat-feed.tsx; flavors/minimal/components/ask/chat-feed.tsx; flavors/surface/components/ask/chat-feed.tsx; flavors/survey/components/ask/chat-feed.tsx	flavors/drawing-set/components/ask/chat-feed.tsx; flavors/minimal/components/ask/chat-feed.tsx; flavors/surface/components/ask/chat-feed.tsx; flavors/survey/components/ask/chat-feed.tsx	
flavors/timetable/components/ask/chat-thread.tsx	edition:components/ask	flavors/drawing-set/components/ask/chat-thread.tsx; flavors/minimal/components/ask/chat-thread.tsx; flavors/surface/components/ask/chat-thread.tsx; flavors/survey/components/ask/chat-thread.tsx	flavors/drawing-set/components/ask/chat-thread.tsx; flavors/minimal/components/ask/chat-thread.tsx; flavors/surface/components/ask/chat-thread.tsx; flavors/survey/components/ask/chat-thread.tsx	
flavors/timetable/components/ask/message-body.tsx	edition:components/ask	flavors/drawing-set/components/ask/message-body.tsx; flavors/minimal/components/ask/message-body.tsx; flavors/press/components/ask/message-body.tsx; flavors/surface/components/ask/message-body.tsx; flavors/survey/components/ask/message-body.tsx	flavors/drawing-set/components/ask/message-body.tsx; flavors/minimal/components/ask/message-body.tsx; flavors/press/components/ask/message-body.tsx; flavors/surface/components/ask/message-body.tsx; flavors/survey/components/ask/message-body.tsx	
flavors/timetable/components/ask/message-menu.tsx	edition:components/ask	flavors/drawing-set/components/ask/message-menu.tsx; flavors/minimal/components/ask/message-menu.tsx; flavors/press/components/ask/message-menu.tsx; flavors/surface/components/ask/message-menu.tsx; flavors/survey/components/ask/message-menu.tsx	flavors/drawing-set/components/ask/message-menu.tsx; flavors/minimal/components/ask/message-menu.tsx; flavors/press/components/ask/message-menu.tsx; flavors/surface/components/ask/message-menu.tsx; flavors/survey/components/ask/message-menu.tsx	
flavors/timetable/components/ask/moderation-strip.tsx	edition:components/ask	flavors/drawing-set/components/ask/moderation-strip.tsx; flavors/minimal/components/ask/moderation-strip.tsx; flavors/press/components/ask/moderation-strip.tsx; flavors/surface/components/ask/moderation-strip.tsx; flavors/survey/components/ask/moderation-strip.tsx	flavors/drawing-set/components/ask/moderation-strip.tsx; flavors/minimal/components/ask/moderation-strip.tsx; flavors/press/components/ask/moderation-strip.tsx; flavors/surface/components/ask/moderation-strip.tsx; flavors/survey/components/ask/moderation-strip.tsx	
flavors/timetable/components/ask/notice-number.ts	edition:components/ask			
flavors/timetable/components/ask/owner-sign-in.tsx	edition:components/ask	flavors/drawing-set/components/ask/owner-sign-in.tsx; flavors/minimal/components/ask/owner-sign-in.tsx; flavors/press/components/ask/owner-sign-in.tsx; flavors/surface/components/ask/owner-sign-in.tsx; flavors/survey/components/ask/owner-sign-in.tsx	flavors/drawing-set/components/ask/owner-sign-in.tsx; flavors/minimal/components/ask/owner-sign-in.tsx; flavors/press/components/ask/owner-sign-in.tsx; flavors/surface/components/ask/owner-sign-in.tsx; flavors/survey/components/ask/owner-sign-in.tsx	
flavors/timetable/components/ask/pending-echo.tsx	edition:components/ask	flavors/drawing-set/components/ask/pending-echo.tsx; flavors/minimal/components/ask/pending-echo.tsx; flavors/surface/components/ask/pending-echo.tsx; flavors/survey/components/ask/pending-echo.tsx	flavors/drawing-set/components/ask/pending-echo.tsx; flavors/minimal/components/ask/pending-echo.tsx; flavors/surface/components/ask/pending-echo.tsx; flavors/survey/components/ask/pending-echo.tsx	
flavors/timetable/components/ask/thread-line.ts	edition:components/ask	flavors/drawing-set/components/ask/thread-line.ts; flavors/minimal/components/ask/thread-line.ts; flavors/surface/components/ask/thread-line.ts; flavors/survey/components/ask/thread-line.ts	flavors/drawing-set/components/ask/thread-line.ts; flavors/minimal/components/ask/thread-line.ts; flavors/surface/components/ask/thread-line.ts; flavors/survey/components/ask/thread-line.ts	
flavors/timetable/components/ask/thread-reply.tsx	edition:components/ask	flavors/drawing-set/components/ask/thread-reply.tsx; flavors/minimal/components/ask/thread-reply.tsx; flavors/press/components/ask/thread-reply.tsx; flavors/surface/components/ask/thread-reply.tsx; flavors/survey/components/ask/thread-reply.tsx	flavors/drawing-set/components/ask/thread-reply.tsx; flavors/minimal/components/ask/thread-reply.tsx; flavors/press/components/ask/thread-reply.tsx; flavors/surface/components/ask/thread-reply.tsx; flavors/survey/components/ask/thread-reply.tsx	
flavors/timetable/components/command/__tests__/items.test.ts	edition:components/command	flavors/drawing-set/components/command/__tests__/items.test.ts; flavors/minimal/components/command/__tests__/items.test.ts; flavors/surface/components/command/__tests__/items.test.ts	flavors/drawing-set/components/command/__tests__/items.test.ts; flavors/minimal/components/command/__tests__/items.test.ts; flavors/surface/components/command/__tests__/items.test.ts; lib/command/__tests__/items.test.ts	
flavors/timetable/components/command/__tests__/shortcuts.test.ts	edition:components/command	flavors/drawing-set/components/command/__tests__/shortcuts.test.ts; flavors/minimal/components/command/__tests__/shortcuts.test.ts; flavors/press/components/command/__tests__/shortcuts.test.ts; flavors/surface/components/command/__tests__/shortcuts.test.ts	flavors/drawing-set/components/command/__tests__/shortcuts.test.ts; flavors/minimal/components/command/__tests__/shortcuts.test.ts; flavors/press/components/command/__tests__/shortcuts.test.ts; flavors/surface/components/command/__tests__/shortcuts.test.ts; lib/command/__tests__/shortcuts.test.ts	
flavors/timetable/components/command/command-dialog.tsx	edition:components/command	flavors/drawing-set/components/command/command-dialog.tsx; flavors/minimal/components/command/command-dialog.tsx; flavors/press/components/command/command-dialog.tsx; flavors/surface/components/command/command-dialog.tsx; flavors/survey/components/command/command-dialog.tsx	flavors/drawing-set/components/command/command-dialog.tsx; flavors/minimal/components/command/command-dialog.tsx; flavors/press/components/command/command-dialog.tsx; flavors/surface/components/command/command-dialog.tsx; flavors/survey/components/command/command-dialog.tsx	
flavors/timetable/components/command/command-menu.tsx	edition:components/command	flavors/drawing-set/components/command/command-menu.tsx; flavors/minimal/components/command/command-menu.tsx; flavors/press/components/command/command-menu.tsx; flavors/surface/components/command/command-menu.tsx; flavors/survey/components/command/command-menu.tsx	flavors/drawing-set/components/command/command-menu.tsx; flavors/minimal/components/command/command-menu.tsx; flavors/press/components/command/command-menu.tsx; flavors/surface/components/command/command-menu.tsx; flavors/survey/components/command/command-menu.tsx	flavors/drawing-set/components/command/command-menu.tsx; flavors/minimal/components/command/command-menu.tsx; flavors/surface/components/command/command-menu.tsx; flavors/survey/components/command/command-menu.tsx
flavors/timetable/components/command/command-row.tsx	edition:components/command	flavors/drawing-set/components/command/command-row.tsx; flavors/minimal/components/command/command-row.tsx; flavors/press/components/command/command-row.tsx; flavors/surface/components/command/command-row.tsx; flavors/survey/components/command/command-row.tsx	flavors/drawing-set/components/command/command-row.tsx; flavors/minimal/components/command/command-row.tsx; flavors/press/components/command/command-row.tsx; flavors/surface/components/command/command-row.tsx; flavors/survey/components/command/command-row.tsx	
flavors/timetable/components/command/command-trigger.tsx	edition:components/command	flavors/drawing-set/components/command/command-trigger.tsx; flavors/minimal/components/command/command-trigger.tsx; flavors/press/components/command/command-trigger.tsx; flavors/surface/components/command/command-trigger.tsx; flavors/survey/components/command/command-trigger.tsx	flavors/drawing-set/components/command/command-trigger.tsx; flavors/minimal/components/command/command-trigger.tsx; flavors/press/components/command/command-trigger.tsx; flavors/surface/components/command/command-trigger.tsx; flavors/survey/components/command/command-trigger.tsx	
flavors/timetable/components/command/index.ts	edition:components/command	flavors/drawing-set/components/command/index.ts; flavors/press/components/command/index.ts; flavors/survey/components/command/index.ts	flavors/drawing-set/components/command/index.ts; flavors/drawing-set/components/customize/index.ts; flavors/drawing-set/components/link-preview/index.ts; flavors/drawing-set/components/site/index.ts; flavors/drawing-set/components/ui/index.ts; flavors/drawing-set/components/visitor-counter/index.ts; flavors/press/components/command/index.ts; flavors/press/components/customize/index.ts; flavors/survey/components/command/index.ts; flavors/survey/components/customize/index.ts; flavors/survey/components/link-preview/index.ts; flavors/survey/components/site/index.ts; flavors/survey/components/visitor-counter/index.ts; flavors/timetable/components/customize/index.ts; flavors/timetable/components/link-preview/index.ts; flavors/timetable/components/site/index.ts; flavors/timetable/components/ui/index.ts; flavors/timetable/components/visitor-counter/index.ts; lib/data/index.ts; lib/markdown/index.ts	flavors/drawing-set/components/command/index.ts; flavors/survey/components/command/index.ts
flavors/timetable/components/command/items.ts	edition:components/command	flavors/drawing-set/components/command/items.ts; flavors/minimal/components/command/items.ts; flavors/surface/components/command/items.ts; flavors/survey/components/command/items.ts	flavors/drawing-set/components/command/items.ts; flavors/minimal/components/command/items.ts; flavors/surface/components/command/items.ts; flavors/survey/components/command/items.ts; lib/command/items.ts	
flavors/timetable/components/command/shortcuts.ts	edition:components/command	flavors/drawing-set/components/command/shortcuts.ts; flavors/minimal/components/command/shortcuts.ts; flavors/press/components/command/shortcuts.ts; flavors/surface/components/command/shortcuts.ts; flavors/survey/components/command/shortcuts.ts	flavors/drawing-set/components/command/shortcuts.ts; flavors/minimal/components/command/shortcuts.ts; flavors/press/components/command/shortcuts.ts; flavors/surface/components/command/shortcuts.ts; flavors/survey/components/command/shortcuts.ts; lib/command/shortcuts.ts	
flavors/timetable/components/customize/control-row.tsx	edition:components/customize	flavors/drawing-set/components/customize/control-row.tsx; flavors/minimal/components/customize/control-row.tsx; flavors/survey/components/customize/control-row.tsx	flavors/drawing-set/components/customize/control-row.tsx; flavors/minimal/components/customize/control-row.tsx; flavors/survey/components/customize/control-row.tsx	
flavors/timetable/components/customize/customize-controls.tsx	edition:components/customize	flavors/drawing-set/components/customize/customize-controls.tsx; flavors/minimal/components/customize/customize-controls.tsx; flavors/press/components/customize/customize-controls.tsx; flavors/survey/components/customize/customize-controls.tsx	flavors/drawing-set/components/customize/customize-controls.tsx; flavors/minimal/components/customize/customize-controls.tsx; flavors/press/components/customize/customize-controls.tsx; flavors/survey/components/customize/customize-controls.tsx	
flavors/timetable/components/customize/customize-panel.tsx	edition:components/customize	flavors/drawing-set/components/customize/customize-panel.tsx; flavors/minimal/components/customize/customize-panel.tsx; flavors/press/components/customize/customize-panel.tsx; flavors/survey/components/customize/customize-panel.tsx	flavors/drawing-set/components/customize/customize-panel.tsx; flavors/minimal/components/customize/customize-panel.tsx; flavors/press/components/customize/customize-panel.tsx; flavors/survey/components/customize/customize-panel.tsx	
flavors/timetable/components/customize/customize-trigger.tsx	edition:components/customize	flavors/drawing-set/components/customize/customize-trigger.tsx; flavors/press/components/customize/customize-trigger.tsx; flavors/survey/components/customize/customize-trigger.tsx	flavors/drawing-set/components/customize/customize-trigger.tsx; flavors/press/components/customize/customize-trigger.tsx; flavors/survey/components/customize/customize-trigger.tsx	
flavors/timetable/components/customize/index.ts	edition:components/customize	flavors/drawing-set/components/customize/index.ts; flavors/press/components/customize/index.ts; flavors/survey/components/customize/index.ts	flavors/drawing-set/components/command/index.ts; flavors/drawing-set/components/customize/index.ts; flavors/drawing-set/components/link-preview/index.ts; flavors/drawing-set/components/site/index.ts; flavors/drawing-set/components/ui/index.ts; flavors/drawing-set/components/visitor-counter/index.ts; flavors/press/components/command/index.ts; flavors/press/components/customize/index.ts; flavors/survey/components/command/index.ts; flavors/survey/components/customize/index.ts; flavors/survey/components/link-preview/index.ts; flavors/survey/components/site/index.ts; flavors/survey/components/visitor-counter/index.ts; flavors/timetable/components/command/index.ts; flavors/timetable/components/link-preview/index.ts; flavors/timetable/components/site/index.ts; flavors/timetable/components/ui/index.ts; flavors/timetable/components/visitor-counter/index.ts; lib/data/index.ts; lib/markdown/index.ts	flavors/drawing-set/components/customize/index.ts; flavors/survey/components/customize/index.ts
flavors/timetable/components/home/hero.tsx	edition:components/home	flavors/drawing-set/components/home/hero.tsx; flavors/press/components/home/hero.tsx; flavors/surface/components/home/hero.tsx; flavors/survey/components/home/hero.tsx	flavors/drawing-set/components/home/hero.tsx; flavors/press/components/home/hero.tsx; flavors/surface/components/home/hero.tsx; flavors/survey/components/home/hero.tsx	
flavors/timetable/components/home/service-updates.tsx	edition:components/home			
flavors/timetable/components/interaction/cursor.tsx	edition:components/interaction	flavors/drawing-set/components/interaction/cursor.tsx; flavors/minimal/components/interaction/cursor.tsx; flavors/press/components/interaction/cursor.tsx; flavors/surface/components/interaction/cursor.tsx; flavors/survey/components/interaction/cursor.tsx	flavors/drawing-set/components/interaction/cursor.tsx; flavors/minimal/components/interaction/cursor.tsx; flavors/press/components/interaction/cursor.tsx; flavors/surface/components/interaction/cursor.tsx; flavors/survey/components/interaction/cursor.tsx	
flavors/timetable/components/interaction/interaction-layer.tsx	edition:components/interaction	flavors/drawing-set/components/interaction/interaction-layer.tsx; flavors/minimal/components/interaction/interaction-layer.tsx; flavors/press/components/interaction/interaction-layer.tsx; flavors/survey/components/interaction/interaction-layer.tsx	flavors/drawing-set/components/interaction/interaction-layer.tsx; flavors/minimal/components/interaction/interaction-layer.tsx; flavors/press/components/interaction/interaction-layer.tsx; flavors/survey/components/interaction/interaction-layer.tsx	
flavors/timetable/components/lab/experiment-stage.tsx	edition:components/lab	flavors/drawing-set/components/lab/experiment-stage.tsx; flavors/minimal/components/lab/experiment-stage.tsx; flavors/press/components/lab/experiment-stage.tsx; flavors/surface/components/lab/experiment-stage.tsx; flavors/survey/components/lab/experiment-stage.tsx	flavors/drawing-set/components/lab/experiment-stage.tsx; flavors/minimal/components/lab/experiment-stage.tsx; flavors/press/components/lab/experiment-stage.tsx; flavors/surface/components/lab/experiment-stage.tsx; flavors/survey/components/lab/experiment-stage.tsx	
flavors/timetable/components/lab/experiments/signature-field/signature-field-fallback.tsx	edition:components/lab	flavors/drawing-set/components/lab/experiments/signature-field/signature-field-fallback.tsx; flavors/minimal/components/lab/experiments/signature-field/signature-field-fallback.tsx; flavors/surface/components/lab/experiments/signature-field/signature-field-fallback.tsx; flavors/survey/components/lab/experiments/signature-field/signature-field-fallback.tsx	flavors/drawing-set/components/lab/experiments/signature-field/signature-field-fallback.tsx; flavors/minimal/components/lab/experiments/signature-field/signature-field-fallback.tsx; flavors/press/components/lab/signature-field-fallback.tsx; flavors/surface/components/lab/experiments/signature-field/signature-field-fallback.tsx; flavors/survey/components/lab/experiments/signature-field/signature-field-fallback.tsx	
flavors/timetable/components/lab/experiments/signature-field/signature-field.tsx	edition:components/lab	flavors/drawing-set/components/lab/experiments/signature-field/signature-field.tsx; flavors/minimal/components/lab/experiments/signature-field/signature-field.tsx; flavors/surface/components/lab/experiments/signature-field/signature-field.tsx; flavors/survey/components/lab/experiments/signature-field/signature-field.tsx	flavors/drawing-set/components/lab/experiments/signature-field/signature-field.tsx; flavors/minimal/components/lab/experiments/signature-field/signature-field.tsx; flavors/press/components/lab/signature-field.tsx; flavors/surface/components/lab/experiments/signature-field/signature-field.tsx; flavors/survey/components/lab/experiments/signature-field/signature-field.tsx	
flavors/timetable/components/lab/poster.tsx	edition:components/lab	flavors/drawing-set/components/lab/poster.tsx; flavors/minimal/components/lab/poster.tsx; flavors/surface/components/lab/poster.tsx; flavors/survey/components/lab/poster.tsx	flavors/drawing-set/components/lab/poster.tsx; flavors/minimal/components/lab/poster.tsx; flavors/surface/components/lab/poster.tsx; flavors/survey/components/lab/poster.tsx	flavors/drawing-set/components/lab/poster.tsx; flavors/minimal/components/lab/poster.tsx; flavors/surface/components/lab/poster.tsx
flavors/timetable/components/lab/use-accent.ts	edition:components/lab	flavors/drawing-set/components/lab/use-accent.ts; flavors/minimal/components/lab/use-accent.ts; flavors/press/components/lab/use-accent.ts; flavors/surface/components/lab/use-accent.ts; flavors/survey/components/lab/use-accent.ts	flavors/drawing-set/components/lab/use-accent.ts; flavors/minimal/components/lab/use-accent.ts; flavors/press/components/lab/use-accent.ts; flavors/surface/components/lab/use-accent.ts; flavors/survey/components/lab/use-accent.ts	
flavors/timetable/components/link-preview/index.ts	edition:components/link-preview	flavors/drawing-set/components/link-preview/index.ts; flavors/survey/components/link-preview/index.ts	flavors/drawing-set/components/command/index.ts; flavors/drawing-set/components/customize/index.ts; flavors/drawing-set/components/link-preview/index.ts; flavors/drawing-set/components/site/index.ts; flavors/drawing-set/components/ui/index.ts; flavors/drawing-set/components/visitor-counter/index.ts; flavors/press/components/command/index.ts; flavors/press/components/customize/index.ts; flavors/survey/components/command/index.ts; flavors/survey/components/customize/index.ts; flavors/survey/components/link-preview/index.ts; flavors/survey/components/site/index.ts; flavors/survey/components/visitor-counter/index.ts; flavors/timetable/components/command/index.ts; flavors/timetable/components/customize/index.ts; flavors/timetable/components/site/index.ts; flavors/timetable/components/ui/index.ts; flavors/timetable/components/visitor-counter/index.ts; lib/data/index.ts; lib/markdown/index.ts	flavors/drawing-set/components/link-preview/index.ts; flavors/survey/components/link-preview/index.ts
flavors/timetable/components/link-preview/link-preview-card.tsx	edition:components/link-preview	flavors/drawing-set/components/link-preview/link-preview-card.tsx; flavors/minimal/components/link-preview/link-preview-card.tsx; flavors/press/components/link-preview/link-preview-card.tsx; flavors/survey/components/link-preview/link-preview-card.tsx	flavors/drawing-set/components/link-preview/link-preview-card.tsx; flavors/minimal/components/link-preview/link-preview-card.tsx; flavors/press/components/link-preview/link-preview-card.tsx; flavors/survey/components/link-preview/link-preview-card.tsx	
flavors/timetable/components/link-preview/link-preview-layer.tsx	edition:components/link-preview	flavors/drawing-set/components/link-preview/link-preview-layer.tsx; flavors/minimal/components/link-preview/link-preview-layer.tsx; flavors/press/components/link-preview/link-preview-layer.tsx; flavors/survey/components/link-preview/link-preview-layer.tsx	flavors/drawing-set/components/link-preview/link-preview-layer.tsx; flavors/minimal/components/link-preview/link-preview-layer.tsx; flavors/press/components/link-preview/link-preview-layer.tsx; flavors/survey/components/link-preview/link-preview-layer.tsx	flavors/drawing-set/components/link-preview/link-preview-layer.tsx
flavors/timetable/components/motion/flap-riffle.tsx	edition:components/motion			
flavors/timetable/components/motion/split-heading.tsx	edition:components/motion	flavors/drawing-set/components/motion/split-heading.tsx	flavors/drawing-set/components/motion/split-heading.tsx; flavors/survey/components/ui/split-heading.tsx	
flavors/timetable/components/network/__tests__/render.test.tsx	edition:components/network			
flavors/timetable/components/network/network-map.tsx	edition:components/network			
flavors/timetable/components/network/network-section.tsx	edition:components/network			
flavors/timetable/components/prefs/prefs-sync.tsx	edition:components/prefs	flavors/drawing-set/components/prefs/prefs-sync.tsx; flavors/minimal/components/prefs/prefs-sync.tsx; flavors/press/components/prefs/prefs-sync.tsx; flavors/surface/components/prefs/prefs-sync.tsx; flavors/survey/components/prefs/prefs-sync.tsx	flavors/drawing-set/components/prefs/prefs-sync.tsx; flavors/minimal/components/prefs/prefs-sync.tsx; flavors/press/components/prefs/prefs-sync.tsx; flavors/surface/components/prefs/prefs-sync.tsx; flavors/survey/components/prefs/prefs-sync.tsx	
flavors/timetable/components/projects/calling-pattern.tsx	edition:components/projects			
flavors/timetable/components/projects/departure-board.tsx	edition:components/projects			
flavors/timetable/components/resume/print-button.tsx	edition:components/resume	flavors/drawing-set/components/resume/print-button.tsx; flavors/minimal/components/resume/print-button.tsx; flavors/press/components/resume/print-button.tsx; flavors/surface/components/resume/print-button.tsx; flavors/survey/components/resume/print-button.tsx	flavors/drawing-set/components/resume/print-button.tsx; flavors/minimal/components/resume/print-button.tsx; flavors/press/components/resume/print-button.tsx; flavors/surface/components/resume/print-button.tsx; flavors/survey/components/resume/print-button.tsx	
flavors/timetable/components/resume/resume-document.tsx	edition:components/resume	flavors/drawing-set/components/resume/resume-document.tsx; flavors/minimal/components/resume/resume-document.tsx; flavors/press/components/resume/resume-document.tsx; flavors/surface/components/resume/resume-document.tsx; flavors/survey/components/resume/resume-document.tsx	flavors/drawing-set/components/resume/resume-document.tsx; flavors/minimal/components/resume/resume-document.tsx; flavors/press/components/resume/resume-document.tsx; flavors/surface/components/resume/resume-document.tsx; flavors/survey/components/resume/resume-document.tsx	
flavors/timetable/components/resume/resume.module.css	edition:components/resume	flavors/drawing-set/components/resume/resume.module.css; flavors/minimal/components/resume/resume.module.css; flavors/press/components/resume/resume.module.css; flavors/surface/components/resume/resume.module.css; flavors/survey/components/resume/resume.module.css	flavors/drawing-set/components/resume/resume.module.css; flavors/minimal/components/resume/resume.module.css; flavors/press/components/resume/resume.module.css; flavors/surface/components/resume/resume.module.css; flavors/survey/components/resume/resume.module.css	
flavors/timetable/components/scene/flaps.ts	edition:components/scene			
flavors/timetable/components/scene/scene-loader.tsx	edition:components/scene	flavors/drawing-set/components/scene/scene-loader.tsx; flavors/press/components/scene/scene-loader.tsx; flavors/survey/components/scene/scene-loader.tsx	flavors/drawing-set/components/scene/scene-loader.tsx; flavors/press/components/scene/scene-loader.tsx; flavors/survey/components/scene/scene-loader.tsx	
flavors/timetable/components/scene/scene-root.tsx	edition:components/scene	flavors/drawing-set/components/scene/scene-root.tsx; flavors/press/components/scene/scene-root.tsx	flavors/drawing-set/components/scene/scene-root.tsx; flavors/press/components/scene/scene-root.tsx	
flavors/timetable/components/scene/world.tsx	edition:components/scene	flavors/drawing-set/components/scene/world.tsx; flavors/press/components/scene/world.tsx	flavors/drawing-set/components/scene/world.tsx; flavors/press/components/scene/world.tsx	
flavors/timetable/components/site/copy-email.tsx	edition:components/site	flavors/drawing-set/components/site/copy-email.tsx; flavors/press/components/site/copy-email.tsx; flavors/survey/components/site/copy-email.tsx	flavors/drawing-set/components/site/copy-email.tsx; flavors/minimal/components/ui/copy-email.tsx; flavors/press/components/site/copy-email.tsx; flavors/surface/components/home/copy-email.tsx; flavors/survey/components/site/copy-email.tsx	
flavors/timetable/components/site/deferred-layers.tsx	edition:components/site	flavors/drawing-set/components/site/deferred-layers.tsx; flavors/press/components/site/deferred-layers.tsx; flavors/survey/components/site/deferred-layers.tsx	flavors/drawing-set/components/site/deferred-layers.tsx; flavors/press/components/site/deferred-layers.tsx; flavors/survey/components/site/deferred-layers.tsx	
flavors/timetable/components/site/deferred-shell.tsx	edition:components/site	flavors/drawing-set/components/site/deferred-shell.tsx; flavors/press/components/site/deferred-shell.tsx; flavors/survey/components/site/deferred-shell.tsx	flavors/drawing-set/components/site/deferred-shell.tsx; flavors/press/components/site/deferred-shell.tsx; flavors/survey/components/site/deferred-shell.tsx	flavors/drawing-set/components/site/deferred-shell.tsx
flavors/timetable/components/site/index.ts	edition:components/site	flavors/drawing-set/components/site/index.ts; flavors/survey/components/site/index.ts	flavors/drawing-set/components/command/index.ts; flavors/drawing-set/components/customize/index.ts; flavors/drawing-set/components/link-preview/index.ts; flavors/drawing-set/components/site/index.ts; flavors/drawing-set/components/ui/index.ts; flavors/drawing-set/components/visitor-counter/index.ts; flavors/press/components/command/index.ts; flavors/press/components/customize/index.ts; flavors/survey/components/command/index.ts; flavors/survey/components/customize/index.ts; flavors/survey/components/link-preview/index.ts; flavors/survey/components/site/index.ts; flavors/survey/components/visitor-counter/index.ts; flavors/timetable/components/command/index.ts; flavors/timetable/components/customize/index.ts; flavors/timetable/components/link-preview/index.ts; flavors/timetable/components/ui/index.ts; flavors/timetable/components/visitor-counter/index.ts; lib/data/index.ts; lib/markdown/index.ts	
flavors/timetable/components/site/nav-links.tsx	edition:components/site	flavors/drawing-set/components/site/nav-links.tsx; flavors/minimal/components/site/nav-links.tsx; flavors/press/components/site/nav-links.tsx; flavors/survey/components/site/nav-links.tsx	flavors/drawing-set/components/site/nav-links.tsx; flavors/minimal/components/site/nav-links.tsx; flavors/press/components/site/nav-links.tsx; flavors/survey/components/site/nav-links.tsx	
flavors/timetable/components/site/page.tsx	edition:components/site	flavors/drawing-set/components/site/page.tsx; flavors/press/components/site/page.tsx; flavors/surface/components/site/page.tsx; flavors/survey/components/site/page.tsx	app/f/drawing-set/[...missing]/page.tsx; app/f/drawing-set/about/page.tsx; app/f/drawing-set/ask/[slug]/page.tsx; app/f/drawing-set/ask/page.tsx; app/f/drawing-set/ask/page/[page]/page.tsx; app/f/drawing-set/changelog/page.tsx; app/f/drawing-set/lab/[slug]/page.tsx; app/f/drawing-set/lab/page.tsx; app/f/drawing-set/now/page.tsx; app/f/drawing-set/owner/page.tsx; app/f/drawing-set/page.tsx; app/f/drawing-set/projects/[slug]/page.tsx; app/f/drawing-set/projects/page.tsx; app/f/drawing-set/resume/page.tsx; app/f/drawing-set/work/page.tsx; app/f/minimal/[...missing]/page.tsx; app/f/minimal/about/page.tsx; app/f/minimal/ask/[slug]/page.tsx; app/f/minimal/ask/page.tsx; app/f/minimal/ask/page/[page]/page.tsx; app/f/minimal/changelog/page.tsx; app/f/minimal/lab/[slug]/page.tsx; app/f/minimal/lab/page.tsx; app/f/minimal/now/page.tsx; app/f/minimal/owner/page.tsx; app/f/minimal/page.tsx; app/f/minimal/projects/[slug]/page.tsx; app/f/minimal/projects/page.tsx; app/f/minimal/resume/page.tsx; app/f/minimal/work/page.tsx; app/f/press/[...missing]/page.tsx; app/f/press/about/page.tsx; app/f/press/ask/[slug]/page.tsx; app/f/press/ask/page.tsx; app/f/press/ask/page/[page]/page.tsx; app/f/press/changelog/page.tsx; app/f/press/lab/[slug]/page.tsx; app/f/press/lab/page.tsx; app/f/press/now/page.tsx; app/f/press/owner/page.tsx; app/f/press/page.tsx; app/f/press/projects/[slug]/page.tsx; app/f/press/projects/page.tsx; app/f/press/resume/page.tsx; app/f/press/work/page.tsx; app/f/surface/[...missing]/page.tsx; app/f/surface/about/page.tsx; app/f/surface/ask/[slug]/page.tsx; app/f/surface/ask/page.tsx; app/f/surface/ask/page/[page]/page.tsx; app/f/surface/changelog/page.tsx; app/f/surface/lab/[slug]/page.tsx; app/f/surface/lab/page.tsx; app/f/surface/now/page.tsx; app/f/surface/owner/page.tsx; app/f/surface/page.tsx; app/f/surface/projects/[slug]/page.tsx; app/f/surface/projects/page.tsx; app/f/surface/resume/page.tsx; app/f/surface/work/page.tsx; app/f/survey/[...missing]/page.tsx; app/f/survey/about/page.tsx; app/f/survey/ask/[slug]/page.tsx; app/f/survey/ask/page.tsx; app/f/survey/ask/page/[page]/page.tsx; app/f/survey/changelog/page.tsx; app/f/survey/lab/[slug]/page.tsx; app/f/survey/lab/page.tsx; app/f/survey/now/page.tsx; app/f/survey/owner/page.tsx; app/f/survey/page.tsx; app/f/survey/projects/[slug]/page.tsx; app/f/survey/projects/page.tsx; app/f/survey/resume/page.tsx; app/f/survey/work/page.tsx; app/f/timetable/[...missing]/page.tsx; app/f/timetable/about/page.tsx; app/f/timetable/ask/[slug]/page.tsx; app/f/timetable/ask/page.tsx; app/f/timetable/ask/page/[page]/page.tsx; app/f/timetable/changelog/page.tsx; app/f/timetable/lab/[slug]/page.tsx; app/f/timetable/lab/page.tsx; app/f/timetable/now/page.tsx; app/f/timetable/owner/page.tsx; app/f/timetable/page.tsx; app/f/timetable/projects/[slug]/page.tsx; app/f/timetable/projects/page.tsx; app/f/timetable/resume/page.tsx; app/f/timetable/work/page.tsx; flavors/drawing-set/components/site/page.tsx; flavors/press/components/site/page.tsx; flavors/surface/components/site/page.tsx; flavors/survey/components/site/page.tsx	
flavors/timetable/components/site/scene-poster.tsx	edition:components/site	flavors/press/components/site/scene-poster.tsx	flavors/press/components/site/scene-poster.tsx	
flavors/timetable/components/site/scene-slot.tsx	edition:components/site	flavors/drawing-set/components/site/scene-slot.tsx; flavors/press/components/site/scene-slot.tsx	flavors/drawing-set/components/site/scene-slot.tsx; flavors/press/components/site/scene-slot.tsx; flavors/survey/components/scene/scene-slot.tsx	
flavors/timetable/components/site/site-footer.tsx	edition:components/site	flavors/drawing-set/components/site/site-footer.tsx; flavors/minimal/components/site/site-footer.tsx; flavors/press/components/site/site-footer.tsx; flavors/surface/components/site/site-footer.tsx; flavors/survey/components/site/site-footer.tsx	flavors/drawing-set/components/site/site-footer.tsx; flavors/minimal/components/site/site-footer.tsx; flavors/press/components/site/site-footer.tsx; flavors/surface/components/site/site-footer.tsx; flavors/survey/components/site/site-footer.tsx	
flavors/timetable/components/site/site-header.tsx	edition:components/site	flavors/drawing-set/components/site/site-header.tsx; flavors/minimal/components/site/site-header.tsx; flavors/press/components/site/site-header.tsx; flavors/surface/components/site/site-header.tsx; flavors/survey/components/site/site-header.tsx	flavors/drawing-set/components/site/site-header.tsx; flavors/minimal/components/site/site-header.tsx; flavors/press/components/site/site-header.tsx; flavors/surface/components/site/site-header.tsx; flavors/survey/components/site/site-header.tsx	
flavors/timetable/components/site/skip-link.tsx	edition:components/site	flavors/drawing-set/components/site/skip-link.tsx; flavors/minimal/components/site/skip-link.tsx; flavors/press/components/site/skip-link.tsx; flavors/survey/components/site/skip-link.tsx	flavors/drawing-set/components/site/skip-link.tsx; flavors/minimal/components/site/skip-link.tsx; flavors/press/components/site/skip-link.tsx; flavors/survey/components/site/skip-link.tsx	
flavors/timetable/components/ui/arrow-link.tsx	edition:components/ui	flavors/drawing-set/components/ui/arrow-link.tsx; flavors/minimal/components/ui/arrow-link.tsx; flavors/survey/components/ui/arrow-link.tsx	flavors/drawing-set/components/ui/arrow-link.tsx; flavors/minimal/components/ui/arrow-link.tsx; flavors/survey/components/ui/arrow-link.tsx	
flavors/timetable/components/ui/button.tsx	edition:components/ui	flavors/drawing-set/components/ui/button.tsx; flavors/minimal/components/ui/button.tsx; flavors/press/components/ui/button.tsx; flavors/survey/components/ui/button.tsx	flavors/drawing-set/components/ui/button.tsx; flavors/minimal/components/ui/button.tsx; flavors/press/components/ui/button.tsx; flavors/survey/components/ui/button.tsx	
flavors/timetable/components/ui/container.tsx	edition:components/ui	flavors/drawing-set/components/ui/container.tsx; flavors/press/components/ui/container.tsx; flavors/survey/components/ui/container.tsx	flavors/drawing-set/components/ui/container.tsx; flavors/minimal/components/site/container.tsx; flavors/press/components/ui/container.tsx; flavors/survey/components/ui/container.tsx	
flavors/timetable/components/ui/dialog.tsx	edition:components/ui	flavors/drawing-set/components/ui/dialog.tsx; flavors/press/components/ui/dialog.tsx; flavors/survey/components/ui/dialog.tsx	flavors/drawing-set/components/ui/dialog.tsx; flavors/press/components/ui/dialog.tsx; flavors/survey/components/ui/dialog.tsx	
flavors/timetable/components/ui/disclosure.module.css	edition:components/ui	flavors/drawing-set/components/ui/disclosure.module.css; flavors/minimal/components/ui/disclosure.module.css; flavors/survey/components/ui/disclosure.module.css	flavors/drawing-set/components/ui/disclosure.module.css; flavors/minimal/components/ui/disclosure.module.css; flavors/survey/components/ui/disclosure.module.css	flavors/drawing-set/components/ui/disclosure.module.css
flavors/timetable/components/ui/disclosure.tsx	edition:components/ui	flavors/drawing-set/components/ui/disclosure.tsx; flavors/minimal/components/ui/disclosure.tsx; flavors/press/components/ui/disclosure.tsx; flavors/survey/components/ui/disclosure.tsx	flavors/drawing-set/components/ui/disclosure.tsx; flavors/minimal/components/ui/disclosure.tsx; flavors/press/components/ui/disclosure.tsx; flavors/survey/components/ui/disclosure.tsx	
flavors/timetable/components/ui/external-link.tsx	edition:components/ui	flavors/drawing-set/components/ui/external-link.tsx; flavors/minimal/components/ui/external-link.tsx; flavors/press/components/ui/external-link.tsx; flavors/survey/components/ui/external-link.tsx	flavors/drawing-set/components/ui/external-link.tsx; flavors/minimal/components/ui/external-link.tsx; flavors/press/components/ui/external-link.tsx; flavors/survey/components/ui/external-link.tsx	
flavors/timetable/components/ui/flap-text.tsx	edition:components/ui			
flavors/timetable/components/ui/index.ts	edition:components/ui	flavors/drawing-set/components/ui/index.ts	flavors/drawing-set/components/command/index.ts; flavors/drawing-set/components/customize/index.ts; flavors/drawing-set/components/link-preview/index.ts; flavors/drawing-set/components/site/index.ts; flavors/drawing-set/components/ui/index.ts; flavors/drawing-set/components/visitor-counter/index.ts; flavors/press/components/command/index.ts; flavors/press/components/customize/index.ts; flavors/survey/components/command/index.ts; flavors/survey/components/customize/index.ts; flavors/survey/components/link-preview/index.ts; flavors/survey/components/site/index.ts; flavors/survey/components/visitor-counter/index.ts; flavors/timetable/components/command/index.ts; flavors/timetable/components/customize/index.ts; flavors/timetable/components/link-preview/index.ts; flavors/timetable/components/site/index.ts; flavors/timetable/components/visitor-counter/index.ts; lib/data/index.ts; lib/markdown/index.ts	
flavors/timetable/components/ui/kbd.tsx	edition:components/ui	flavors/drawing-set/components/ui/kbd.tsx; flavors/minimal/components/ui/kbd.tsx; flavors/press/components/ui/kbd.tsx; flavors/survey/components/ui/kbd.tsx	flavors/drawing-set/components/ui/kbd.tsx; flavors/minimal/components/ui/kbd.tsx; flavors/press/components/ui/kbd.tsx; flavors/survey/components/ui/kbd.tsx	
flavors/timetable/components/ui/line-badge.tsx	edition:components/ui			
flavors/timetable/components/ui/meta-list.tsx	edition:components/ui	flavors/drawing-set/components/ui/meta-list.tsx; flavors/minimal/components/ui/meta-list.tsx; flavors/survey/components/ui/meta-list.tsx	flavors/drawing-set/components/ui/meta-list.tsx; flavors/minimal/components/ui/meta-list.tsx; flavors/survey/components/ui/meta-list.tsx	
flavors/timetable/components/ui/page-header.tsx	edition:components/ui	flavors/drawing-set/components/ui/page-header.tsx; flavors/press/components/ui/page-header.tsx; flavors/survey/components/ui/page-header.tsx	flavors/drawing-set/components/ui/page-header.tsx; flavors/minimal/components/site/page-header.tsx; flavors/press/components/ui/page-header.tsx; flavors/survey/components/ui/page-header.tsx	
flavors/timetable/components/ui/popover.tsx	edition:components/ui	flavors/drawing-set/components/ui/popover.tsx; flavors/minimal/components/ui/popover.tsx; flavors/press/components/ui/popover.tsx; flavors/survey/components/ui/popover.tsx	flavors/drawing-set/components/ui/popover.tsx; flavors/minimal/components/ui/popover.tsx; flavors/press/components/ui/popover.tsx; flavors/survey/components/ui/popover.tsx	
flavors/timetable/components/ui/rich-text.tsx	edition:components/ui	flavors/drawing-set/components/ui/rich-text.tsx; flavors/press/components/ui/rich-text.tsx; flavors/surface/components/ui/rich-text.tsx; flavors/survey/components/ui/rich-text.tsx	flavors/drawing-set/components/ui/rich-text.tsx; flavors/press/components/ui/rich-text.tsx; flavors/surface/components/ui/rich-text.tsx; flavors/survey/components/ui/rich-text.tsx	
flavors/timetable/components/ui/row-filter.tsx	edition:components/ui	flavors/survey/components/ui/row-filter.tsx	flavors/survey/components/ui/row-filter.tsx	
flavors/timetable/components/ui/section-head.tsx	edition:components/ui	flavors/press/components/ui/section-head.tsx; flavors/survey/components/ui/section-head.tsx	flavors/press/components/ui/section-head.tsx; flavors/surface/components/home/section-head.tsx; flavors/survey/components/ui/section-head.tsx	
flavors/timetable/components/ui/section.tsx	edition:components/ui	flavors/drawing-set/components/ui/section.tsx; flavors/survey/components/ui/section.tsx	flavors/drawing-set/components/ui/section.tsx; flavors/minimal/components/site/section.tsx; flavors/survey/components/ui/section.tsx	
flavors/timetable/components/ui/segmented-control.tsx	edition:components/ui	flavors/drawing-set/components/ui/segmented-control.tsx; flavors/minimal/components/ui/segmented-control.tsx; flavors/press/components/ui/segmented-control.tsx; flavors/survey/components/ui/segmented-control.tsx	flavors/drawing-set/components/ui/segmented-control.tsx; flavors/minimal/components/ui/segmented-control.tsx; flavors/press/components/ui/segmented-control.tsx; flavors/survey/components/ui/segmented-control.tsx	
flavors/timetable/components/ui/switch.tsx	edition:components/ui	flavors/drawing-set/components/ui/switch.tsx; flavors/minimal/components/ui/switch.tsx; flavors/press/components/ui/switch.tsx; flavors/survey/components/ui/switch.tsx	flavors/drawing-set/components/ui/switch.tsx; flavors/minimal/components/ui/switch.tsx; flavors/press/components/ui/switch.tsx; flavors/survey/components/ui/switch.tsx	
flavors/timetable/components/ui/tag.tsx	edition:components/ui	flavors/drawing-set/components/ui/tag.tsx; flavors/minimal/components/ui/tag.tsx; flavors/survey/components/ui/tag.tsx	flavors/drawing-set/components/ui/tag.tsx; flavors/minimal/components/ui/tag.tsx; flavors/survey/components/ui/tag.tsx	
flavors/timetable/components/ui/visually-hidden.tsx	edition:components/ui	flavors/drawing-set/components/ui/visually-hidden.tsx; flavors/survey/components/ui/visually-hidden.tsx	flavors/drawing-set/components/ui/visually-hidden.tsx; flavors/survey/components/ui/visually-hidden.tsx	
flavors/timetable/components/visitor-counter/index.ts	edition:components/visitor-counter	flavors/drawing-set/components/visitor-counter/index.ts; flavors/survey/components/visitor-counter/index.ts	flavors/drawing-set/components/command/index.ts; flavors/drawing-set/components/customize/index.ts; flavors/drawing-set/components/link-preview/index.ts; flavors/drawing-set/components/site/index.ts; flavors/drawing-set/components/ui/index.ts; flavors/drawing-set/components/visitor-counter/index.ts; flavors/press/components/command/index.ts; flavors/press/components/customize/index.ts; flavors/survey/components/command/index.ts; flavors/survey/components/customize/index.ts; flavors/survey/components/link-preview/index.ts; flavors/survey/components/site/index.ts; flavors/survey/components/visitor-counter/index.ts; flavors/timetable/components/command/index.ts; flavors/timetable/components/customize/index.ts; flavors/timetable/components/link-preview/index.ts; flavors/timetable/components/site/index.ts; flavors/timetable/components/ui/index.ts; lib/data/index.ts; lib/markdown/index.ts	flavors/drawing-set/components/visitor-counter/index.ts; flavors/survey/components/visitor-counter/index.ts
flavors/timetable/components/visitor-counter/visitor-counter.tsx	edition:components/visitor-counter	flavors/drawing-set/components/visitor-counter/visitor-counter.tsx; flavors/minimal/components/visitor-counter/visitor-counter.tsx; flavors/press/components/visitor-counter/visitor-counter.tsx; flavors/survey/components/visitor-counter/visitor-counter.tsx	flavors/drawing-set/components/visitor-counter/visitor-counter.tsx; flavors/minimal/components/visitor-counter/visitor-counter.tsx; flavors/press/components/visitor-counter/visitor-counter.tsx; flavors/survey/components/visitor-counter/visitor-counter.tsx	
flavors/timetable/components/work/line-guide.tsx	edition:components/work			
flavors/timetable/content.ts	edition:content.ts	flavors/drawing-set/content.ts; flavors/minimal/content.ts; flavors/press/content.ts; flavors/surface/content.ts; flavors/survey/content.ts	flavors/drawing-set/content.ts; flavors/minimal/content.ts; flavors/press/content.ts; flavors/surface/content.ts; flavors/survey/content.ts	
flavors/timetable/lib/__tests__/board.test.ts	edition:lib/__tests__			
flavors/timetable/lib/__tests__/network.test.ts	edition:lib/__tests__			
flavors/timetable/lib/__tests__/prefs-store.test.ts	edition:lib/__tests__	flavors/drawing-set/lib/__tests__/prefs-store.test.ts; flavors/minimal/lib/__tests__/prefs-store.test.ts	flavors/drawing-set/lib/__tests__/prefs-store.test.ts; flavors/minimal/lib/__tests__/prefs-store.test.ts	
flavors/timetable/lib/__tests__/prefs.test.ts	edition:lib/__tests__	flavors/drawing-set/lib/__tests__/prefs.test.ts; flavors/minimal/lib/__tests__/prefs.test.ts; flavors/surface/lib/__tests__/prefs.test.ts	flavors/drawing-set/lib/__tests__/prefs.test.ts; flavors/minimal/lib/__tests__/prefs.test.ts; flavors/surface/lib/__tests__/prefs.test.ts	
flavors/timetable/lib/__tests__/utils.test.ts	edition:lib/__tests__	flavors/drawing-set/lib/__tests__/utils.test.ts; flavors/minimal/lib/__tests__/utils.test.ts; flavors/surface/lib/__tests__/utils.test.ts; flavors/survey/lib/__tests__/utils.test.ts	flavors/drawing-set/lib/__tests__/utils.test.ts; flavors/minimal/lib/__tests__/utils.test.ts; flavors/surface/lib/__tests__/utils.test.ts; flavors/survey/lib/__tests__/utils.test.ts	
flavors/timetable/lib/board.ts	edition:lib/board.ts			
flavors/timetable/lib/fonts.ts	edition:lib/fonts.ts	flavors/drawing-set/lib/fonts.ts; flavors/minimal/lib/fonts.ts; flavors/press/lib/fonts.ts; flavors/surface/lib/fonts.ts; flavors/survey/lib/fonts.ts	flavors/drawing-set/lib/fonts.ts; flavors/minimal/lib/fonts.ts; flavors/picker/fonts.ts; flavors/press/lib/fonts.ts; flavors/surface/lib/fonts.ts; flavors/survey/lib/fonts.ts	
flavors/timetable/lib/network.ts	edition:lib/network.ts			
flavors/timetable/lib/prefs-store.ts	edition:lib/prefs-store.ts	flavors/drawing-set/lib/prefs-store.ts; flavors/minimal/lib/prefs-store.ts; flavors/press/lib/prefs-store.ts; flavors/surface/lib/prefs-store.ts; flavors/survey/lib/prefs-store.ts	flavors/drawing-set/lib/prefs-store.ts; flavors/minimal/lib/prefs-store.ts; flavors/press/lib/prefs-store.ts; flavors/surface/lib/prefs-store.ts; flavors/survey/lib/prefs-store.ts	
flavors/timetable/lib/prefs.ts	edition:lib/prefs.ts	flavors/drawing-set/lib/prefs.ts; flavors/minimal/lib/prefs.ts; flavors/press/lib/prefs.ts; flavors/surface/lib/prefs.ts; flavors/survey/lib/prefs.ts	flavors/drawing-set/lib/prefs.ts; flavors/minimal/lib/prefs.ts; flavors/press/lib/prefs.ts; flavors/surface/lib/prefs.ts; flavors/survey/lib/prefs.ts	
flavors/timetable/lib/scene/__tests__/scene.test.ts	edition:lib/scene	flavors/drawing-set/lib/scene/__tests__/scene.test.ts	flavors/drawing-set/lib/scene/__tests__/scene.test.ts	
flavors/timetable/lib/scene/poses.ts	edition:lib/scene	flavors/drawing-set/lib/scene/poses.ts; flavors/press/lib/scene/poses.ts; flavors/survey/lib/scene/poses.ts	flavors/drawing-set/lib/scene/poses.ts; flavors/press/lib/scene/poses.ts; flavors/survey/lib/scene/poses.ts	
flavors/timetable/lib/utils.ts	edition:lib/utils.ts	flavors/drawing-set/lib/utils.ts; flavors/minimal/lib/utils.ts; flavors/press/lib/utils.ts; flavors/surface/lib/utils.ts; flavors/survey/lib/utils.ts	flavors/drawing-set/lib/utils.ts; flavors/minimal/lib/utils.ts; flavors/press/lib/utils.ts; flavors/surface/lib/utils.ts; flavors/survey/lib/utils.ts	
flavors/timetable/styles.css	edition:styles.css	flavors/drawing-set/styles.css; flavors/minimal/styles.css; flavors/press/styles.css; flavors/surface/styles.css; flavors/survey/styles.css	flavors/drawing-set/styles.css; flavors/minimal/styles.css; flavors/picker/styles.css; flavors/press/styles.css; flavors/surface/styles.css; flavors/survey/styles.css	
lib/__tests__/env.test.ts	lib:__tests__/env.test.ts			
lib/__tests__/flavor-routing.test.ts	lib:__tests__/flavor-routing.test.ts			
lib/__tests__/format.test.ts	lib:__tests__/format.test.ts			
lib/__tests__/normalize.test.ts	lib:__tests__/normalize.test.ts			
lib/__tests__/public-pathname.test.ts	lib:__tests__/public-pathname.test.ts			
lib/ask/__tests__/circuit-breaker.test.ts	lib:ask/__tests__			
lib/ask/__tests__/client.test.ts	lib:ask/__tests__			
lib/ask/__tests__/fields.test.ts	lib:ask/__tests__			
lib/ask/__tests__/heuristics.test.ts	lib:ask/__tests__			
lib/ask/__tests__/http.test.ts	lib:ask/__tests__			
lib/ask/__tests__/identity.test.ts	lib:ask/__tests__			
lib/ask/__tests__/legacy-answer.test.ts	lib:ask/__tests__			
lib/ask/__tests__/limits.test.ts	lib:ask/__tests__			
lib/ask/__tests__/moderation.test.ts	lib:ask/__tests__			
lib/ask/__tests__/owner.test.ts	lib:ask/__tests__			
lib/ask/__tests__/schema.test.ts	lib:ask/__tests__			
lib/ask/__tests__/store.test.ts	lib:ask/__tests__		lib/prefs/__tests__/store.test.ts; lib/visits/__tests__/store.test.ts	
lib/ask/__tests__/submit.test.ts	lib:ask/__tests__			
lib/ask/__tests__/timing.test.ts	lib:ask/__tests__		flavors/minimal/lib/signature/__tests__/timing.test.ts	
lib/ask/circuit-breaker.ts	lib:ask/circuit-breaker.ts			
lib/ask/client.ts	lib:ask/client.ts			
lib/ask/config.ts	lib:ask/config.ts		lib/visits/config.ts	
lib/ask/fields.ts	lib:ask/fields.ts			
lib/ask/format.ts	lib:ask/format.ts		lib/format.ts	
lib/ask/heuristics.ts	lib:ask/heuristics.ts			
lib/ask/http.ts	lib:ask/http.ts			
lib/ask/identity.ts	lib:ask/identity.ts			
lib/ask/legacy-answer.ts	lib:ask/legacy-answer.ts			
lib/ask/limits.ts	lib:ask/limits.ts			
lib/ask/moderation.ts	lib:ask/moderation.ts			
lib/ask/owner-session.ts	lib:ask/owner-session.ts			
lib/ask/owner.ts	lib:ask/owner.ts			
lib/ask/pages/__tests__/load.test.ts	lib:ask/pages		lib/resume/__tests__/load.test.ts	
lib/ask/pages/load.ts	lib:ask/pages		lib/resume/load.ts	
lib/ask/pages/metadata.ts	lib:ask/pages		lib/metadata.ts	
lib/ask/pages/pagination.ts	lib:ask/pages			
lib/ask/response.ts	lib:ask/response.ts		lib/visits/response.ts	
lib/ask/route-helpers.ts	lib:ask/route-helpers.ts			
lib/ask/schema.ts	lib:ask/schema.ts			
lib/ask/slug.ts	lib:ask/slug.ts			
lib/ask/store.ts	lib:ask/store.ts		flavors/surface/lib/knob/store.ts; lib/prefs/store.ts; lib/scene/store.ts; lib/visits/store.ts	
lib/ask/submission-route.ts	lib:ask/submission-route.ts			
lib/ask/submit.ts	lib:ask/submit.ts			
lib/ask/timing.ts	lib:ask/timing.ts		flavors/minimal/lib/signature/timing.ts	
lib/command/__tests__/highlight.test.ts	lib:command/__tests__			
lib/command/__tests__/items.test.ts	lib:command/__tests__		flavors/drawing-set/components/command/__tests__/items.test.ts; flavors/minimal/components/command/__tests__/items.test.ts; flavors/surface/components/command/__tests__/items.test.ts; flavors/timetable/components/command/__tests__/items.test.ts	
lib/command/__tests__/load-index.test.ts	lib:command/__tests__			
lib/command/__tests__/localize-index.test.ts	lib:command/__tests__			
lib/command/__tests__/navigate.test.ts	lib:command/__tests__			
lib/command/__tests__/recent.test.ts	lib:command/__tests__			
lib/command/__tests__/shortcuts.test.ts	lib:command/__tests__		flavors/drawing-set/components/command/__tests__/shortcuts.test.ts; flavors/minimal/components/command/__tests__/shortcuts.test.ts; flavors/press/components/command/__tests__/shortcuts.test.ts; flavors/surface/components/command/__tests__/shortcuts.test.ts; flavors/timetable/components/command/__tests__/shortcuts.test.ts	
lib/command/__tests__/standard-actions.test.ts	lib:command/__tests__			
lib/command/build-index.ts	lib:command/build-index.ts			
lib/command/events.ts	lib:command/events.ts			
lib/command/highlight.ts	lib:command/highlight.ts			
lib/command/items.ts	lib:command/items.ts		flavors/drawing-set/components/command/items.ts; flavors/minimal/components/command/items.ts; flavors/surface/components/command/items.ts; flavors/survey/components/command/items.ts; flavors/timetable/components/command/items.ts	
lib/command/load-index.ts	lib:command/load-index.ts			
lib/command/localize-index.ts	lib:command/localize-index.ts			
lib/command/navigate.ts	lib:command/navigate.ts			
lib/command/recent.ts	lib:command/recent.ts			
lib/command/shortcuts.ts	lib:command/shortcuts.ts		flavors/drawing-set/components/command/shortcuts.ts; flavors/minimal/components/command/shortcuts.ts; flavors/press/components/command/shortcuts.ts; flavors/surface/components/command/shortcuts.ts; flavors/survey/components/command/shortcuts.ts; flavors/timetable/components/command/shortcuts.ts	
lib/command/standard-actions.ts	lib:command/standard-actions.ts			
lib/command/types.ts	lib:command/types.ts		flavors/drawing-set/components/now/types.ts; flavors/minimal/components/signature/types.ts; lib/data/types.ts; lib/lab/types.ts; lib/link-previews/types.ts	
lib/data/__tests__/continuity-lanes.test.ts	lib:data/__tests__			
lib/data/__tests__/dedupe.test.ts	lib:data/__tests__			
lib/data/__tests__/education.test.ts	lib:data/__tests__		lib/markdown/__tests__/education.test.ts	
lib/data/__tests__/experience.test.ts	lib:data/__tests__			
lib/data/__tests__/index.test.ts	lib:data/__tests__			
lib/data/__tests__/mappers.test.ts	lib:data/__tests__			
lib/data/__tests__/profile.test.ts	lib:data/__tests__			
lib/data/__tests__/project-order.test.ts	lib:data/__tests__			
lib/data/__tests__/project-page.test.ts	lib:data/__tests__			
lib/data/__tests__/projects.test.ts	lib:data/__tests__			
lib/data/__tests__/shared.test.ts	lib:data/__tests__			
lib/data/__tests__/stack-slug.test.ts	lib:data/__tests__			
lib/data/changelog.ts	lib:data/changelog.ts		lib/markdown/pages/changelog.ts	
lib/data/continuity-lanes.ts	lib:data/continuity-lanes.ts			
lib/data/dedupe.ts	lib:data/dedupe.ts			
lib/data/education.ts	lib:data/education.ts			
lib/data/experience.ts	lib:data/experience.ts			
lib/data/fallback.ts	lib:data/fallback.ts			
lib/data/group-by-year.ts	lib:data/group-by-year.ts			
lib/data/index.ts	lib:data/index.ts		flavors/drawing-set/components/command/index.ts; flavors/drawing-set/components/customize/index.ts; flavors/drawing-set/components/link-preview/index.ts; flavors/drawing-set/components/site/index.ts; flavors/drawing-set/components/ui/index.ts; flavors/drawing-set/components/visitor-counter/index.ts; flavors/press/components/command/index.ts; flavors/press/components/customize/index.ts; flavors/survey/components/command/index.ts; flavors/survey/components/customize/index.ts; flavors/survey/components/link-preview/index.ts; flavors/survey/components/site/index.ts; flavors/survey/components/visitor-counter/index.ts; flavors/timetable/components/command/index.ts; flavors/timetable/components/customize/index.ts; flavors/timetable/components/link-preview/index.ts; flavors/timetable/components/site/index.ts; flavors/timetable/components/ui/index.ts; flavors/timetable/components/visitor-counter/index.ts; lib/markdown/index.ts	
lib/data/labels.ts	lib:data/labels.ts		flavors/press/components/ask/labels.ts	
lib/data/natural-keys.ts	lib:data/natural-keys.ts			
lib/data/now.ts	lib:data/now.ts		lib/markdown/pages/now.ts	
lib/data/profile.ts	lib:data/profile.ts			
lib/data/project-order.ts	lib:data/project-order.ts			
lib/data/project-page.ts	lib:data/project-page.ts			
lib/data/projects.ts	lib:data/projects.ts		lib/markdown/pages/projects.ts	
lib/data/questions.ts	lib:data/questions.ts		lib/markdown/questions.ts	
lib/data/shared.ts	lib:data/shared.ts			
lib/data/skills.ts	lib:data/skills.ts			
lib/data/stack-slug.ts	lib:data/stack-slug.ts			
lib/data/types.ts	lib:data/types.ts		flavors/drawing-set/components/now/types.ts; flavors/minimal/components/signature/types.ts; lib/command/types.ts; lib/lab/types.ts; lib/link-previews/types.ts	
lib/env.server.ts	lib:env.server.ts			
lib/env.ts	lib:env.ts			
lib/flavor-routing.ts	lib:flavor-routing.ts			
lib/format.ts	lib:format.ts		lib/ask/format.ts	
lib/lab/accent.ts	lib:lab/accent.ts		flavors/drawing-set/lib/scene/accent.ts	
lib/lab/signature-field/field.ts	lib:lab/signature-field			
lib/lab/signature-field/sample-wordmark.ts	lib:lab/signature-field			
lib/lab/signature-field/shaders.ts	lib:lab/signature-field		flavors/survey/components/scene/shaders.ts	
lib/lab/signature-field/signature-material.ts	lib:lab/signature-field			
lib/lab/signature-field/word.ts	lib:lab/signature-field			
lib/lab/types.ts	lib:lab/types.ts		flavors/drawing-set/components/now/types.ts; flavors/minimal/components/signature/types.ts; lib/command/types.ts; lib/data/types.ts; lib/link-previews/types.ts	
lib/lab/use-webgl-support.ts	lib:lab/use-webgl-support.ts			
lib/link-previews/__tests__/fixtures/github-repo.txt	lib:link-previews/__tests__			
lib/link-previews/__tests__/fixtures/hostile.txt	lib:link-previews/__tests__			
lib/link-previews/__tests__/fixtures/relative-image.txt	lib:link-previews/__tests__			
lib/link-previews/__tests__/fixtures/title-only.txt	lib:link-previews/__tests__			
lib/link-previews/__tests__/og-image-path.test.ts	lib:link-previews/__tests__			
lib/link-previews/__tests__/parse.test.ts	lib:link-previews/__tests__			
lib/link-previews/__tests__/rules.test.ts	lib:link-previews/__tests__			
lib/link-previews/__tests__/url.test.ts	lib:link-previews/__tests__			
lib/link-previews/build.ts	lib:link-previews/build.ts			
lib/link-previews/client/__tests__/preview-target.test.ts	lib:link-previews/client			
lib/link-previews/client/load-previews.ts	lib:link-previews/client			
lib/link-previews/client/preview-target.ts	lib:link-previews/client			
lib/link-previews/fetch.ts	lib:link-previews/fetch.ts			
lib/link-previews/og-image-path.ts	lib:link-previews/og-image-path.ts			
lib/link-previews/parse.ts	lib:link-previews/parse.ts			
lib/link-previews/rules.ts	lib:link-previews/rules.ts			
lib/link-previews/types.ts	lib:link-previews/types.ts		flavors/drawing-set/components/now/types.ts; flavors/minimal/components/signature/types.ts; lib/command/types.ts; lib/data/types.ts; lib/lab/types.ts	
lib/link-previews/url.ts	lib:link-previews/url.ts		lib/url.ts	
lib/markdown/__tests__/ask-entry.test.ts	lib:markdown/__tests__			
lib/markdown/__tests__/education.test.ts	lib:markdown/__tests__		lib/data/__tests__/education.test.ts	
lib/markdown/__tests__/escape.test.ts	lib:markdown/__tests__			
lib/markdown/__tests__/pages.test.ts	lib:markdown/__tests__			
lib/markdown/__tests__/portable-text.test.ts	lib:markdown/__tests__			
lib/markdown/__tests__/questions.test.ts	lib:markdown/__tests__			
lib/markdown/__tests__/slugs.test.ts	lib:markdown/__tests__			
lib/markdown/__tests__/work-notes.test.ts	lib:markdown/__tests__			
lib/markdown/document.ts	lib:markdown/document.ts			
lib/markdown/escape.ts	lib:markdown/escape.ts			
lib/markdown/fragments.ts	lib:markdown/fragments.ts			
lib/markdown/index.ts	lib:markdown/index.ts		flavors/drawing-set/components/command/index.ts; flavors/drawing-set/components/customize/index.ts; flavors/drawing-set/components/link-preview/index.ts; flavors/drawing-set/components/site/index.ts; flavors/drawing-set/components/ui/index.ts; flavors/drawing-set/components/visitor-counter/index.ts; flavors/press/components/command/index.ts; flavors/press/components/customize/index.ts; flavors/survey/components/command/index.ts; flavors/survey/components/customize/index.ts; flavors/survey/components/link-preview/index.ts; flavors/survey/components/site/index.ts; flavors/survey/components/visitor-counter/index.ts; flavors/timetable/components/command/index.ts; flavors/timetable/components/customize/index.ts; flavors/timetable/components/link-preview/index.ts; flavors/timetable/components/site/index.ts; flavors/timetable/components/ui/index.ts; flavors/timetable/components/visitor-counter/index.ts; lib/data/index.ts	
lib/markdown/llms-txt.ts	lib:markdown/llms-txt.ts			
lib/markdown/pages/about.ts	lib:markdown/pages			
lib/markdown/pages/ask.ts	lib:markdown/pages			
lib/markdown/pages/changelog.ts	lib:markdown/pages		lib/data/changelog.ts	
lib/markdown/pages/home.ts	lib:markdown/pages			
lib/markdown/pages/lab.ts	lib:markdown/pages			
lib/markdown/pages/now.ts	lib:markdown/pages		lib/data/now.ts	
lib/markdown/pages/projects.ts	lib:markdown/pages		lib/data/projects.ts	
lib/markdown/pages/resume.ts	lib:markdown/pages			
lib/markdown/pages/work.ts	lib:markdown/pages			
lib/markdown/portable-text.ts	lib:markdown/portable-text.ts			
lib/markdown/questions.ts	lib:markdown/questions.ts		lib/data/questions.ts	
lib/markdown/slugs.ts	lib:markdown/slugs.ts			
lib/metadata.ts	lib:metadata.ts		lib/ask/pages/metadata.ts	
lib/motion/entrance.ts	lib:motion/entrance.ts			
lib/motion/gsap.ts	lib:motion/gsap.ts			
lib/motion/pointer.ts	lib:motion/pointer.ts			
lib/motion/scroll.ts	lib:motion/scroll.ts			
lib/normalize.ts	lib:normalize.ts			
lib/prefs/__tests__/standard.test.ts	lib:prefs/__tests__			
lib/prefs/__tests__/store.test.ts	lib:prefs/__tests__		lib/ask/__tests__/store.test.ts; lib/visits/__tests__/store.test.ts	
lib/prefs/__tests__/theme-color.test.ts	lib:prefs/__tests__			
lib/prefs/standard.ts	lib:prefs/standard.ts			
lib/prefs/store.ts	lib:prefs/store.ts		flavors/surface/lib/knob/store.ts; lib/ask/store.ts; lib/scene/store.ts; lib/visits/store.ts	
lib/prefs/theme-color.ts	lib:prefs/theme-color.ts			
lib/public-pathname.ts	lib:public-pathname.ts			
lib/resume/__tests__/hosted-resume.test.ts	lib:resume/__tests__			
lib/resume/__tests__/load.test.ts	lib:resume/__tests__		lib/ask/pages/__tests__/load.test.ts	
lib/resume/hosted-resume.ts	lib:resume/hosted-resume.ts			
lib/resume/load.ts	lib:resume/load.ts		lib/ask/pages/load.ts	
lib/scene/__tests__/tier.test.ts	lib:scene/__tests__			
lib/scene/clock.ts	lib:scene/clock.ts			
lib/scene/colors.ts	lib:scene/colors.ts			
lib/scene/dom.ts	lib:scene/dom.ts			
lib/scene/session.tsx	lib:scene/session.tsx			
lib/scene/store.ts	lib:scene/store.ts		flavors/surface/lib/knob/store.ts; lib/ask/store.ts; lib/prefs/store.ts; lib/visits/store.ts	
lib/scene/tier.ts	lib:scene/tier.ts			
lib/sound.ts	lib:sound.ts			
lib/url.ts	lib:url.ts		lib/link-previews/url.ts	
lib/visits/__tests__/bots.test.ts	lib:visits/__tests__			
lib/visits/__tests__/handler.test.ts	lib:visits/__tests__			
lib/visits/__tests__/rate-limit.test.ts	lib:visits/__tests__			
lib/visits/__tests__/seen-cookie.test.ts	lib:visits/__tests__			
lib/visits/__tests__/store.test.ts	lib:visits/__tests__		lib/ask/__tests__/store.test.ts; lib/prefs/__tests__/store.test.ts	
lib/visits/bots.ts	lib:visits/bots.ts			
lib/visits/config.ts	lib:visits/config.ts		lib/ask/config.ts	
lib/visits/handler.ts	lib:visits/handler.ts			
lib/visits/rate-limit.ts	lib:visits/rate-limit.ts			
lib/visits/response.ts	lib:visits/response.ts		lib/ask/response.ts	
lib/visits/seen-cookie.ts	lib:visits/seen-cookie.ts			
lib/visits/store.ts	lib:visits/store.ts		flavors/surface/lib/knob/store.ts; lib/ask/store.ts; lib/prefs/store.ts; lib/scene/store.ts	
